CreditScore,Geography,Gender,Age,Tenure,Balance,NumOfProducts,HasCrCard,IsActiveMember,EstimatedSalary,Satisfaction Score,Card Type,Point Earned
709,Spain,Male,35,2,0.0,2,1,0,104982.39,2,GOLD,422
744,France,Male,29,1,43504.42,1,1,1,119327.75,1,PLATINUM,607
773,France,Male,64,2,145578.28,1,0,1,186172.85,1,SILVER,630
646,Germany,Female,29,4,105957.44,1,1,0,15470.91,1,PLATINUM,345
675,France,Female,57,8,0.0,2,0,1,95463.29,3,SILVER,632
745,Germany,Male,48,10,96048.55,1,1,0,74510.65,1,PLATINUM,701
507,Germany,Male,31,2,134237.07,1,1,1,166423.66,3,PLATINUM,481
714,Germany,Male,53,1,99141.86,1,1,1,72496.05,3,PLATINUM,1000
558,France,Female,45,1,153697.53,2,0,0,89891.4,2,SILVER,351
643,Spain,Female,35,6,0.0,2,1,1,41549.64,1,PLATINUM,704
683,France,Female,42,8,0.0,2,0,1,198134.9,1,PLATINUM,919
477,Germany,Male,48,8,129250.0,2,1,1,157937.35,1,PLATINUM,885
725,Germany,Male,19,0,75888.2,1,0,0,45613.75,2,PLATINUM,406
570,Germany,Female,57,5,86568.75,1,0,1,103660.31,5,SILVER,307
643,France,Male,36,0,148159.71,1,0,0,55835.66,1,SILVER,309
632,Germany,Male,42,6,59972.26,2,0,1,148172.94,1,SILVER,491
774,Spain,Female,36,8,117152.3,1,0,0,101828.39,4,GOLD,707
710,Germany,Male,45,9,108231.37,1,1,1,188574.08,5,GOLD,965
608,France,Male,33,9,89968.69,1,1,0,68777.26,3,GOLD,614
542,France,Female,43,8,145618.37,1,0,1,10350.74,3,PLATINUM,292
711,France,Male,52,5,0.0,1,1,1,159808.95,2,SILVER,258
757,Germany,Female,34,1,129398.01,2,0,0,44965.44,4,PLATINUM,276
743,Germany,Female,35,1,146781.24,1,1,0,189307.7,2,DIAMOND,273
561,France,Male,21,4,0.0,1,1,1,36942.35,3,DIAMOND,699
850,France,Male,32,4,156001.68,2,1,1,151677.31,1,GOLD,882
395,Germany,Female,34,5,106011.59,1,1,1,17376.57,3,GOLD,549
706,Spain,Male,57,7,0.0,1,1,0,17941.16,1,GOLD,701
648,Germany,Female,45,5,118886.55,1,0,0,51636.7,4,SILVER,609
528,France,Female,27,7,176227.07,2,0,1,139481.53,1,GOLD,875
828,Spain,Male,28,8,134766.85,1,1,0,79355.87,3,GOLD,738
850,France,Female,34,4,71379.53,2,1,1,154000.99,4,DIAMOND,827
652,Germany,Male,41,9,159434.03,1,1,0,178373.93,5,GOLD,856
667,France,Female,38,6,144432.04,1,1,1,73963.17,1,SILVER,403
682,France,Female,26,0,110654.02,1,0,1,111879.21,2,PLATINUM,899
781,Spain,Male,33,3,0.0,2,1,1,42556.33,2,GOLD,989
667,France,Male,31,3,99513.91,1,1,1,189657.26,3,GOLD,962
602,Germany,Female,43,2,113641.49,4,1,0,115116.35,2,GOLD,679
434,Spain,Male,55,6,0.0,1,0,1,73562.05,5,PLATINUM,821
702,Spain,Male,44,9,0.0,1,0,0,59207.41,4,DIAMOND,977
772,Germany,Female,51,9,143930.92,1,0,1,46675.51,1,DIAMOND,937
527,Spain,Female,35,8,0.0,1,1,0,98031.53,4,GOLD,277
661,Germany,Male,35,8,124098.54,1,1,0,86678.48,2,SILVER,393
641,France,Female,35,4,0.0,2,0,0,125986.18,4,PLATINUM,757
629,France,Female,33,6,0.0,2,1,1,59129.72,5,SILVER,632
490,France,Male,39,1,0.0,3,1,0,171060.01,3,PLATINUM,506
847,France,Male,66,7,123760.68,1,0,1,53157.16,1,GOLD,757
550,France,Male,22,6,154377.3,1,1,1,51721.52,2,GOLD,491
666,Germany,Male,71,1,53013.29,2,1,1,112222.64,1,GOLD,419
540,Spain,Male,39,1,0.0,1,0,1,108419.41,2,DIAMOND,727
749,France,Female,27,9,0.0,2,1,0,132734.87,4,PLATINUM,739
628,Spain,Female,33,3,0.0,1,1,1,188193.25,4,GOLD,240
650,Germany,Female,25,2,114330.95,1,1,1,25325.07,1,DIAMOND,876
626,France,Female,37,2,133968.96,2,1,0,148689.65,2,DIAMOND,321
814,France,Female,48,7,0.0,2,1,1,132870.15,1,GOLD,260
534,Spain,Female,33,3,151233.62,1,0,0,199336.63,5,PLATINUM,472
774,France,Female,35,3,121418.62,1,1,1,24400.37,4,DIAMOND,981
613,Spain,Male,19,5,0.0,1,1,1,176903.35,1,SILVER,327
472,Spain,Female,28,4,0.0,2,1,0,1801.77,3,DIAMOND,633
632,Germany,Male,41,3,126550.7,1,0,0,177644.52,3,PLATINUM,324
590,Germany,Female,27,8,123599.49,2,1,0,1676.92,1,SILVER,971
440,France,Male,42,2,0.0,2,1,0,49826.68,4,PLATINUM,260
775,Germany,Female,33,1,118897.1,2,1,1,26362.4,2,SILVER,253
755,France,Female,78,5,121206.96,1,1,1,76016.49,5,PLATINUM,554
620,Germany,Male,40,5,108197.11,2,1,0,49722.34,5,SILVER,951
776,France,Male,37,2,0.0,1,0,1,8065.0,3,SILVER,846
628,France,Male,34,4,158741.43,2,1,1,126192.54,3,PLATINUM,983
711,France,Male,58,9,91285.13,2,1,1,26767.85,3,DIAMOND,949
667,Spain,Male,71,4,137260.78,1,0,1,94433.08,2,DIAMOND,915
506,France,Female,57,6,0.0,2,0,1,194421.12,2,DIAMOND,844
797,France,Male,29,1,0.0,1,0,1,149991.32,5,GOLD,752
580,France,Female,56,1,131368.3,1,1,0,106918.67,1,SILVER,796
669,France,Male,39,3,119452.03,1,1,1,171575.54,4,DIAMOND,784
663,Spain,Male,33,9,0.0,2,0,0,91514.62,5,PLATINUM,868
604,France,Female,47,8,62094.71,3,0,0,9308.1,5,PLATINUM,430
638,Spain,Male,30,9,136808.53,2,1,1,106642.97,5,GOLD,946
778,Spain,Male,40,8,104291.41,2,1,1,117507.11,5,GOLD,998
747,France,Male,42,4,80214.36,1,1,0,115241.96,5,SILVER,387
612,Germany,Male,42,5,141927.1,1,1,1,43018.98,5,GOLD,299
850,Germany,Female,27,8,111837.78,2,1,1,110805.79,1,GOLD,521
636,Germany,Female,48,3,120568.41,1,1,0,190160.04,2,SILVER,981
725,France,Female,25,9,0.0,2,1,1,168607.74,2,SILVER,922
671,Spain,Female,29,6,0.0,2,0,0,12048.67,2,GOLD,328
782,Spain,Male,23,10,98052.66,1,1,1,142587.32,3,PLATINUM,565
594,Spain,Female,24,0,97378.54,1,1,1,71405.17,2,DIAMOND,431
633,France,Male,37,2,0.0,2,1,0,182258.17,3,DIAMOND,918
600,France,Female,26,6,108909.12,1,1,0,82547.01,4,SILVER,804
819,Spain,Female,28,8,168253.21,1,1,1,102799.14,4,PLATINUM,230
767,France,Female,35,9,0.0,2,1,0,39511.61,1,DIAMOND,981
559,France,Female,46,5,0.0,1,1,0,21006.1,1,DIAMOND,486
609,Spain,Male,53,10,0.0,1,1,1,154642.91,3,SILVER,498
570,France,Female,61,6,142105.35,1,1,1,45214.04,1,SILVER,309
555,Spain,Male,50,7,128061.0,2,1,1,62375.1,4,GOLD,977
465,Germany,Male,53,1,117438.17,1,0,0,74898.8,2,SILVER,954
743,Germany,Female,34,1,131736.88,1,1,1,108543.21,5,GOLD,514
589,Germany,Female,41,7,92618.62,1,1,1,101178.85,5,SILVER,235
735,Spain,Male,29,10,0.0,2,1,1,95025.27,2,DIAMOND,439
665,Spain,Female,42,2,156371.61,2,0,1,156774.94,3,DIAMOND,553
577,France,Female,30,8,92472.1,2,0,1,126434.61,4,SILVER,569
793,Germany,Female,32,1,96408.98,1,1,1,138191.81,5,DIAMOND,338
680,Spain,Male,35,9,0.0,2,0,0,143774.06,5,PLATINUM,590
598,Spain,Female,64,1,62979.93,1,1,1,152273.57,5,GOLD,291
704,Spain,Male,24,10,122109.78,1,1,1,127654.37,3,PLATINUM,306
485,France,Male,37,5,0.0,2,0,1,170226.47,4,SILVER,735
637,Spain,Female,22,5,98800.0,1,1,0,122865.55,2,SILVER,430
779,France,Female,29,3,46388.16,3,1,0,127939.26,3,DIAMOND,922
803,France,Female,65,2,151659.52,2,0,1,6930.17,5,PLATINUM,321
782,France,Male,39,8,0.0,2,1,1,33949.67,3,PLATINUM,424
832,France,Female,27,10,98590.25,1,1,0,30912.89,1,SILVER,726
622,Spain,Female,46,4,107073.27,2,1,1,30984.59,3,GOLD,299
672,France,Male,31,6,91125.75,1,1,0,177295.92,4,DIAMOND,597
714,Germany,Male,39,3,149887.49,2,1,0,63846.36,4,SILVER,235
679,Germany,Male,35,1,130463.55,2,1,1,37341.17,2,PLATINUM,606
607,France,Female,49,9,119960.29,2,1,0,103068.22,2,PLATINUM,768
702,France,Male,45,0,80793.58,1,1,1,27474.81,2,DIAMOND,994
645,Germany,Male,33,8,149564.61,1,0,0,149913.84,1,PLATINUM,256
427,Spain,Female,39,9,0.0,2,1,0,28368.37,2,DIAMOND,489
755,France,Female,28,7,124540.28,1,0,1,188850.89,3,GOLD,691
602,France,Female,29,3,88814.4,2,1,1,62487.97,3,SILVER,241
716,France,Male,39,1,70657.61,2,1,1,76476.05,3,GOLD,421
467,Germany,Male,51,10,114514.71,2,1,0,177784.68,2,SILVER,681
584,Spain,Female,50,1,0.0,1,0,1,152567.75,2,SILVER,290
629,France,Female,37,10,99546.25,3,0,1,25136.95,1,PLATINUM,878
567,Spain,Male,35,8,153137.74,1,1,0,88659.07,2,PLATINUM,549
618,France,Female,24,7,128736.39,1,0,1,37147.61,2,DIAMOND,517
688,Spain,Female,24,3,0.0,2,1,1,102195.16,5,DIAMOND,739
748,France,Male,60,0,152335.7,1,1,0,126743.33,5,SILVER,468
505,France,Male,26,8,112972.57,1,1,0,145011.62,2,PLATINUM,591
586,France,Female,43,8,132558.26,1,1,0,67046.83,2,SILVER,230
597,Germany,Female,72,6,124978.19,2,1,1,7144.46,2,PLATINUM,374
586,France,Female,60,3,47020.65,2,0,1,63241.21,3,PLATINUM,850
618,France,Female,37,5,96652.86,1,1,0,98686.4,3,DIAMOND,383
610,France,Female,57,7,72092.95,4,0,1,113228.82,2,GOLD,900
637,Spain,Male,43,3,172196.23,1,1,1,104769.96,4,GOLD,550
706,France,Male,34,8,0.0,2,1,1,37479.97,1,DIAMOND,798
737,France,Female,70,9,87542.89,2,1,1,42576.86,4,DIAMOND,631
640,France,Female,47,6,89799.46,2,0,1,13783.77,4,PLATINUM,857
772,Spain,Male,36,3,112029.83,1,1,1,186948.35,2,SILVER,776
785,Germany,Female,32,3,124493.03,2,0,1,52583.79,1,DIAMOND,839
459,Germany,Male,50,5,109387.9,1,1,0,155721.15,3,PLATINUM,894
512,Germany,Female,40,8,153537.57,2,0,0,23101.13,4,DIAMOND,447
654,France,Male,29,2,91955.61,1,1,0,37065.66,2,DIAMOND,375
528,France,Male,31,6,102016.72,2,0,0,80181.12,3,GOLD,264
682,France,Male,50,6,121818.84,2,0,1,124151.37,1,SILVER,813
833,Spain,Male,32,6,0.0,1,1,1,44323.22,4,GOLD,775
615,Spain,Female,29,7,143330.56,2,1,1,126396.01,1,DIAMOND,229
752,Germany,Male,32,9,115587.49,2,0,1,101677.46,5,DIAMOND,722
729,France,Male,39,4,121404.64,1,1,1,159618.17,3,GOLD,797
485,France,Female,27,3,0.0,2,1,0,141449.86,5,SILVER,901
609,Spain,Male,61,1,0.0,1,1,0,22447.85,5,PLATINUM,400
850,Spain,Female,50,10,0.0,2,1,1,33741.84,2,PLATINUM,802
431,Germany,Female,44,2,138843.7,1,1,0,37688.31,5,PLATINUM,777
700,France,Female,82,2,0.0,2,0,1,182055.36,2,GOLD,603
703,Spain,Male,29,9,0.0,2,1,0,50679.48,3,DIAMOND,242
775,Germany,Female,74,0,161371.5,1,1,1,134869.93,5,PLATINUM,322
639,France,Male,22,4,0.0,2,1,0,28188.96,2,GOLD,416
587,Germany,Male,40,5,138241.9,2,1,0,159418.1,5,SILVER,403
741,France,Male,42,6,106036.52,1,1,0,194686.78,4,DIAMOND,927
522,Germany,Male,32,8,124450.36,2,1,1,165786.1,3,GOLD,721
764,France,Male,41,7,0.0,2,0,0,134878.34,3,SILVER,784
691,France,Male,24,6,0.0,2,1,1,92811.2,3,GOLD,591
755,France,Female,29,4,148654.84,2,1,1,28805.09,1,GOLD,519
588,Spain,Male,34,6,121132.26,2,1,0,86460.28,3,DIAMOND,468
586,Germany,Male,34,9,74309.81,1,1,0,15034.93,5,GOLD,248
663,Spain,Female,33,8,122528.18,1,1,0,196260.3,4,SILVER,261
638,Germany,Male,25,4,148045.45,2,1,1,114722.42,2,SILVER,537
662,Spain,Male,33,3,0.0,2,0,1,68064.83,2,GOLD,603
756,Germany,Male,41,2,124439.49,2,0,1,47093.11,4,PLATINUM,938
834,Spain,Male,33,5,0.0,2,1,0,66285.18,1,PLATINUM,746
850,Germany,Female,70,1,96947.58,3,1,0,62282.99,5,GOLD,365
790,France,Female,47,10,148636.21,1,0,1,16119.96,4,DIAMOND,538
667,France,Male,42,6,0.0,1,1,0,88890.05,3,PLATINUM,905
718,Germany,Male,63,7,123204.88,1,1,1,100538.8,1,SILVER,831
589,France,Female,61,1,0.0,1,1,0,61108.56,4,SILVER,923
720,France,Male,29,2,0.0,2,1,0,39925.52,5,PLATINUM,398
792,Spain,Male,25,8,142862.21,1,1,1,130639.01,5,PLATINUM,298
831,France,Female,32,2,146033.62,1,1,0,191260.74,5,SILVER,360
550,Spain,Female,33,9,72788.03,1,1,1,103608.06,2,PLATINUM,487
732,Germany,Male,38,5,178787.54,1,1,1,195760.53,3,DIAMOND,305
719,Spain,Female,47,9,116393.59,1,1,0,63051.32,5,DIAMOND,777
822,France,Male,38,6,128289.7,3,1,0,9149.96,3,DIAMOND,799
771,Spain,Male,18,1,0.0,2,0,0,41542.95,1,GOLD,371
675,France,Female,38,6,68065.8,1,0,0,138777.0,5,PLATINUM,543
732,France,Female,40,10,0.0,2,1,0,154189.08,5,DIAMOND,938
755,Germany,Male,40,2,137430.82,2,0,0,176768.59,1,SILVER,399
701,Spain,Female,21,9,0.0,2,1,1,26327.42,3,PLATINUM,434
633,France,Female,44,7,0.0,2,1,0,29761.29,2,SILVER,627
511,Germany,Female,40,9,124401.6,1,1,0,198814.24,1,DIAMOND,946
629,Germany,Female,38,9,123948.85,1,1,0,76053.07,5,DIAMOND,564
746,France,Male,25,9,0.0,2,0,1,88728.47,3,SILVER,746
674,France,Female,32,7,85757.93,1,1,1,95481.0,2,DIAMOND,929
825,France,Male,34,9,0.0,2,1,1,31933.06,3,SILVER,941
646,Spain,Female,50,5,142644.64,2,1,1,142208.5,4,GOLD,951
350,Spain,Male,54,1,152677.48,1,1,1,191973.49,3,SILVER,643
762,France,Male,20,1,139432.55,1,1,1,85606.83,5,GOLD,415
626,France,Male,34,7,113014.7,2,1,1,56646.28,5,SILVER,664
850,Spain,Male,39,6,206014.94,2,0,1,42774.84,5,PLATINUM,748
515,France,Female,37,0,196853.62,1,1,1,132770.11,3,PLATINUM,644
730,Germany,Female,37,5,124053.03,1,1,0,118591.67,4,DIAMOND,593
667,France,Female,37,9,71786.9,2,1,1,67734.79,2,SILVER,818
555,Germany,Female,46,4,120392.99,1,1,0,177719.88,5,SILVER,594
602,Spain,Female,22,7,141604.76,1,1,0,30379.6,2,PLATINUM,943
721,Spain,Female,36,2,0.0,2,1,1,106977.8,5,SILVER,534
574,France,Female,39,2,122524.61,2,1,0,88463.63,1,SILVER,686
567,Spain,Female,45,1,157320.51,1,1,0,62193.92,4,PLATINUM,630
612,France,Male,24,1,182705.05,1,1,1,171837.06,3,SILVER,615
733,France,Male,39,1,0.0,2,1,1,141841.31,5,SILVER,367
687,Germany,Male,41,10,134318.21,2,1,1,198064.52,4,DIAMOND,402
506,Spain,Male,35,6,110046.93,2,1,0,26318.73,1,GOLD,606
609,France,Male,41,6,0.0,1,0,1,112585.19,4,GOLD,887
443,France,Female,54,3,138547.97,1,1,1,70196.23,1,DIAMOND,493
557,France,Male,34,3,83074.0,1,1,0,132673.22,2,GOLD,496
606,Spain,Female,25,3,147386.72,3,1,0,45482.04,5,SILVER,405
597,Spain,Male,38,6,115702.67,2,1,1,25059.05,4,DIAMOND,486
647,Spain,Male,33,7,121260.19,2,1,0,77216.48,1,PLATINUM,335
689,France,Female,58,5,0.0,2,0,1,49848.86,3,SILVER,478
687,France,Male,39,7,0.0,2,1,0,26848.25,1,PLATINUM,895
508,Germany,Male,28,0,96213.82,2,1,0,147913.56,2,PLATINUM,371
686,France,Female,44,7,55053.62,1,1,0,181757.19,3,DIAMOND,495
698,France,Male,36,2,82275.35,2,1,1,93249.26,5,GOLD,925
640,Spain,Male,29,5,197200.04,2,1,0,141453.62,1,PLATINUM,540
766,Germany,Female,62,7,142724.48,1,0,1,5893.23,2,GOLD,460
628,France,Female,37,9,0.0,2,1,1,34689.77,1,PLATINUM,757
593,France,Male,36,2,70181.48,2,1,0,80608.12,3,PLATINUM,273
802,France,Male,33,8,0.0,2,1,0,143706.18,1,SILVER,956
611,Spain,Female,28,3,96381.68,2,1,0,181419.29,3,GOLD,855
578,Germany,Male,34,8,147487.23,2,1,0,66680.77,3,SILVER,908
541,France,Male,37,9,212314.03,1,0,1,148814.54,1,DIAMOND,369
684,Spain,Male,40,2,70291.02,1,1,1,115468.84,5,DIAMOND,455
720,France,Female,43,6,137824.03,2,1,0,172557.77,4,GOLD,506
767,Germany,Female,45,7,132746.2,2,1,0,26628.88,1,SILVER,313
726,Spain,Male,36,2,0.0,1,1,0,195192.4,5,SILVER,560
473,France,Female,33,5,125827.43,1,0,1,145698.73,5,PLATINUM,299
629,Spain,Male,41,10,150148.51,1,0,0,6936.27,2,DIAMOND,799
711,Germany,Female,35,2,133607.75,1,1,1,120586.32,2,DIAMOND,352
695,Spain,Female,56,4,0.0,2,1,0,84644.76,4,GOLD,736
729,Spain,Female,42,1,0.0,2,1,1,149535.97,5,SILVER,263
629,Spain,Female,30,2,34013.63,1,1,0,19570.63,2,DIAMOND,952
645,France,Male,42,4,98298.18,1,1,1,676.06,4,DIAMOND,234
609,Spain,Male,34,7,140694.78,2,1,0,46266.63,3,DIAMOND,726
724,Germany,Male,41,2,127892.57,2,0,1,199645.45,4,DIAMOND,393
516,France,Female,43,2,112773.73,2,1,1,139366.58,3,SILVER,239
699,France,Female,32,4,110559.46,1,1,1,127429.56,2,SILVER,713
836,France,Female,29,9,133681.78,1,1,1,153747.73,1,PLATINUM,954
605,France,Female,34,2,0.0,1,0,0,35982.42,2,SILVER,723
537,France,Male,38,3,0.0,2,0,0,141023.01,3,GOLD,412
781,France,Female,42,3,156555.54,1,1,1,175674.01,3,DIAMOND,977
543,Germany,Female,57,1,106138.33,2,1,1,120657.32,5,GOLD,677
538,Spain,Female,30,8,0.0,2,1,1,41192.95,3,GOLD,495
631,France,Female,33,8,0.0,2,0,0,117374.22,5,PLATINUM,970
584,Germany,Female,62,9,137727.34,2,0,1,121102.9,5,DIAMOND,581
797,Spain,Female,31,8,0.0,2,1,0,117916.63,5,DIAMOND,346
626,France,Female,39,0,0.0,2,1,1,83295.09,2,DIAMOND,272
723,France,Male,30,3,124119.54,1,1,0,162198.32,4,PLATINUM,945
657,Germany,Male,40,7,99165.84,1,0,1,119333.95,5,SILVER,267
689,Spain,Female,28,3,0.0,2,1,1,192449.02,4,SILVER,731
699,France,Male,35,5,0.0,2,1,1,78397.24,2,SILVER,915
748,Spain,Female,23,8,85600.08,1,0,0,134077.71,4,DIAMOND,872
826,France,Male,55,4,115285.85,1,1,0,140126.17,2,GOLD,712
806,Spain,Male,25,7,0.0,2,1,0,18461.9,4,PLATINUM,767
729,Germany,Male,29,5,109676.52,1,1,1,25548.47,4,PLATINUM,790
803,France,Male,31,9,157120.86,2,1,0,141300.53,3,GOLD,963
636,France,Male,34,1,84055.43,1,0,0,37490.84,2,DIAMOND,934
730,Spain,Female,33,9,0.0,2,0,0,176576.62,1,SILVER,621
624,Germany,Female,27,7,104848.68,1,1,1,167387.36,5,SILVER,734
640,Spain,Male,37,5,158024.38,1,1,0,81298.09,1,GOLD,749
653,Germany,Male,41,1,104584.11,1,1,0,15126.32,4,PLATINUM,576
614,Spain,Female,39,6,0.0,2,1,1,164018.98,2,SILVER,253
758,Spain,Male,40,3,0.0,2,0,0,96097.65,1,DIAMOND,864
800,France,Male,60,6,88541.57,2,1,1,131718.12,1,SILVER,577
583,France,Male,27,7,0.0,2,1,0,51285.49,1,PLATINUM,250
565,Germany,Female,47,10,139756.12,1,1,0,165849.49,4,GOLD,234
510,Germany,Female,44,4,123070.89,1,1,0,28461.29,3,DIAMOND,875
515,France,Male,48,5,129387.94,1,0,1,147955.91,3,SILVER,269
578,Spain,Male,40,6,63609.92,1,0,0,74965.61,5,SILVER,783
640,Germany,Female,43,9,94752.49,1,1,0,184006.36,4,DIAMOND,523
649,France,Male,47,1,0.0,2,1,1,145593.85,4,GOLD,908
466,France,Female,30,3,0.0,1,1,0,193984.6,2,PLATINUM,671
689,France,Female,40,1,0.0,2,1,1,119446.64,4,SILVER,501
649,France,Male,37,9,87374.88,2,1,1,247.36,1,PLATINUM,245
656,Germany,Male,68,7,153545.11,1,1,1,186574.68,2,DIAMOND,430
516,Germany,Female,47,9,128298.74,1,0,0,149614.17,1,SILVER,630
479,France,Female,35,2,113090.4,1,1,0,195649.79,4,GOLD,889
754,Spain,Male,39,7,157691.98,2,1,0,133600.89,1,SILVER,902
647,Spain,Male,28,6,149594.02,2,1,0,102325.19,5,SILVER,607
514,Germany,Female,45,3,109032.23,1,0,1,155407.21,2,DIAMOND,764
535,France,Male,47,0,160729.1,1,0,1,145986.35,5,DIAMOND,284
710,France,Male,33,10,118327.17,2,1,1,192928.82,1,GOLD,809
745,France,Male,36,8,67226.37,1,1,0,130789.6,2,DIAMOND,296
702,France,Male,37,10,150525.8,1,1,1,94728.49,4,DIAMOND,541
577,France,Male,42,9,0.0,1,1,0,74077.91,3,SILVER,897
678,Spain,Male,29,6,0.0,2,1,0,64443.75,3,GOLD,775
554,Germany,Female,55,0,108477.27,1,0,1,140003.0,3,GOLD,641
733,France,Female,44,6,168165.84,1,0,1,197193.49,2,SILVER,225
661,France,Male,35,5,0.0,1,1,0,155394.52,1,GOLD,698
643,Spain,Female,45,9,150840.03,2,1,0,155516.35,2,GOLD,812
644,France,Male,33,7,174571.36,1,0,1,43943.09,1,DIAMOND,881
678,Spain,Male,38,3,124483.53,1,1,0,126253.31,1,SILVER,709
580,Germany,Female,42,2,123331.36,1,0,0,103516.08,3,DIAMOND,362
718,France,Female,44,1,133866.22,1,0,1,139049.24,3,GOLD,445
655,France,Male,27,10,0.0,2,1,0,51620.94,4,SILVER,925
585,France,Female,34,1,0.0,1,1,1,75503.6,3,GOLD,503
664,France,Male,57,6,0.0,2,1,1,15304.08,5,SILVER,564
777,France,Male,23,6,0.0,2,1,1,163225.48,4,PLATINUM,605
499,Spain,Female,42,0,147187.84,1,1,1,14868.94,5,SILVER,662
704,Spain,Male,38,6,106687.76,1,1,0,173776.5,4,GOLD,546
640,Spain,Male,34,1,137523.02,1,0,0,24761.36,1,GOLD,994
450,Spain,Female,46,5,177619.71,1,1,0,54227.06,1,GOLD,238
658,France,Female,29,8,0.0,2,0,1,130461.09,5,DIAMOND,694
603,France,Male,31,4,0.0,2,0,1,9607.1,4,GOLD,296
681,France,Male,29,8,0.0,1,1,0,66367.33,2,GOLD,479
655,France,Female,38,6,0.0,1,1,1,188639.28,3,SILVER,333
669,Germany,Male,47,0,63723.78,2,1,1,181928.25,1,DIAMOND,316
593,Spain,Male,26,9,76226.9,1,1,0,167564.82,5,GOLD,608
664,France,Female,38,4,74306.19,2,1,0,154395.56,3,DIAMOND,733
725,Germany,Male,39,1,50880.98,2,1,1,184023.54,4,GOLD,644
710,France,Female,31,1,0.0,2,1,0,20081.3,3,PLATINUM,572
595,Spain,Male,37,2,157084.99,1,1,0,134767.13,5,GOLD,974
774,France,Male,40,9,93017.47,2,1,0,191608.97,1,GOLD,354
646,Germany,Female,57,6,90212.0,1,1,0,13911.27,4,PLATINUM,594
606,Germany,Female,27,6,172310.33,1,0,1,111448.92,4,DIAMOND,232
645,France,Male,32,4,0.0,2,0,1,97628.08,3,PLATINUM,820
671,Germany,Female,23,9,123943.18,1,1,1,159553.27,2,PLATINUM,873
673,France,Male,32,8,121240.76,1,1,0,116969.73,2,DIAMOND,296
614,Spain,Female,41,7,146997.64,2,0,0,137791.18,5,PLATINUM,524
685,Spain,Male,35,4,137948.51,1,1,0,113639.64,1,PLATINUM,404
606,France,Male,32,5,83161.65,1,1,1,116885.59,4,PLATINUM,391
779,Germany,Female,24,10,122200.31,2,1,0,43705.56,1,SILVER,974
850,France,Female,40,9,99816.46,1,1,1,163989.66,3,PLATINUM,873
850,France,Male,40,8,102800.65,1,1,0,60811.56,3,DIAMOND,833
670,France,Female,42,1,115961.58,2,0,1,29483.87,4,DIAMOND,795
646,France,Female,33,2,0.0,2,0,0,198208.0,1,PLATINUM,570
644,France,Male,33,8,0.0,2,1,1,155294.17,5,SILVER,813
759,Spain,Male,31,8,0.0,2,1,1,99086.74,3,PLATINUM,451
745,Spain,Female,35,8,0.0,2,1,1,116581.1,1,PLATINUM,879
850,Germany,Female,30,8,154870.28,1,1,1,54191.38,5,PLATINUM,690
686,Spain,Male,34,9,0.0,2,1,0,127569.8,3,SILVER,358
699,France,Male,39,2,109724.38,1,1,1,180022.39,2,GOLD,412
703,France,Male,50,8,160139.59,2,1,1,79314.1,2,PLATINUM,635
483,France,Male,29,9,0.0,1,1,1,81634.45,5,GOLD,239
611,France,Male,28,2,0.0,2,0,0,25395.83,4,SILVER,300
606,France,Male,31,10,0.0,2,1,0,195209.4,3,DIAMOND,992
675,France,Male,35,8,0.0,2,1,1,56642.97,3,PLATINUM,806
820,Spain,Female,31,2,94222.53,1,1,0,103570.8,1,PLATINUM,947
543,Spain,Female,46,5,140355.6,1,1,1,85086.78,2,GOLD,880
667,Germany,Female,36,1,114391.62,1,1,1,53412.54,5,SILVER,874
712,Germany,Male,37,7,93978.96,2,1,0,60651.77,1,PLATINUM,313
506,Germany,Female,41,3,57745.76,1,1,0,4035.46,1,SILVER,908
624,France,Female,38,3,0.0,2,1,1,163666.85,3,PLATINUM,357
601,Germany,Female,33,7,114430.18,2,1,1,153012.13,2,SILVER,976
623,Germany,Male,33,2,80002.33,1,1,1,104079.62,2,DIAMOND,343
639,Spain,Female,27,2,0.0,1,1,1,82938.99,4,GOLD,520
794,Germany,Female,54,1,75900.84,1,1,1,192154.66,4,GOLD,322
783,Spain,Female,44,3,81811.71,1,1,0,164213.53,5,DIAMOND,611
806,Germany,Female,59,0,135296.33,1,1,0,182822.5,1,SILVER,486
658,France,Female,24,2,0.0,2,1,1,84694.49,3,PLATINUM,698
524,France,Male,50,4,0.0,2,1,1,31840.59,2,SILVER,292
619,Germany,Male,29,4,98955.87,1,0,1,131712.51,2,SILVER,337
673,Spain,Male,40,1,121629.22,1,1,1,3258.6,3,DIAMOND,313
834,Germany,Female,68,9,130169.27,2,0,1,93112.2,5,GOLD,882
744,Germany,Male,38,6,73023.17,2,1,0,78770.86,5,GOLD,353
805,Spain,Male,37,5,0.0,2,1,0,21928.81,5,PLATINUM,311
771,France,Female,41,10,108309.0,4,1,1,137510.41,2,SILVER,759
701,Spain,Male,26,5,83600.24,1,0,1,59195.05,2,DIAMOND,916
621,Spain,Female,37,9,83061.26,2,1,0,9170.54,5,DIAMOND,748
631,France,Female,31,8,137687.72,1,1,0,190067.12,1,GOLD,498
816,Germany,Female,38,5,130878.75,3,1,0,71905.77,4,GOLD,961
655,France,Female,60,3,0.0,2,1,1,86981.45,1,PLATINUM,947
707,Spain,Female,32,4,132835.56,1,0,0,136877.24,2,SILVER,745
501,France,Female,41,3,144260.5,1,1,0,172114.67,5,DIAMOND,518
733,France,Female,24,3,161884.99,1,1,1,9617.24,4,DIAMOND,603
646,Germany,Female,35,1,121952.75,2,1,1,142839.82,4,PLATINUM,316
789,Germany,Male,33,8,151607.56,1,1,0,4389.4,4,SILVER,513
746,France,Male,36,7,142400.77,1,1,1,193438.69,4,DIAMOND,452
762,France,Male,53,1,102520.37,1,1,1,170195.4,2,SILVER,876
652,France,Male,38,6,0.0,2,1,1,145700.22,2,PLATINUM,691
611,France,Male,30,2,104145.65,1,0,0,159629.64,2,SILVER,741
579,France,Male,31,9,0.0,1,0,1,139048.0,5,SILVER,779
659,France,Male,32,9,95377.13,1,0,1,187551.24,2,SILVER,846
740,Spain,Female,56,4,99097.33,1,1,1,85016.64,4,PLATINUM,823
700,France,Male,38,9,65962.63,1,1,1,100950.48,2,PLATINUM,419
606,France,Male,47,3,93578.68,2,0,1,137720.56,5,GOLD,537
557,France,Female,27,2,0.0,2,0,1,4497.55,3,SILVER,803
732,France,Female,34,8,122338.43,2,1,0,187985.85,1,PLATINUM,254
612,Germany,Male,44,2,115163.38,1,1,1,97677.52,1,DIAMOND,244
526,Germany,Male,50,5,124233.24,1,0,1,159456.87,5,SILVER,577
802,France,Male,29,9,127414.55,1,1,1,134459.12,2,GOLD,944
743,France,Male,71,0,0.0,2,0,1,29837.65,5,PLATINUM,330
518,France,Female,45,8,0.0,2,1,1,36193.07,1,SILVER,916
706,Spain,Male,24,2,141078.57,1,1,1,24402.87,3,GOLD,563
658,France,Female,40,7,140596.95,1,0,1,135459.02,2,DIAMOND,411
701,Spain,Male,28,1,103421.32,1,0,1,76304.73,5,PLATINUM,499
537,France,Male,59,9,0.0,2,0,0,103799.77,4,GOLD,948
850,Germany,Male,40,6,94607.08,1,1,0,36690.49,5,DIAMOND,460
779,France,Female,42,5,0.0,2,0,0,25951.91,1,SILVER,530
479,France,Female,33,2,208165.53,1,0,0,50774.81,5,PLATINUM,765
493,France,Female,37,8,142987.46,2,1,0,158840.99,4,DIAMOND,660
691,France,Female,29,9,0.0,2,0,0,199635.93,4,GOLD,728
779,France,Male,49,9,106160.37,1,0,0,116893.87,4,PLATINUM,905
767,France,Female,44,2,152509.25,1,1,1,136915.15,4,GOLD,777
670,Spain,Male,42,3,81589.04,1,1,0,188227.8,2,GOLD,984
680,France,Female,24,10,0.0,3,1,0,154971.63,3,SILVER,434
519,Germany,Male,38,1,114141.64,1,1,1,60988.21,5,GOLD,748
658,France,Male,31,5,100082.14,1,0,1,49809.88,3,GOLD,967
655,France,Female,45,0,0.0,2,1,0,166830.71,2,GOLD,434
524,Spain,Female,64,5,0.0,1,1,0,136079.64,2,GOLD,364
492,France,Female,28,9,0.0,2,1,0,95957.09,4,GOLD,980
850,Spain,Female,57,8,126776.3,2,1,1,132298.49,3,GOLD,244
803,Germany,Male,34,4,142929.16,2,1,1,114869.56,2,GOLD,325
649,Spain,Male,32,1,0.0,1,0,1,91167.19,5,SILVER,373
612,France,Female,35,3,0.0,1,1,1,48108.72,4,GOLD,334
529,France,Male,22,5,0.0,1,1,0,151169.83,5,PLATINUM,588
468,Germany,Male,42,9,181627.14,2,1,0,172668.39,1,PLATINUM,506
717,Spain,Female,36,2,164557.95,1,0,1,82336.73,2,GOLD,321
602,France,Male,59,7,0.0,2,1,1,162347.05,3,SILVER,280
595,Spain,Male,23,7,0.0,2,1,1,168085.97,5,PLATINUM,487
648,Spain,Male,35,7,0.0,2,1,1,78436.36,2,SILVER,853
634,France,Female,36,1,69518.95,1,1,0,116238.39,5,PLATINUM,541
699,Spain,Female,29,9,127570.93,2,1,0,164756.81,1,SILVER,901
718,Spain,Male,40,9,0.0,2,0,0,121537.91,4,GOLD,299
682,France,Female,42,0,0.0,1,0,1,91981.85,5,GOLD,361
709,France,Female,24,3,110949.41,1,1,1,168515.61,5,DIAMOND,234
580,Germany,Male,35,9,121355.19,1,0,1,35671.45,2,SILVER,235
670,France,Male,38,7,0.0,2,1,1,77864.41,1,GOLD,794
674,Spain,Male,39,6,120193.42,1,0,0,100130.95,1,PLATINUM,510
772,Spain,Male,41,10,96032.22,1,1,1,75825.57,3,DIAMOND,317
728,Spain,Female,43,8,128412.61,1,0,1,139024.31,4,PLATINUM,576
681,Spain,Male,30,2,128393.29,1,1,1,180593.45,1,SILVER,906
709,Spain,Female,45,2,0.0,2,0,1,162922.65,1,PLATINUM,815
580,Germany,Male,35,10,136281.41,2,1,1,24799.47,3,GOLD,722
573,Spain,Male,28,8,0.0,2,0,0,77660.03,4,PLATINUM,668
812,Germany,Male,39,5,115730.71,3,1,1,185599.34,1,SILVER,380
596,Spain,Male,60,7,121907.97,1,0,1,30314.04,5,GOLD,774
719,Spain,Female,32,7,0.0,1,0,0,76264.27,3,PLATINUM,677
516,Germany,Female,33,10,138847.9,1,1,1,127256.7,3,DIAMOND,465
723,France,Male,48,7,0.0,2,1,1,150694.58,1,PLATINUM,501
567,Spain,Male,40,8,28649.64,1,1,1,95140.62,2,SILVER,488
850,Spain,Female,38,3,0.0,2,0,1,179360.76,2,DIAMOND,729
580,Germany,Male,39,3,119688.81,1,1,0,137041.26,4,DIAMOND,804
812,Spain,Female,24,1,92476.88,1,0,0,83247.14,4,GOLD,816
678,France,Female,32,9,0.0,1,1,1,148210.64,4,GOLD,983
623,France,Female,39,1,160903.2,1,0,0,78774.36,5,PLATINUM,633
572,Germany,Male,51,8,97750.07,3,1,1,193014.26,2,PLATINUM,740
710,France,Female,33,2,0.0,2,1,0,72945.32,4,DIAMOND,221
563,Germany,Male,44,7,105007.31,2,1,1,197812.16,4,GOLD,481
677,France,Male,27,2,0.0,2,1,1,20092.89,3,PLATINUM,737
526,France,Male,30,9,0.0,2,0,0,100995.68,1,PLATINUM,518
693,France,Male,43,6,128760.32,1,1,0,36342.79,2,PLATINUM,488
637,Germany,Male,30,6,122641.56,2,1,0,65618.01,4,SILVER,816
581,France,Male,38,1,0.0,2,1,0,46176.22,2,PLATINUM,950
746,France,Female,32,4,0.0,2,1,1,72909.75,3,DIAMOND,468
654,France,Female,24,8,145081.73,1,1,1,130075.07,3,PLATINUM,814
572,Germany,Female,48,3,152827.99,1,1,0,38411.79,5,GOLD,352
590,France,Female,29,4,0.0,2,1,0,121846.81,1,SILVER,339
637,Spain,Female,34,9,0.0,2,0,0,26057.08,5,GOLD,365
577,France,Male,29,7,0.0,2,1,1,55473.15,5,GOLD,488
634,France,Female,41,7,0.0,2,1,1,131284.93,4,SILVER,894
556,France,Female,36,2,134208.22,1,0,1,177670.57,4,GOLD,343
657,France,Male,33,1,84309.57,2,0,0,103914.4,2,SILVER,772
698,France,Female,37,2,166178.02,2,1,1,71972.95,5,PLATINUM,275
678,France,Female,26,1,0.0,2,1,0,45443.68,5,DIAMOND,278
633,France,Male,40,4,150578.0,1,0,1,34670.62,2,PLATINUM,683
662,France,Male,26,0,0.0,2,0,1,72929.96,1,SILVER,537
730,Spain,Female,43,1,103960.38,1,1,1,193650.16,2,DIAMOND,348
785,Spain,Female,54,1,0.0,2,1,0,45113.92,5,PLATINUM,287
584,Spain,Male,36,4,82696.09,2,0,0,83058.14,5,PLATINUM,925
663,France,Male,35,9,0.0,2,1,1,195580.28,2,DIAMOND,569
649,France,Male,38,1,122214.0,1,0,1,88965.46,3,DIAMOND,591
651,France,Male,34,3,0.0,2,1,1,105599.65,5,SILVER,632
688,Spain,Male,36,0,89772.3,1,1,0,177383.68,5,DIAMOND,663
581,Germany,Male,40,0,101016.53,1,0,1,7926.35,3,SILVER,783
668,Spain,Male,43,10,113034.31,1,1,1,100423.88,5,PLATINUM,470
634,Germany,Female,53,3,113781.5,2,1,1,106345.05,5,GOLD,559
628,France,Male,69,5,0.0,2,1,1,181964.6,3,DIAMOND,348
617,France,Male,40,5,190008.32,2,1,1,107047.92,4,GOLD,486
650,Spain,Female,50,7,129667.77,1,0,0,42028.16,5,PLATINUM,485
786,Spain,Male,31,9,0.0,2,1,1,18210.36,1,SILVER,400
756,France,Male,60,2,0.0,1,1,1,166513.49,3,DIAMOND,858
622,France,Female,39,9,83456.79,2,0,0,38882.34,3,GOLD,342
690,France,Male,47,2,0.0,2,1,0,151375.73,2,PLATINUM,289
677,Germany,Female,44,4,148770.61,2,1,1,191057.76,2,PLATINUM,277
468,France,Female,42,5,0.0,2,1,0,125305.34,3,GOLD,780
642,Germany,Female,39,8,128264.03,1,1,0,61792.76,1,GOLD,280
667,Germany,Female,37,5,92171.35,3,1,0,178106.34,2,DIAMOND,641
520,France,Male,35,9,105387.89,1,1,1,25059.06,5,DIAMOND,471
736,France,Female,30,9,0.0,2,1,0,34180.33,3,GOLD,341
726,France,Female,32,8,0.0,2,0,0,185075.63,2,SILVER,233
427,Spain,Male,40,8,0.0,2,1,1,82870.75,5,SILVER,778
647,Spain,Male,47,10,99835.17,1,0,1,89103.05,3,DIAMOND,554
770,France,Male,31,3,155047.56,2,1,1,186064.34,4,DIAMOND,948
619,Spain,Male,46,8,62400.48,1,1,1,132498.39,5,GOLD,862
612,France,Female,38,7,110615.47,1,1,1,193502.93,5,DIAMOND,802
653,Germany,Male,58,1,132602.88,1,1,0,5097.67,2,SILVER,163
677,France,Male,36,4,0.0,2,1,0,7824.31,3,PLATINUM,760
539,Germany,Female,38,8,82407.51,1,1,0,13123.41,2,SILVER,327
648,France,Female,43,7,139972.18,1,1,0,143668.58,5,PLATINUM,586
710,Germany,Female,30,10,133537.1,2,1,0,155593.74,1,PLATINUM,464
678,Germany,Male,23,10,115563.71,1,1,1,91633.53,3,DIAMOND,297
668,Spain,Male,43,1,147167.25,1,0,0,141679.73,1,DIAMOND,431
494,France,Female,33,1,137853.0,1,0,1,90273.85,3,SILVER,674
739,Germany,Female,25,5,113113.12,1,1,0,129181.27,5,DIAMOND,796
674,Germany,Female,27,4,111568.01,1,0,1,22026.18,4,DIAMOND,666
622,Spain,Female,58,2,0.0,2,1,1,33277.31,5,PLATINUM,746
725,France,Male,66,4,86459.8,1,1,1,141476.56,5,DIAMOND,279
686,Germany,Male,33,9,141918.09,2,0,1,184036.47,4,GOLD,976
791,Germany,Male,31,1,130240.33,1,0,0,96546.55,1,GOLD,608
585,Germany,Male,50,2,125845.66,1,1,0,9439.31,1,PLATINUM,767
684,Spain,Female,41,7,0.0,1,1,1,138394.37,2,SILVER,795
516,France,Male,51,8,120124.35,2,0,1,168773.54,2,PLATINUM,286
730,Spain,Male,42,4,0.0,2,0,1,85982.47,4,DIAMOND,722
767,France,Male,36,3,0.0,1,0,0,65147.27,2,DIAMOND,470
523,France,Female,28,2,121164.11,1,1,1,59938.81,3,GOLD,496
801,Spain,Male,42,4,141947.67,1,1,1,10598.29,3,SILVER,687
545,Spain,Male,36,8,73211.12,2,1,0,89587.34,3,PLATINUM,472
571,France,Female,33,9,102017.25,2,0,0,128600.49,4,GOLD,798
618,France,Male,30,3,133844.22,1,1,1,31406.93,5,GOLD,422
490,Spain,Male,40,6,156111.08,1,0,0,190889.13,3,SILVER,759
823,Germany,Female,53,4,124954.94,1,0,1,131259.6,1,DIAMOND,242
509,Spain,Female,25,3,108738.71,2,1,0,106920.57,3,DIAMOND,595
645,France,Female,37,1,0.0,2,1,1,68987.55,3,GOLD,973
587,Spain,Male,42,5,120233.83,1,1,0,194890.33,4,PLATINUM,736
716,Germany,Female,18,3,128743.8,1,0,0,197322.13,5,GOLD,243
709,Germany,Male,30,9,115479.48,2,1,1,134732.99,2,DIAMOND,488
488,France,Male,34,3,0.0,2,1,1,125979.36,1,GOLD,974
776,France,Female,29,7,178171.04,2,1,1,115818.51,5,DIAMOND,977
520,France,Male,58,3,0.0,2,0,1,32790.02,5,DIAMOND,253
545,France,Male,30,3,0.0,2,1,0,170307.43,4,PLATINUM,396
655,France,Female,34,3,0.0,2,1,0,159638.77,1,DIAMOND,508
781,France,Female,38,3,128345.69,2,1,0,63218.85,2,SILVER,608
616,Germany,Male,41,10,113220.2,2,1,1,114072.91,3,SILVER,596
618,Germany,Female,29,10,100315.1,2,1,1,32526.64,1,SILVER,812
687,Spain,Female,72,4,0.0,2,1,1,50267.69,3,GOLD,595
458,Spain,Female,35,5,166492.48,1,1,0,135287.74,3,SILVER,603
651,France,Female,32,8,144581.96,1,1,1,87609.5,1,SILVER,853
538,Spain,Male,40,8,0.0,2,1,1,25554.4,1,DIAMOND,879
773,France,Female,50,4,0.0,2,1,0,129372.94,4,GOLD,504
811,France,Male,30,6,0.0,2,1,1,180591.32,2,SILVER,227
520,France,Male,31,4,93249.4,1,1,0,77335.75,1,DIAMOND,759
651,Germany,Female,37,10,117791.06,2,1,1,75837.58,2,GOLD,276
630,Germany,Female,34,9,106937.05,2,1,0,138275.01,3,SILVER,624
593,France,Male,33,1,0.0,2,0,0,9984.4,4,DIAMOND,357
592,Germany,Male,31,7,124593.23,1,1,0,86079.67,2,DIAMOND,326
705,Germany,Female,46,4,115518.07,1,0,0,76544.9,3,PLATINUM,576
713,Germany,Female,61,4,149525.34,2,1,0,123663.63,2,SILVER,798
678,France,Male,26,3,0.0,2,1,0,4989.33,4,SILVER,694
707,France,Male,33,2,0.0,2,0,0,130866.95,4,GOLD,993
835,France,Female,56,2,0.0,2,1,1,39820.13,5,PLATINUM,625
753,Germany,Female,38,1,117314.92,1,1,0,122021.33,5,DIAMOND,645
718,France,Female,67,7,0.0,3,1,1,82782.08,5,PLATINUM,710
734,France,Male,43,7,107805.67,1,0,0,182505.68,2,DIAMOND,327
622,Spain,Female,41,9,0.0,2,1,1,155786.39,3,PLATINUM,292
695,Spain,Female,35,7,79858.13,2,1,1,127977.66,5,PLATINUM,408
704,France,Female,33,0,130499.09,2,1,1,74804.36,2,SILVER,694
755,France,Male,30,4,123217.66,2,0,1,144183.1,3,GOLD,786
702,France,Male,45,9,74989.58,1,1,1,171014.69,3,SILVER,811
688,Spain,Female,46,3,0.0,2,0,1,104902.68,2,PLATINUM,752
744,Germany,Female,41,2,84113.41,1,1,0,197548.63,2,SILVER,428
549,Germany,Female,43,3,134985.66,1,1,0,6101.41,3,PLATINUM,903
771,Germany,Female,36,5,77846.9,1,0,0,99805.99,5,PLATINUM,895
615,France,Male,45,5,0.0,2,1,1,164886.64,4,DIAMOND,537
559,France,Female,34,5,68999.66,2,1,1,66879.27,2,PLATINUM,840
729,Germany,Male,30,6,63669.42,1,1,0,145111.37,2,GOLD,484
418,France,Male,28,7,98738.92,1,1,0,122190.22,3,GOLD,465
537,Germany,Male,48,4,131834.8,1,1,0,166476.95,3,DIAMOND,925
712,France,Female,33,6,0.0,2,1,1,190686.16,5,GOLD,460
803,Spain,Female,37,1,0.0,2,0,0,7455.2,4,SILVER,663
850,Germany,Female,45,1,121874.89,1,0,0,6865.41,3,DIAMOND,469
535,Spain,Male,58,1,0.0,2,1,1,11779.98,4,PLATINUM,927
790,Spain,Male,37,8,0.0,2,1,1,149418.41,4,GOLD,348
582,France,Female,39,1,132077.48,2,1,0,192255.15,3,GOLD,348
367,Spain,Male,42,6,93608.28,1,1,0,168816.73,3,PLATINUM,592
576,France,Male,39,9,84719.98,1,0,0,191063.36,5,GOLD,724
552,France,Male,33,5,140931.57,1,0,1,10921.5,5,PLATINUM,330
429,France,Female,27,6,117307.44,2,1,1,24020.49,4,DIAMOND,985
752,Spain,Female,36,3,0.0,2,1,1,48505.1,5,GOLD,784
654,France,Male,29,1,0.0,1,1,0,180345.44,3,SILVER,711
850,Spain,Male,54,7,108185.81,2,0,0,24093.4,3,PLATINUM,431
653,France,Female,31,7,102575.04,1,1,1,11043.54,5,GOLD,283
617,Spain,Female,45,1,0.0,1,1,0,143298.06,4,DIAMOND,323
742,France,Male,27,0,0.0,2,0,1,131534.96,1,GOLD,905
728,France,Male,33,8,129907.63,1,0,1,36083.96,2,GOLD,913
656,France,Male,44,10,143571.52,1,0,0,127444.14,1,DIAMOND,614
697,Germany,Male,29,0,172693.54,1,0,0,141798.98,2,DIAMOND,267
590,Spain,Male,37,1,0.0,2,0,0,133535.99,2,GOLD,930
679,France,Female,30,1,112543.42,1,1,1,179435.21,1,PLATINUM,228
700,France,Female,36,4,0.0,2,1,0,130789.15,2,GOLD,663
515,France,Female,58,2,131852.81,1,1,0,81436.68,1,SILVER,929
717,Spain,Female,39,6,0.0,2,1,0,93275.61,3,DIAMOND,988
734,Germany,Female,30,7,123040.38,1,1,1,76503.06,2,PLATINUM,645
653,France,Female,42,1,0.0,2,1,1,5768.32,2,SILVER,397
474,France,Male,33,5,0.0,2,1,0,181945.52,1,DIAMOND,454
590,France,Male,39,9,0.0,2,1,1,104730.52,5,PLATINUM,474
696,Germany,Male,30,4,114027.7,1,1,1,193716.56,2,GOLD,597
653,Spain,Male,35,9,0.0,2,1,1,45956.05,4,GOLD,441
782,Spain,Male,34,6,147422.44,1,0,1,42143.61,5,GOLD,960
595,France,Male,41,9,0.0,2,1,0,5967.09,5,GOLD,369
777,France,Male,36,7,0.0,1,1,0,106472.34,2,SILVER,537
742,France,Male,33,6,0.0,2,0,0,38550.4,3,PLATINUM,324
605,France,Female,51,3,136188.78,1,1,1,67110.59,1,PLATINUM,683
666,France,Male,47,2,0.0,1,1,0,35046.97,4,GOLD,354
608,France,Male,37,5,146093.39,2,0,0,160593.41,3,SILVER,808
484,Spain,Male,36,8,0.0,2,1,0,186136.48,1,PLATINUM,512
667,Germany,Male,70,3,77356.92,2,1,1,20881.96,2,GOLD,681
538,France,Male,31,1,0.0,2,1,0,1375.46,1,PLATINUM,360
603,Germany,Female,40,8,148897.02,1,0,0,105052.9,1,DIAMOND,352
687,France,Female,44,9,0.0,2,0,0,103042.2,4,DIAMOND,309
596,Germany,Male,47,5,140187.1,2,1,1,174311.3,1,PLATINUM,281
730,Spain,Male,25,5,167385.81,1,1,1,56307.51,5,PLATINUM,452
850,Spain,Female,23,9,143054.85,1,0,1,62980.96,3,PLATINUM,930
628,France,Male,25,7,0.0,2,1,1,195977.75,2,PLATINUM,495
598,France,Female,64,9,0.0,1,0,1,13181.37,5,GOLD,753
513,Spain,Male,48,2,0.0,1,1,1,114709.13,3,SILVER,497
666,France,Male,43,7,137780.74,2,1,1,119100.05,3,SILVER,817
695,Germany,Male,52,8,103023.26,1,1,1,22485.64,2,GOLD,282
626,Spain,Female,37,6,108269.37,1,1,0,5597.94,2,DIAMOND,457
550,France,Female,48,6,0.0,2,1,1,191870.28,2,PLATINUM,730
802,France,Male,38,1,142557.11,1,1,1,172497.73,4,DIAMOND,670
513,Spain,Male,39,7,89039.9,2,1,1,146738.83,1,DIAMOND,675
591,France,Male,40,2,99886.42,2,1,1,88695.19,2,GOLD,675
426,France,Female,34,3,0.0,2,1,1,61230.83,4,DIAMOND,353
683,France,Female,42,4,148283.94,1,1,1,44692.63,4,SILVER,268
504,Spain,Male,44,4,113522.64,1,1,1,12405.2,1,SILVER,947
570,France,Female,30,10,176173.52,1,1,0,97045.32,2,GOLD,539
560,France,Male,24,1,116084.32,1,1,0,89734.7,2,DIAMOND,591
733,France,Male,51,10,141556.96,1,1,0,130189.53,3,SILVER,800
648,Spain,Male,46,9,127209.0,2,1,0,77405.95,4,GOLD,932
611,Germany,Male,31,0,107884.81,2,1,1,183487.98,2,DIAMOND,388
690,France,Male,39,6,0.0,2,1,0,160532.88,1,PLATINUM,517
649,France,Female,36,8,0.0,2,0,1,109179.89,3,DIAMOND,674
649,Spain,Male,51,4,0.0,1,1,1,150390.57,3,PLATINUM,782
806,Spain,Female,37,2,137794.18,2,0,1,75232.02,2,SILVER,691
671,Spain,Female,34,5,130929.02,4,1,1,28238.25,1,PLATINUM,586
472,Spain,Female,32,1,159397.75,1,0,1,57323.18,4,PLATINUM,829
709,France,Male,49,4,154344.49,2,1,1,38794.57,2,DIAMOND,330
704,Spain,Male,33,3,0.0,2,1,0,73018.74,4,GOLD,697
718,France,Female,31,0,118100.59,2,1,0,103165.15,4,GOLD,870
692,France,Female,31,2,0.0,2,1,0,91829.17,4,SILVER,720
659,Germany,Female,32,3,150923.74,2,0,1,174652.51,2,PLATINUM,849
518,France,Female,27,1,133801.49,1,1,1,143315.57,1,DIAMOND,938
764,France,Male,30,5,0.0,2,0,1,105155.66,3,DIAMOND,876
487,France,Male,45,2,0.0,2,1,0,77475.73,1,SILVER,360
670,Spain,Male,43,1,97792.21,1,0,0,120225.62,4,SILVER,701
624,Spain,Female,34,6,0.0,1,1,0,582.59,5,PLATINUM,468
524,France,Male,29,7,0.0,2,1,1,105448.74,3,PLATINUM,717
594,Spain,Female,38,7,96858.35,1,1,0,77511.45,1,DIAMOND,797
733,France,Male,22,5,0.0,2,1,1,117202.19,3,DIAMOND,279
778,France,Male,38,3,145018.49,2,1,1,126702.41,2,SILVER,598
637,Germany,Male,50,4,126345.55,1,0,1,17323.0,3,PLATINUM,683
571,France,Female,33,9,0.0,2,0,1,77519.62,2,PLATINUM,702
659,France,Female,38,3,0.0,2,1,0,158553.1,5,SILVER,804
674,Germany,Female,36,6,100762.64,1,1,0,182156.86,3,PLATINUM,397
570,France,Male,37,6,0.0,1,1,1,187758.5,2,SILVER,469
376,France,Female,46,6,0.0,1,1,0,157333.69,2,PLATINUM,979
467,Spain,Male,39,5,0.0,2,1,1,7415.96,5,SILVER,994
575,Spain,Male,41,2,100062.39,1,0,0,126307.25,1,GOLD,599
742,Spain,Male,24,8,0.0,2,1,0,4070.28,4,DIAMOND,255
573,France,Female,47,8,154543.98,1,1,0,29586.73,4,DIAMOND,842
513,France,Male,29,10,0.0,2,0,1,25514.77,5,GOLD,536
623,France,Female,28,4,0.0,2,1,0,41227.67,3,GOLD,297
733,Spain,Female,30,0,83319.28,1,0,0,57769.2,2,PLATINUM,627
576,Spain,Male,45,5,133618.01,1,0,0,135244.87,3,SILVER,291
649,France,Female,41,3,130931.83,1,1,1,144808.37,1,PLATINUM,457
529,France,Female,31,2,164003.05,2,1,1,60993.23,3,SILVER,407
624,France,Male,51,10,123401.43,2,1,1,127825.25,4,SILVER,242
776,Germany,Male,38,5,112281.7,1,0,1,89893.6,4,DIAMOND,962
594,France,Female,31,0,79340.95,1,1,0,78255.86,5,PLATINUM,400
747,France,Male,43,1,130788.71,1,0,1,101495.0,4,PLATINUM,292
572,France,Male,24,1,0.0,2,1,1,151460.84,3,GOLD,827
850,Spain,Male,28,9,97408.03,1,1,1,175853.64,3,GOLD,962
496,France,Female,34,1,102723.35,2,1,0,180844.81,2,SILVER,310
665,Germany,Female,37,3,111911.63,1,1,1,110359.68,4,GOLD,413
636,Germany,Male,30,8,141787.31,2,1,1,109685.61,3,SILVER,405
669,Germany,Female,50,4,112650.89,1,0,0,166386.22,2,PLATINUM,440
585,France,Female,32,8,144705.87,2,0,0,171482.56,1,PLATINUM,767
709,France,Male,39,8,0.0,2,1,0,56214.09,3,GOLD,958
697,Spain,Female,25,5,82931.85,2,1,1,128373.88,1,PLATINUM,282
710,Germany,Female,46,10,120530.34,1,1,0,166586.99,4,DIAMOND,977
549,Germany,Female,31,9,135020.21,2,1,1,23343.18,2,DIAMOND,803
674,France,Female,42,9,0.0,2,1,0,4292.72,1,SILVER,632
630,France,Male,40,8,0.0,2,1,1,42495.81,3,DIAMOND,960
503,Germany,Male,42,9,153279.39,1,1,1,151336.96,4,DIAMOND,307
555,Spain,Male,33,1,56084.69,2,0,0,178798.13,5,PLATINUM,481
583,Germany,Male,35,8,149995.72,2,1,0,42143.55,1,PLATINUM,540
617,France,Female,28,0,0.0,2,1,1,7597.83,3,SILVER,922
669,Germany,Male,45,1,123949.75,1,0,0,110881.56,2,DIAMOND,298
653,Germany,Female,38,5,114268.22,2,1,1,89524.83,1,PLATINUM,693
661,France,Male,41,5,0.0,1,0,1,88279.6,3,GOLD,594
549,Germany,Male,41,9,95020.8,3,1,1,131710.59,5,DIAMOND,793
733,France,Male,42,9,120094.93,1,1,0,184056.45,5,PLATINUM,668
692,Spain,Female,47,3,0.0,2,1,0,150802.41,3,SILVER,525
667,Spain,Male,35,4,97585.32,2,0,0,57213.46,4,GOLD,369
734,France,Female,29,0,139994.66,1,1,0,17744.72,2,GOLD,965
624,Spain,Male,38,7,123906.55,1,1,0,135096.78,4,GOLD,799
649,Spain,Female,47,8,110783.28,1,1,1,71420.16,3,PLATINUM,768
671,Germany,Female,31,6,105864.6,2,1,0,145567.34,5,GOLD,674
538,France,Female,32,2,0.0,1,1,1,80130.54,3,PLATINUM,559
523,Germany,Female,39,1,143903.11,1,1,1,118711.75,1,SILVER,732
642,France,Male,26,1,138023.79,2,0,1,117060.2,3,GOLD,794
607,Spain,Female,32,7,0.0,3,0,1,10674.62,4,DIAMOND,701
635,Germany,Male,53,8,117005.55,1,0,1,123646.57,3,SILVER,882
555,France,Male,40,10,43028.77,1,1,0,170514.21,2,GOLD,997
630,Spain,Male,35,1,0.0,2,0,0,186826.22,1,PLATINUM,548
490,Spain,Female,38,3,97266.1,1,1,1,92797.23,4,DIAMOND,762
850,Germany,Female,43,8,92244.83,2,1,0,54949.73,2,PLATINUM,304
751,France,Female,39,3,0.0,2,1,1,84175.34,4,DIAMOND,254
724,Germany,Female,33,9,119278.44,1,1,1,197148.24,2,GOLD,306
815,France,Male,35,4,0.0,2,0,1,198490.33,2,DIAMOND,680
610,France,Male,34,0,103108.17,1,0,0,125646.82,1,DIAMOND,738
763,France,Male,35,9,0.0,1,1,1,31372.91,3,SILVER,445
796,Germany,Female,40,1,99745.95,1,1,0,177524.19,2,DIAMOND,547
600,France,Female,28,6,0.0,2,0,1,52193.23,3,GOLD,910
528,Germany,Male,39,0,127631.62,1,0,1,22197.8,4,PLATINUM,654
801,Spain,Female,46,6,0.0,2,1,1,170008.74,3,SILVER,557
807,France,Female,47,9,167664.83,1,0,0,125440.11,4,SILVER,622
559,France,Male,34,2,137390.11,2,1,0,9677.0,4,PLATINUM,796
732,Spain,Female,67,1,0.0,2,1,1,177783.04,5,DIAMOND,407
758,France,Female,42,7,0.0,2,0,1,76209.56,2,SILVER,430
660,France,Female,35,6,100768.77,1,1,0,19199.61,2,DIAMOND,659
551,France,Male,37,3,0.0,2,1,1,50578.4,1,PLATINUM,936
812,France,Male,32,5,133050.97,2,1,0,89385.92,2,SILVER,240
702,Spain,Female,35,8,14262.8,2,1,0,54689.16,3,SILVER,372
633,France,Male,35,3,0.0,2,1,1,36249.76,2,GOLD,376
820,Germany,Male,39,9,111336.89,1,1,0,16770.31,5,PLATINUM,753
681,France,Male,38,6,153722.47,1,1,0,101319.76,2,PLATINUM,580
664,France,Female,36,0,103502.22,1,1,1,146191.82,2,SILVER,825
820,Spain,Male,34,10,97208.46,1,1,1,59553.34,2,GOLD,827
637,France,Male,40,8,125470.81,1,1,1,174536.17,4,PLATINUM,658
676,France,Male,40,8,114005.78,1,1,1,67998.45,3,PLATINUM,324
658,France,Female,31,7,123974.96,1,1,0,102153.75,3,DIAMOND,226
599,France,Female,43,4,0.0,1,1,0,170347.1,5,PLATINUM,550
542,Germany,Male,25,8,139330.1,1,0,0,54372.37,4,DIAMOND,629
605,Spain,Female,36,9,0.0,2,0,1,35521.63,2,DIAMOND,825
622,France,Male,35,8,0.0,2,1,1,131772.51,5,SILVER,574
615,France,Male,64,0,81564.1,2,0,1,35896.09,3,SILVER,586
559,France,Female,38,8,95139.41,1,1,1,86575.46,4,PLATINUM,286
631,Germany,Female,34,6,125227.82,2,0,1,128247.03,2,PLATINUM,305
537,France,Male,26,7,106397.75,1,0,0,103563.23,3,DIAMOND,445
554,France,Male,33,3,117413.95,1,1,1,12766.74,5,PLATINUM,574
677,Spain,Male,40,5,0.0,2,1,0,88947.56,4,GOLD,314
694,France,Male,32,0,91956.49,1,1,1,59961.81,4,SILVER,858
549,France,Male,29,3,0.0,2,1,0,146090.38,4,DIAMOND,901
520,Germany,Female,23,3,116022.53,2,1,1,37577.66,1,GOLD,342
678,Germany,Male,55,4,129646.91,1,1,1,184125.1,5,SILVER,482
611,Spain,Female,37,4,0.0,2,1,0,125696.26,4,SILVER,629
815,Spain,Female,57,5,0.0,3,0,0,38941.44,4,SILVER,693
688,France,Male,29,1,0.0,2,1,0,154695.57,5,PLATINUM,352
608,France,Female,28,9,0.0,2,1,1,125062.02,4,GOLD,397
694,France,Female,38,5,195926.39,1,1,1,85522.84,1,DIAMOND,270
629,Germany,Male,40,2,121647.54,2,1,1,64849.74,1,SILVER,290
653,France,Male,47,6,0.0,1,1,0,50695.93,2,SILVER,622
625,France,Male,37,1,177069.24,2,1,1,96088.54,5,GOLD,446
624,France,Female,23,5,0.0,2,0,0,132418.59,5,GOLD,965
729,France,Female,36,8,109106.8,1,0,0,121311.12,3,DIAMOND,456
531,Spain,Male,70,1,0.0,2,0,0,99503.19,2,PLATINUM,982
749,Germany,Female,40,8,141782.57,2,0,0,86333.63,3,DIAMOND,678
649,Germany,Female,50,5,155393.32,1,1,1,87351.42,5,DIAMOND,312
560,Spain,Male,47,1,0.0,1,0,0,128882.66,1,SILVER,762
850,Germany,Male,51,4,124425.99,1,0,0,118545.49,1,GOLD,950
674,France,Male,37,3,0.0,1,1,0,158049.9,1,GOLD,716
530,France,Female,34,8,0.0,2,0,1,141872.52,2,GOLD,781
710,Spain,Female,36,8,0.0,2,0,0,83206.19,3,SILVER,636
589,Germany,Male,38,8,92219.21,1,1,0,99106.97,2,PLATINUM,554
486,Germany,Male,37,1,101438.0,1,0,0,51364.56,3,PLATINUM,512
565,Germany,Female,38,2,158651.29,2,1,1,179445.28,4,PLATINUM,805
573,France,Female,27,4,0.0,2,1,1,157549.6,1,PLATINUM,832
589,France,Male,38,4,0.0,1,1,0,95483.48,5,DIAMOND,443
526,Spain,Male,38,2,0.0,2,0,0,58010.98,5,SILVER,708
637,Germany,Male,49,2,108204.52,1,1,0,169037.84,3,DIAMOND,675
686,France,Male,38,6,149238.97,1,1,1,97825.23,1,SILVER,816
592,France,Female,38,4,0.0,2,1,0,35338.96,4,SILVER,305
657,Spain,Male,36,8,0.0,2,0,1,123866.43,4,DIAMOND,932
553,France,Male,42,1,0.0,2,0,0,23822.04,3,PLATINUM,425
586,France,Female,38,6,0.0,2,1,1,37935.83,4,PLATINUM,252
813,Germany,Female,29,5,106059.4,1,0,0,187976.88,5,GOLD,331
518,Germany,Female,41,5,110624.99,1,1,0,89327.67,4,PLATINUM,911
597,Spain,Male,35,9,0.0,3,0,1,73181.39,3,DIAMOND,601
850,Germany,Female,33,7,134678.13,1,1,0,113177.95,3,GOLD,596
728,Spain,Female,37,4,0.0,1,0,0,4539.38,2,DIAMOND,521
638,Germany,Male,62,4,108716.59,2,1,1,74241.09,2,PLATINUM,442
445,France,Male,25,6,0.0,2,1,0,119425.94,3,GOLD,419
608,Germany,Female,44,5,126147.84,1,0,1,132424.69,1,DIAMOND,818
526,Germany,Male,34,3,122726.56,1,1,1,46772.36,1,PLATINUM,429
598,Germany,Male,53,10,167772.96,1,1,1,136886.86,5,SILVER,686
709,France,Male,31,6,0.0,2,1,1,71009.84,4,PLATINUM,316
550,France,Male,57,5,0.0,1,1,1,133501.94,5,PLATINUM,484
510,France,Female,45,10,103821.47,2,0,1,77878.62,3,SILVER,413
821,Germany,Male,45,0,135827.33,2,1,1,131778.58,5,PLATINUM,945
595,Germany,Female,26,8,118547.72,1,1,1,151192.18,4,PLATINUM,388
727,France,Male,61,0,128213.96,2,1,1,188729.08,1,SILVER,708
658,France,Male,29,4,80262.6,1,1,1,20612.82,2,GOLD,420
421,Germany,Male,28,8,122384.22,3,1,1,89017.38,4,SILVER,237
589,Germany,Female,36,9,140355.56,2,1,0,136329.96,2,PLATINUM,236
701,France,Female,37,3,0.0,2,1,1,164268.28,5,GOLD,647
431,Germany,Male,45,5,83624.55,2,0,0,36899.62,2,DIAMOND,838
678,Germany,Male,48,2,101099.9,2,0,1,193476.04,1,PLATINUM,788
537,France,Female,45,7,158621.04,1,1,0,120892.96,4,SILVER,819
747,France,Female,25,4,0.0,2,0,1,42039.67,1,GOLD,914
590,France,Female,54,4,0.0,2,1,1,93820.49,4,PLATINUM,723
617,Spain,Female,36,7,115617.24,1,1,1,71519.4,4,DIAMOND,801
789,Germany,Male,39,7,124828.46,2,1,1,124411.08,2,PLATINUM,377
633,Germany,Male,30,2,109786.82,2,1,1,139712.81,2,PLATINUM,778
774,France,Female,52,2,56580.93,1,1,0,113266.28,5,PLATINUM,946
762,Spain,Female,69,9,183744.98,1,1,1,196993.69,3,DIAMOND,323
660,Germany,Male,28,1,118402.25,2,1,0,14288.93,1,PLATINUM,965
587,France,Male,42,1,0.0,1,0,0,123006.91,5,PLATINUM,727
726,France,Female,38,4,0.0,2,0,0,6787.48,5,DIAMOND,523
652,France,Female,80,4,0.0,2,1,1,188603.07,1,GOLD,662
586,Spain,Male,41,3,63873.56,1,1,0,83753.64,2,DIAMOND,972
650,Spain,Male,55,9,119618.42,1,1,1,29861.13,4,GOLD,405
689,France,Male,47,1,93871.95,3,1,0,156878.42,4,DIAMOND,334
529,France,Male,46,8,0.0,1,0,0,126511.94,3,GOLD,508
709,France,Female,36,7,0.0,1,0,1,42085.58,3,SILVER,564
713,Germany,Female,24,7,147687.24,1,1,1,121592.5,2,DIAMOND,306
682,France,Female,46,2,0.0,1,1,1,114442.66,3,DIAMOND,257
620,Germany,Female,25,8,141825.88,1,1,1,73857.94,1,GOLD,911
589,France,Male,37,5,0.0,1,1,0,61324.87,1,DIAMOND,359
653,France,Male,41,8,102768.42,1,1,0,55663.85,4,DIAMOND,285
433,France,Female,49,10,0.0,1,1,1,87711.61,1,PLATINUM,682
648,France,Female,19,1,0.0,2,0,1,22101.86,4,GOLD,303
679,France,Male,29,3,0.0,2,1,1,63687.06,5,PLATINUM,717
592,Spain,Male,38,0,0.0,1,1,0,65986.48,1,GOLD,354
777,France,Female,28,2,134571.5,1,0,1,118313.38,2,DIAMOND,543
529,France,Female,27,1,0.0,2,1,1,37769.98,5,PLATINUM,333
503,France,Male,29,3,0.0,2,1,1,143954.99,1,DIAMOND,927
721,France,Female,55,3,44020.89,1,1,0,65864.4,3,GOLD,712
735,Germany,Female,43,9,98807.45,1,0,0,184570.04,4,SILVER,730
574,Spain,Male,34,5,0.0,2,0,0,28269.86,5,DIAMOND,626
676,France,Female,40,2,147803.48,1,1,0,95181.06,5,DIAMOND,275
701,France,Male,37,8,130091.5,1,1,1,120031.29,1,PLATINUM,902
731,France,Female,36,6,0.0,1,0,0,152128.36,1,PLATINUM,688
705,Spain,Female,23,5,0.0,2,1,1,73131.73,4,SILVER,308
686,Germany,Female,56,5,111642.08,1,1,1,80553.87,5,DIAMOND,799
749,Spain,Female,28,3,0.0,1,1,0,3408.7,1,GOLD,811
788,Germany,Female,57,8,93716.72,1,1,1,180150.49,1,GOLD,696
518,France,Male,38,3,90957.81,1,0,1,162304.59,4,PLATINUM,846
520,Spain,Male,43,7,0.0,2,1,1,36202.74,1,PLATINUM,357
722,France,Female,35,2,163943.89,2,1,1,15068.18,1,GOLD,883
667,Germany,Male,55,9,154393.43,1,1,1,137674.96,3,SILVER,887
648,Germany,Female,51,2,116574.84,1,1,0,4121.04,1,PLATINUM,244
631,Spain,Female,46,10,0.0,2,1,1,129508.96,2,DIAMOND,687
839,Germany,Male,47,2,136911.07,1,1,1,168184.62,3,DIAMOND,674
620,Germany,Female,34,8,102251.57,1,1,0,120672.09,4,SILVER,663
605,Spain,Male,47,7,142643.54,1,1,0,189310.27,3,PLATINUM,255
739,Germany,Male,58,1,110597.76,1,0,1,160122.66,2,PLATINUM,831
483,France,Female,44,5,136836.49,1,1,0,192359.9,1,SILVER,853
626,France,Female,32,0,0.0,2,0,0,187172.54,4,GOLD,479
603,Spain,Male,57,6,105000.85,2,1,1,87412.24,3,DIAMOND,281
643,Spain,Male,34,6,0.0,2,1,1,116046.22,3,DIAMOND,596
663,Spain,Female,58,5,216109.88,1,0,1,74176.71,2,SILVER,251
662,Germany,Male,59,2,104568.41,1,1,0,8059.44,5,DIAMOND,546
671,Germany,Male,28,8,119859.52,2,1,0,125422.66,4,DIAMOND,555
688,Germany,Female,40,8,150679.71,2,0,1,196226.38,4,GOLD,645
658,Spain,Male,21,7,0.0,2,0,1,154279.87,4,SILVER,653
583,Spain,Female,40,3,54428.37,1,1,0,109638.78,4,PLATINUM,646
762,Germany,Female,34,8,98592.88,1,0,1,191790.29,3,DIAMOND,279
530,France,Male,39,2,0.0,2,1,0,197923.05,4,SILVER,296
470,France,Male,30,3,101140.76,1,1,1,50906.65,3,SILVER,437
634,Spain,Female,41,4,0.0,2,1,1,164549.74,4,DIAMOND,311
763,Spain,Male,37,8,0.0,2,1,1,933.38,1,DIAMOND,560
817,France,Female,37,6,81070.34,2,1,0,80985.88,5,PLATINUM,518
669,Germany,Female,30,7,139872.81,1,1,0,188795.85,3,SILVER,302
613,Spain,Male,34,8,117300.02,1,1,0,139410.08,5,SILVER,572
662,Spain,Female,35,6,0.0,2,0,0,2423.9,4,DIAMOND,730
681,Germany,Female,44,4,91115.76,2,0,0,24208.84,2,SILVER,356
613,France,Male,34,5,144094.2,1,1,0,44510.26,4,DIAMOND,902
800,Spain,Female,46,6,0.0,2,1,0,171928.04,2,SILVER,471
850,France,Male,35,9,102050.47,1,1,1,3769.71,5,SILVER,242
637,France,Male,40,2,133463.1,1,0,1,93165.34,1,PLATINUM,374
554,Germany,Female,54,6,108755.0,1,1,0,40914.32,1,DIAMOND,415
673,France,Female,34,8,42157.08,1,1,0,20598.59,2,SILVER,611
833,France,Male,37,8,151226.18,2,1,1,136129.49,3,DIAMOND,633
793,Spain,Male,63,0,0.0,2,0,1,27166.75,1,GOLD,529
669,Spain,Male,51,3,88827.53,1,0,0,85250.77,3,DIAMOND,612
723,France,Male,42,2,99095.73,1,1,1,17512.53,3,DIAMOND,505
616,France,Male,18,6,0.0,2,1,1,27308.58,3,PLATINUM,466
703,Spain,Male,20,3,165260.98,1,1,1,41626.78,5,GOLD,751
691,France,Female,60,6,101070.69,1,1,0,177355.8,5,SILVER,253
663,Spain,Male,27,8,0.0,1,1,1,188007.99,1,GOLD,299
623,France,Male,48,5,118469.38,1,1,1,158590.25,4,PLATINUM,346
629,Spain,Male,34,1,121151.05,1,0,0,119357.93,1,PLATINUM,938
686,Germany,Male,35,2,109342.82,2,0,1,86043.27,5,PLATINUM,663
742,France,Female,29,4,0.0,2,1,1,180066.59,4,GOLD,646
652,France,Male,30,2,176166.56,2,1,1,152210.81,1,SILVER,643
549,France,Female,46,7,0.0,1,1,1,109057.56,2,DIAMOND,940
574,France,Female,34,7,152992.91,1,1,1,134691.2,5,DIAMOND,705
620,France,Female,29,3,0.0,2,0,1,153392.28,3,SILVER,475
569,France,Male,66,2,0.0,1,1,0,130784.2,1,DIAMOND,345
533,France,Male,36,7,85311.7,1,0,1,156731.91,5,SILVER,628
654,France,Male,40,6,0.0,1,0,0,183872.88,4,DIAMOND,720
548,Spain,Male,37,4,0.0,1,1,0,121763.68,5,GOLD,926
850,Spain,Female,70,5,0.0,1,1,1,705.18,1,DIAMOND,283
694,Spain,Female,39,9,0.0,2,0,0,99924.04,4,PLATINUM,483
715,Spain,Male,31,7,0.0,1,1,1,149970.59,1,PLATINUM,707
555,Spain,Female,24,2,0.0,2,0,1,197866.55,4,GOLD,347
661,Germany,Female,47,0,109493.62,1,0,0,188324.01,4,GOLD,761
632,France,Male,42,4,126115.6,1,1,0,100998.5,2,GOLD,572
700,Spain,Male,29,8,0.0,2,0,1,152097.02,4,GOLD,255
552,Germany,Male,38,10,132271.12,2,1,1,46562.02,1,PLATINUM,925
659,France,Male,29,6,123192.12,1,1,1,56971.41,1,DIAMOND,783
710,France,Male,54,6,171137.62,1,1,1,167023.95,4,GOLD,451
584,France,Male,31,5,0.0,2,1,0,31474.27,2,PLATINUM,568
529,Spain,Male,63,4,96134.11,3,1,0,108732.96,3,GOLD,693
693,France,Female,38,3,0.0,2,0,0,78133.48,5,GOLD,724
725,France,Male,38,6,0.0,2,1,1,158697.28,2,DIAMOND,306
564,Germany,Female,44,3,111760.4,3,1,1,104722.47,3,DIAMOND,785
675,France,Male,69,1,0.0,2,1,0,157097.09,2,DIAMOND,526
659,France,Female,56,9,123785.24,1,1,0,99504.03,4,GOLD,928
701,France,Male,44,7,0.0,2,1,0,23425.78,3,SILVER,482
595,Germany,Male,34,2,87967.42,2,0,1,156309.52,5,SILVER,357
841,Germany,Male,32,2,117070.21,1,1,0,113482.2,3,SILVER,697
640,France,Female,67,3,0.0,1,0,1,42964.63,5,GOLD,461
615,Germany,Male,24,8,108528.07,2,0,0,179488.41,2,DIAMOND,312
703,France,Male,37,1,149762.08,1,1,0,20629.4,3,DIAMOND,371
724,France,Female,41,5,109798.25,1,0,1,149593.61,1,PLATINUM,829
555,France,Female,27,8,102000.17,1,1,1,116757.0,5,SILVER,586
516,France,Male,33,7,115195.58,1,1,1,11205.5,4,DIAMOND,943
709,Germany,Male,28,8,124695.72,2,1,0,145251.35,3,DIAMOND,665
546,France,Male,28,8,0.0,1,1,0,159254.29,2,GOLD,715
837,Spain,Male,31,9,104678.62,1,0,1,50972.6,2,SILVER,263
706,Spain,Male,28,3,0.0,2,0,1,181543.67,3,SILVER,241
639,France,Female,35,1,103015.12,2,1,1,139094.12,1,PLATINUM,467
679,France,Male,48,8,0.0,2,1,0,23344.94,2,SILVER,609
624,France,Male,26,9,74681.9,2,0,0,31231.35,4,PLATINUM,316
563,Spain,Male,57,6,0.0,2,1,1,39297.48,2,DIAMOND,263
616,Spain,Male,31,7,76665.71,2,1,1,163809.08,3,GOLD,468
623,Germany,Male,50,7,126608.37,1,0,1,645.61,2,GOLD,676
629,France,Male,35,1,172170.36,1,1,1,159777.37,2,GOLD,230
631,Spain,Male,46,9,160736.63,1,0,1,93503.02,3,SILVER,576
628,Spain,Male,42,7,0.0,2,0,1,172967.87,2,SILVER,283
698,France,Male,27,7,0.0,2,1,0,111471.55,5,GOLD,766
794,France,Female,41,7,176845.41,3,1,0,166526.26,5,GOLD,226
640,France,Male,28,7,0.0,2,1,1,131097.9,5,DIAMOND,611
686,Spain,Female,36,5,0.0,2,1,1,152979.14,4,GOLD,966
530,France,Female,48,0,0.0,1,1,0,85081.09,2,PLATINUM,737
382,Spain,Male,36,0,0.0,1,1,1,179540.73,4,GOLD,659
850,France,Male,49,6,128663.9,1,1,0,65769.3,4,PLATINUM,974
710,Germany,Female,62,9,148214.36,1,1,0,48571.14,4,DIAMOND,485
566,Germany,Male,54,4,118614.6,2,1,1,172601.62,3,SILVER,572
541,France,Male,37,9,118636.92,1,1,1,73551.44,2,GOLD,771
644,France,Male,37,2,186347.97,2,1,0,92809.73,4,SILVER,499
714,Germany,Male,42,2,177640.09,1,0,1,47166.55,5,GOLD,809
616,Germany,Male,39,2,121704.32,2,1,0,55556.3,4,PLATINUM,346
803,France,Male,28,3,0.0,2,1,0,159654.0,5,DIAMOND,570
705,France,Female,39,5,149379.66,2,1,0,96075.55,2,PLATINUM,444
665,Germany,Male,63,7,104469.58,1,1,1,25165.36,2,PLATINUM,941
543,France,Female,31,4,138317.94,1,0,0,61843.73,4,PLATINUM,759
576,France,Female,52,9,170228.59,2,0,0,148477.57,5,SILVER,364
656,France,Female,39,6,0.0,2,1,0,141069.88,4,DIAMOND,638
742,Germany,Male,33,0,181656.51,1,1,1,107667.91,1,SILVER,288
667,France,Male,28,6,165798.1,1,1,0,147090.9,5,DIAMOND,404
584,France,Male,47,5,0.0,2,1,0,89286.29,5,GOLD,343
565,France,Male,38,5,0.0,2,0,1,80630.32,5,PLATINUM,441
751,France,Male,42,4,0.0,2,1,1,81442.6,2,DIAMOND,997
637,Germany,Male,35,8,147127.81,2,1,1,84760.7,2,GOLD,792
534,France,Male,35,2,81951.74,2,1,0,115668.53,2,DIAMOND,636
720,Spain,Male,64,3,45752.78,2,1,0,79623.28,4,SILVER,608
745,Germany,Female,44,0,119638.21,1,1,1,34265.08,3,SILVER,660
711,France,Male,36,9,137688.71,1,1,1,46884.1,5,SILVER,458
710,Germany,Female,24,2,110407.44,2,0,0,15832.43,4,SILVER,993
661,France,Male,26,8,0.0,2,0,0,196875.87,4,GOLD,547
813,France,Female,62,10,64667.95,2,0,1,140454.14,4,SILVER,691
697,France,Female,23,10,0.0,2,1,1,79734.23,3,SILVER,968
678,Spain,Male,27,2,0.0,2,1,1,13221.25,4,GOLD,1000
704,Spain,Male,48,8,167997.6,1,1,1,173498.45,2,SILVER,970
533,Germany,Female,22,10,115743.6,1,0,0,43852.05,3,GOLD,706
645,Spain,Male,49,8,0.0,2,1,0,162012.6,4,DIAMOND,503
753,France,Female,36,7,128518.98,1,1,1,44567.83,4,PLATINUM,358
511,France,Female,46,1,0.0,1,1,1,115779.48,1,DIAMOND,773
433,Spain,Male,34,9,152806.74,1,1,0,19687.99,5,DIAMOND,398
586,Germany,Female,47,5,157099.47,2,1,1,65481.86,1,DIAMOND,576
446,Germany,Male,25,3,136202.78,1,1,0,176743.51,4,GOLD,610
652,France,Female,40,4,79927.36,2,1,1,33524.6,5,SILVER,640
699,France,Male,30,9,0.0,1,1,1,108162.13,4,DIAMOND,239
680,Germany,Female,42,7,105722.69,1,1,1,90558.24,1,DIAMOND,269
665,Germany,Female,45,5,155447.65,2,1,0,51871.95,4,PLATINUM,511
684,Spain,Female,39,4,139723.9,1,1,1,120612.11,2,SILVER,254
610,Spain,Female,46,5,116886.59,1,0,0,107973.44,1,GOLD,452
680,Germany,Male,34,6,146422.22,1,1,0,67142.97,3,GOLD,870
765,France,Male,34,9,91835.16,1,0,0,138280.17,1,PLATINUM,843
705,France,Female,49,7,0.0,1,1,0,63405.2,1,GOLD,248
561,France,Male,56,7,152759.0,2,1,0,133167.11,2,GOLD,377
702,France,Male,34,4,100054.77,1,1,0,109496.45,3,PLATINUM,907
691,Germany,Female,41,8,109153.96,3,1,1,148848.76,1,DIAMOND,736
699,France,Male,32,3,0.0,2,1,1,170770.44,1,GOLD,221
765,France,Male,42,4,123311.39,2,1,1,82868.34,5,GOLD,798
696,Germany,Male,43,4,114091.38,1,0,1,159888.1,3,DIAMOND,492
578,Spain,Female,28,8,161592.76,1,1,0,177834.79,2,GOLD,336
695,France,Female,36,2,0.0,2,0,1,167749.54,3,SILVER,463
567,Germany,Female,40,2,105222.86,2,1,0,93795.86,1,SILVER,975
739,France,Male,58,2,101579.28,1,1,1,72168.53,5,SILVER,277
715,France,Male,21,6,76467.16,1,1,1,173511.72,4,GOLD,995
632,Germany,Female,38,6,86569.76,2,1,0,98090.91,5,SILVER,435
503,France,Female,37,8,0.0,2,1,1,97893.32,1,DIAMOND,564
543,France,Female,67,0,128843.67,1,1,1,134612.48,3,SILVER,809
841,Germany,Female,33,7,154969.79,2,1,1,99505.75,3,PLATINUM,907
727,Spain,Female,41,10,0.0,2,0,1,47468.56,5,DIAMOND,408
755,France,Female,29,3,0.0,3,1,0,4733.94,1,SILVER,328
543,Spain,Male,35,10,59408.63,1,1,0,76773.53,4,GOLD,480
695,France,Female,42,5,0.0,1,0,1,72172.13,5,PLATINUM,583
528,France,Male,31,9,120962.59,1,1,0,5419.31,5,PLATINUM,511
802,Spain,Male,38,7,0.0,2,0,1,57764.65,5,GOLD,476
800,France,Female,38,2,168190.33,2,1,0,68052.08,3,SILVER,874
773,France,Male,52,4,0.0,1,0,1,144113.42,4,SILVER,748
725,France,Male,26,6,98684.15,1,0,0,133720.57,1,SILVER,796
722,France,Female,38,3,0.0,2,0,1,167984.72,1,DIAMOND,242
482,France,Male,38,4,124976.19,1,1,0,35848.12,1,PLATINUM,813
664,France,Male,55,8,0.0,2,1,1,139161.64,5,SILVER,220
783,Germany,Female,41,5,106640.5,1,1,0,176945.96,5,PLATINUM,498
628,Spain,Male,43,3,184926.61,1,1,0,122937.57,4,GOLD,642
535,France,Female,40,8,0.0,1,1,1,27689.77,1,DIAMOND,514
506,France,Female,40,3,0.0,1,1,1,144345.58,1,PLATINUM,479
721,Germany,Male,40,6,100275.88,1,1,0,138564.48,5,GOLD,889
706,Germany,Female,48,10,104478.12,3,0,1,158248.71,1,GOLD,574
664,France,Male,40,9,0.0,2,1,0,194767.3,5,SILVER,354
542,Spain,Male,37,8,0.0,1,1,1,807.06,3,GOLD,842
745,Spain,Male,34,7,132944.53,1,1,1,31802.92,1,PLATINUM,720
635,France,Male,27,3,127009.83,1,1,0,161909.95,1,GOLD,686
570,France,Female,33,8,0.0,1,1,1,124641.42,5,PLATINUM,943
668,France,Male,42,3,150461.07,1,1,0,108139.23,1,DIAMOND,335
782,Germany,Male,35,7,98556.89,2,1,0,117644.36,2,DIAMOND,625
634,France,Female,24,2,87413.19,1,1,0,63340.65,5,GOLD,505
507,France,Female,35,2,0.0,2,1,0,97633.93,4,DIAMOND,412
710,France,Female,31,3,0.0,2,1,1,112289.06,2,SILVER,681
481,France,Male,40,3,0.0,1,1,1,32319.93,2,GOLD,415
497,Germany,Male,35,7,110053.62,2,1,1,92887.06,4,PLATINUM,748
717,France,Male,42,5,0.0,2,1,0,172665.21,3,GOLD,594
506,France,Female,32,3,0.0,1,1,1,80823.02,3,PLATINUM,619
608,Spain,Female,35,6,0.0,2,1,1,143463.28,4,DIAMOND,253
679,France,Female,44,3,118742.74,2,1,0,1568.91,1,DIAMOND,233
803,France,Male,36,1,0.0,2,1,1,149370.93,3,SILVER,986
622,France,Female,38,4,98640.74,1,1,1,110457.99,3,SILVER,304
543,Germany,Male,41,6,143350.41,1,1,1,192070.16,4,DIAMOND,592
697,France,Female,49,7,195238.29,4,0,1,131083.56,2,GOLD,503
645,France,Male,31,7,161171.7,2,1,0,12599.94,3,SILVER,532
722,Germany,Female,37,0,125977.81,1,0,0,160162.42,2,GOLD,983
506,Spain,Male,32,8,0.0,2,0,1,182692.8,4,DIAMOND,671
662,France,Male,34,2,117731.79,2,0,1,55120.79,1,GOLD,792
579,Germany,Female,50,5,117721.02,1,0,1,192146.63,1,SILVER,546
601,France,Female,26,8,78892.23,1,1,1,23703.52,1,SILVER,876
850,France,Male,29,1,0.0,2,0,0,152996.89,3,GOLD,601
659,France,Female,49,1,0.0,1,1,0,116249.72,4,PLATINUM,219
850,Spain,Male,38,2,94652.04,1,1,1,171960.76,3,PLATINUM,475
694,Germany,Male,37,1,95668.82,2,1,0,100335.55,4,GOLD,468
558,Germany,Male,39,10,144757.02,1,1,0,22878.16,4,DIAMOND,254
637,Spain,Female,45,2,157929.45,1,1,1,145134.49,4,DIAMOND,546
631,France,Female,22,3,0.0,2,0,0,30781.77,1,PLATINUM,982
575,France,Female,40,1,139532.34,1,1,0,181294.39,2,SILVER,319
750,Spain,Female,39,7,119565.92,1,1,0,87067.73,1,SILVER,918
583,Germany,Male,40,4,107041.3,1,1,1,5635.63,1,GOLD,304
693,Spain,Male,47,8,107604.66,1,1,1,80149.27,5,SILVER,446
550,Spain,Male,34,3,0.0,2,0,0,131281.28,5,SILVER,806
634,France,Male,37,5,115345.86,2,0,0,168781.8,3,GOLD,261
641,France,Female,26,4,91547.84,2,0,1,28157.34,2,PLATINUM,712
599,Spain,Female,37,2,0.0,2,1,1,143739.29,4,GOLD,516
481,Germany,Male,44,3,163714.52,1,1,0,96123.72,5,PLATINUM,530
733,Spain,Male,36,1,0.0,2,0,1,108377.82,2,SILVER,932
564,Germany,Female,32,10,139875.2,2,1,0,15378.23,1,SILVER,737
788,France,Female,39,3,135139.33,1,0,1,113086.08,1,SILVER,444
812,France,Male,24,10,0.0,2,1,1,156906.15,1,PLATINUM,658
805,Germany,Male,56,6,151802.29,1,1,0,46791.09,2,SILVER,682
737,France,Male,54,9,0.0,1,1,0,83470.4,5,PLATINUM,987
581,France,Male,54,4,89299.81,1,0,0,5558.47,4,PLATINUM,269
678,Germany,Female,30,1,139676.95,2,0,1,16146.0,1,SILVER,554
493,France,Male,36,9,0.0,2,1,1,65816.53,4,SILVER,293
557,Germany,Male,57,1,120043.13,1,1,0,132370.75,1,GOLD,954
747,France,Male,29,7,0.0,2,1,1,141706.43,1,DIAMOND,338
545,France,Male,38,1,88293.13,2,1,1,24302.95,3,GOLD,331
529,France,Male,42,1,157498.9,1,1,1,82276.62,5,SILVER,639
622,France,Male,29,7,101486.96,1,1,1,8788.35,1,PLATINUM,327
710,France,Male,43,9,128284.45,1,1,0,32996.89,5,PLATINUM,538
707,Germany,Female,51,10,98438.23,1,0,0,70778.63,5,GOLD,303
641,Spain,Male,42,9,132657.55,1,1,0,35367.19,3,GOLD,351
579,Spain,Male,56,4,99340.83,1,0,0,4523.74,1,DIAMOND,806
517,France,Male,28,2,115062.61,1,1,0,179056.23,2,GOLD,910
539,France,Male,39,3,0.0,2,1,0,36692.17,1,SILVER,426
628,Germany,Female,51,9,155903.82,2,1,1,71159.84,5,SILVER,597
764,France,Female,44,1,0.0,2,1,1,11467.38,1,PLATINUM,827
678,France,Male,43,5,102338.19,1,1,1,79649.62,3,PLATINUM,859
778,France,Female,65,7,0.0,1,1,1,77867.23,1,DIAMOND,656
500,Spain,Female,50,5,0.0,4,1,1,83866.35,1,DIAMOND,416
785,France,Female,34,9,70302.48,1,1,1,68600.36,4,SILVER,667
762,France,Male,29,6,141389.06,1,1,0,54122.89,2,DIAMOND,635
594,Germany,Female,26,6,135067.52,2,0,0,131211.86,3,PLATINUM,285
509,France,Male,55,8,132387.91,2,1,1,170360.11,1,PLATINUM,913
750,France,Female,32,5,0.0,2,1,0,95611.47,1,SILVER,872
520,France,Female,38,4,0.0,2,1,0,56388.63,2,DIAMOND,867
796,Spain,Male,56,6,94231.13,1,0,0,121164.6,2,GOLD,667
698,France,Male,36,6,0.0,2,0,1,19231.98,5,PLATINUM,698
678,Spain,Male,28,5,138668.18,1,1,1,54144.01,1,PLATINUM,408
597,Germany,Female,39,8,162532.14,3,1,0,36051.46,2,SILVER,699
707,France,Female,57,1,92053.0,1,1,1,164064.44,3,DIAMOND,828
628,Spain,Male,28,4,0.0,2,1,1,176750.81,3,DIAMOND,997
633,France,Female,39,9,129189.15,2,0,0,170998.83,1,GOLD,757
705,Germany,Female,43,10,146547.78,1,0,1,10072.55,1,GOLD,669
648,Germany,Male,33,7,135310.41,2,0,1,171668.2,3,DIAMOND,231
666,France,Female,66,7,0.0,2,1,1,99792.82,5,GOLD,545
617,France,Male,41,7,0.0,2,0,1,14496.67,1,PLATINUM,321
707,France,Male,30,8,0.0,2,1,0,33159.37,5,GOLD,402
757,France,Male,57,3,89079.41,1,1,1,53179.21,4,DIAMOND,789
418,France,Female,39,2,0.0,2,0,0,9041.71,2,DIAMOND,242
675,France,Female,38,1,104016.88,1,0,0,22068.83,1,DIAMOND,917
672,Germany,Male,40,10,102980.44,1,1,0,1285.81,2,SILVER,568
678,Germany,Female,37,2,113383.07,1,1,1,135123.96,2,DIAMOND,767
765,Spain,Male,45,2,91549.78,1,1,1,47139.44,3,PLATINUM,926
850,Germany,Female,36,0,136980.23,2,1,1,99019.65,5,SILVER,416
699,Germany,Female,31,10,125837.86,2,1,0,189392.66,1,DIAMOND,409
771,Spain,Female,41,5,0.0,2,0,1,92914.67,2,DIAMOND,958
660,Germany,Male,35,9,113948.58,1,1,0,188891.96,3,PLATINUM,959
568,Germany,Female,26,10,109819.16,2,1,0,154491.39,2,SILVER,865
514,Germany,Male,43,1,95556.31,1,0,1,199273.98,4,GOLD,774
711,Germany,Male,43,2,39043.29,2,1,1,175423.69,2,DIAMOND,258
633,Spain,Female,39,2,0.0,2,0,0,191207.03,1,PLATINUM,846
575,France,Male,36,7,0.0,1,1,1,55868.97,4,GOLD,689
775,Germany,Female,77,6,135120.56,1,1,0,37836.64,1,GOLD,538
709,France,Male,36,0,0.0,2,1,0,46811.77,3,GOLD,716
502,France,Male,33,8,0.0,2,1,1,123509.01,4,DIAMOND,717
788,France,Male,32,4,112079.58,1,0,0,89368.59,1,SILVER,645
679,France,Female,33,6,0.0,2,1,1,98015.85,5,PLATINUM,521
771,Spain,Female,56,2,0.0,1,1,1,25222.6,4,GOLD,503
530,France,Male,52,1,106723.28,1,0,0,109960.4,3,PLATINUM,284
684,Germany,Male,37,4,138476.41,2,1,1,52367.29,3,SILVER,369
447,France,Male,43,2,0.0,2,1,0,33879.26,5,GOLD,348
706,Spain,Male,38,8,0.0,2,0,1,46635.11,3,GOLD,826
556,France,Female,39,9,89588.35,1,1,1,94898.1,1,DIAMOND,827
820,France,Female,49,1,0.0,2,1,1,119087.25,1,PLATINUM,679
686,France,Male,35,4,0.0,1,1,0,8816.37,2,GOLD,656
683,Germany,Female,49,7,108797.63,2,0,0,140763.18,3,SILVER,820
611,France,Female,40,8,100812.33,2,1,0,147358.27,2,DIAMOND,927
786,France,Male,34,3,137361.96,1,0,0,183682.09,1,SILVER,872
792,Spain,Male,47,0,0.0,1,1,1,5557.88,4,DIAMOND,445
683,France,Male,72,3,140997.26,1,0,1,52876.41,3,SILVER,580
794,Spain,Male,33,8,0.0,2,0,0,91340.02,2,PLATINUM,536
787,Spain,Male,39,10,108935.39,1,1,1,101168.3,5,DIAMOND,637
612,France,Female,63,2,126473.33,1,0,1,147545.65,5,DIAMOND,633
717,Spain,Male,36,2,102989.83,2,0,1,49185.57,5,SILVER,313
545,Germany,Male,37,9,110483.86,1,1,1,127394.67,5,DIAMOND,233
646,France,Female,73,6,97259.25,1,0,1,104719.66,1,PLATINUM,250
520,France,Male,30,3,143396.54,2,1,1,898.51,1,DIAMOND,605
598,France,Female,32,4,111156.52,1,1,1,167376.26,1,SILVER,219
504,Germany,Female,44,0,131873.07,2,1,1,158036.72,3,GOLD,646
659,France,Female,38,9,0.0,2,1,1,132809.18,3,SILVER,268
615,France,Male,41,4,130385.82,1,0,1,130661.95,2,SILVER,448
516,Spain,Female,45,8,109044.3,1,0,1,115818.16,5,GOLD,229
530,Germany,Male,33,9,75242.28,1,0,1,101694.67,4,SILVER,273
617,Spain,Male,34,9,0.0,2,1,0,118749.58,1,PLATINUM,561
499,France,Female,57,1,0.0,1,0,0,131372.38,3,GOLD,251
850,France,Male,43,7,0.0,2,1,1,173851.11,3,DIAMOND,368
718,France,Female,29,3,0.0,1,0,1,134462.29,4,PLATINUM,253
725,France,Male,43,2,165896.0,2,1,0,130795.52,2,SILVER,527
644,France,Male,44,5,73348.56,1,1,0,157166.79,5,GOLD,354
529,Spain,Female,44,1,0.0,2,0,0,14161.3,4,DIAMOND,786
687,France,Female,61,7,80538.56,1,1,0,131305.37,4,DIAMOND,274
623,Spain,Female,43,4,123536.52,2,0,0,154908.52,5,GOLD,408
745,Spain,Female,59,8,0.0,1,1,1,36124.98,2,DIAMOND,949
612,Germany,Male,46,9,161450.03,1,1,1,96961.0,2,PLATINUM,882
667,France,Male,44,2,122806.95,1,0,0,15120.86,5,SILVER,236
754,Spain,Female,50,7,146777.44,2,0,1,150685.52,1,GOLD,517
616,France,Female,37,6,0.0,2,1,0,86242.18,2,PLATINUM,850
766,Germany,Male,27,5,126285.73,1,1,0,177614.17,3,SILVER,969
646,Germany,Female,30,10,100548.67,2,0,0,136983.77,2,DIAMOND,905
698,France,Female,40,7,105061.74,3,1,0,107815.31,1,DIAMOND,448
611,Spain,Male,46,6,0.0,2,1,0,45886.33,4,DIAMOND,406
623,Spain,Male,46,4,0.0,1,1,0,5549.11,3,DIAMOND,598
702,France,Female,46,9,98444.19,1,0,1,109563.28,1,PLATINUM,511
622,France,Female,35,5,0.0,2,1,0,51112.8,5,GOLD,775
609,France,Male,40,6,0.0,2,1,1,97416.34,1,DIAMOND,717
707,Germany,Female,48,7,105086.74,1,1,1,180344.69,5,PLATINUM,744
701,France,Male,30,3,156660.72,2,1,0,45742.42,3,GOLD,257
585,Germany,Male,37,6,152496.82,1,1,1,99907.29,3,SILVER,405
713,France,Male,38,9,72286.84,2,1,1,26136.89,1,SILVER,570
616,France,Female,31,8,0.0,1,0,1,76456.17,5,SILVER,675
750,France,Female,35,3,0.0,1,1,0,191520.5,1,DIAMOND,879
695,Spain,Female,31,5,0.0,2,0,1,13998.88,3,GOLD,583
777,France,Female,53,10,0.0,2,1,0,189992.97,2,PLATINUM,306
687,France,Female,34,9,125474.44,1,1,0,198929.84,1,GOLD,565
745,Spain,Female,38,7,0.0,2,1,1,194230.82,3,DIAMOND,401
768,France,Male,29,2,95984.69,2,1,1,73686.75,5,DIAMOND,631
690,France,Female,40,9,77641.99,1,0,0,189051.59,4,PLATINUM,832
569,France,Male,43,7,0.0,2,1,0,52534.81,1,PLATINUM,367
674,France,Male,46,2,174701.05,1,1,0,90189.72,4,DIAMOND,410
785,Spain,Male,41,7,0.0,2,1,1,199108.88,5,SILVER,681
705,Spain,Female,40,5,203715.15,1,1,0,179978.68,2,DIAMOND,801
635,France,Male,43,10,122198.21,2,0,1,179144.54,4,DIAMOND,704
738,France,Male,35,5,161274.05,2,1,0,181429.87,5,SILVER,566
647,Spain,Female,44,5,0.0,3,1,1,174205.22,3,DIAMOND,752
809,France,Female,39,5,0.0,1,1,0,77705.75,5,DIAMOND,754
597,France,Male,61,5,0.0,2,1,1,81299.17,1,GOLD,567
484,Germany,Male,54,3,134388.11,1,0,0,49954.79,3,GOLD,719
753,France,Female,62,6,0.0,2,1,1,136398.9,4,SILVER,494
655,Spain,Male,34,1,116114.93,1,1,1,49492.15,5,GOLD,601
512,Germany,Female,32,2,123403.85,2,1,0,80120.19,2,PLATINUM,798
679,Germany,Male,52,9,135870.01,2,0,0,54038.62,2,GOLD,510
666,France,Female,27,4,0.0,2,0,0,88751.45,1,DIAMOND,818
735,France,Male,73,9,0.0,1,1,1,114283.33,1,SILVER,393
680,Spain,Male,42,0,0.0,1,1,0,136377.21,3,DIAMOND,821
542,France,Female,31,3,0.0,2,1,1,115217.59,1,DIAMOND,945
683,France,Female,38,5,127616.56,1,1,0,123846.07,4,PLATINUM,806
626,Spain,Female,48,2,0.0,2,1,1,95794.98,3,DIAMOND,682
682,France,Female,37,8,148580.12,1,1,0,35179.18,5,GOLD,643
688,Spain,Male,42,5,0.0,2,0,0,197602.29,4,SILVER,378
651,Germany,Female,24,7,40224.7,1,1,1,178341.33,4,PLATINUM,842
648,Spain,Female,56,6,157559.59,2,1,0,140991.23,4,SILVER,320
660,Spain,Male,33,2,80462.24,1,0,0,150422.35,2,DIAMOND,652
478,France,Female,38,4,171913.87,1,1,0,51820.87,5,DIAMOND,551
649,Germany,Male,40,4,95001.33,1,0,1,123202.99,3,GOLD,993
617,Spain,Male,61,7,91070.43,1,1,1,101839.77,2,DIAMOND,647
524,Germany,Female,31,10,67238.98,2,1,1,161811.23,5,GOLD,685
523,France,Female,73,7,0.0,2,0,0,130883.9,5,DIAMOND,566
451,France,Male,33,6,0.0,2,1,0,184954.11,3,GOLD,268
684,Spain,Female,42,3,103210.27,1,1,0,31002.03,4,PLATINUM,521
706,Germany,Male,34,0,140641.26,2,1,1,77271.91,3,GOLD,288
568,Germany,Male,40,1,99282.63,1,0,0,134600.94,2,SILVER,818
607,Germany,Male,47,4,148826.32,1,1,1,79450.61,5,GOLD,837
646,France,Female,51,4,101629.3,1,0,0,130541.1,5,SILVER,639
607,Spain,Female,62,8,108004.64,1,1,1,23386.77,5,GOLD,271
589,France,Female,46,10,107238.85,2,1,0,37024.28,5,GOLD,276
721,France,Female,40,7,0.0,2,1,1,122580.48,4,PLATINUM,351
570,France,Female,36,3,0.0,2,1,0,92118.75,2,DIAMOND,971
712,Spain,Female,48,8,0.0,2,1,0,183235.33,2,SILVER,923
662,Germany,Male,33,0,103471.52,1,1,1,162703.0,3,DIAMOND,243
536,France,Male,39,4,0.0,2,1,0,27150.35,1,PLATINUM,422
743,Spain,Male,43,2,161807.18,2,0,1,93228.86,5,GOLD,973
592,France,Male,60,9,0.0,4,1,1,13614.01,5,GOLD,803
684,France,Female,41,6,135203.81,2,1,1,121967.88,3,DIAMOND,682
697,France,Female,47,6,128252.66,1,1,1,168053.4,1,DIAMOND,281
474,France,Female,30,9,0.0,2,0,0,63158.22,1,PLATINUM,894
677,Germany,Female,41,8,146720.98,2,1,1,4195.84,3,DIAMOND,562
578,France,Male,34,4,175111.11,1,1,1,74858.3,2,SILVER,311
487,France,Male,53,4,199689.49,1,1,1,24207.86,1,SILVER,726
652,Spain,Male,28,8,156823.7,2,1,0,198251.52,5,PLATINUM,749
655,Germany,Female,32,6,130935.56,1,1,0,9241.83,4,PLATINUM,515
739,France,Male,34,9,0.0,1,1,0,60584.33,3,PLATINUM,788
516,Spain,Female,27,1,0.0,1,0,1,112311.15,3,PLATINUM,638
604,Spain,Female,34,3,0.0,2,1,0,38587.7,1,DIAMOND,407
850,Spain,Male,33,3,100476.46,2,1,1,136539.13,1,GOLD,590
695,Spain,Male,28,0,96020.86,1,1,1,57992.49,2,SILVER,865
504,France,Female,73,8,0.0,1,1,1,34595.58,3,GOLD,672
435,France,Male,54,3,0.0,1,1,0,156910.46,4,SILVER,832
559,France,Male,28,3,141099.43,1,1,1,15607.27,3,PLATINUM,328
780,Germany,Male,71,9,142550.25,2,1,1,122506.78,1,PLATINUM,408
620,France,Male,32,6,0.0,2,1,0,56139.09,1,GOLD,818
699,Spain,Female,50,0,158633.61,1,1,0,193785.87,1,SILVER,835
554,Germany,Female,51,7,105701.91,1,0,1,179797.79,1,DIAMOND,999
651,Spain,Male,45,4,0.0,2,0,0,193009.21,4,DIAMOND,344
656,Germany,Female,46,7,141535.52,1,1,0,50595.15,1,GOLD,806
703,France,Male,56,9,0.0,1,0,0,85547.33,3,SILVER,623
615,Germany,Male,43,3,86920.86,1,1,1,150048.37,1,DIAMOND,579
691,France,Male,38,1,0.0,2,0,0,44653.5,1,GOLD,885
646,France,Female,38,2,0.0,2,0,0,178752.73,3,GOLD,240
698,Germany,Male,44,10,116363.37,2,1,0,198059.16,4,SILVER,829
618,Spain,Male,33,4,0.0,2,1,1,77550.18,1,SILVER,273
615,Germany,Male,58,3,72309.3,1,1,1,85687.09,3,GOLD,648
581,Germany,Female,38,3,135157.05,1,1,1,32919.42,3,SILVER,622
616,Germany,Female,45,4,122793.96,1,1,1,62002.04,5,SILVER,224
663,Spain,Female,33,8,96769.04,1,1,1,36864.05,4,GOLD,852
696,France,Female,33,4,0.0,2,1,1,73371.65,3,PLATINUM,348
634,France,Male,26,8,0.0,1,1,0,21760.96,4,DIAMOND,783
689,France,Male,40,8,160272.27,1,1,0,49656.24,2,SILVER,729
588,France,Male,32,1,0.0,2,1,1,8763.87,1,PLATINUM,824
450,Spain,Male,25,9,74237.2,2,0,1,195463.35,3,SILVER,547
680,Spain,Male,36,7,0.0,2,1,0,20109.21,5,DIAMOND,524
830,Spain,Male,40,4,0.0,2,0,1,81622.52,5,DIAMOND,543
685,France,Female,33,6,0.0,2,0,1,186785.01,3,SILVER,340
775,Germany,Female,38,4,125212.65,2,1,1,15795.88,2,GOLD,332
699,France,Male,44,8,158697.61,1,1,0,107181.22,2,DIAMOND,963
774,Germany,Male,36,9,130809.77,1,1,0,152290.28,5,SILVER,560
624,France,Female,32,2,79368.87,2,1,1,145471.94,1,SILVER,994
492,France,Male,29,1,144591.96,1,1,1,196293.76,3,SILVER,251
684,France,Female,25,1,0.0,2,0,1,144978.47,2,DIAMOND,904
573,Spain,Male,56,3,154669.77,1,0,1,115462.27,5,SILVER,454
457,Germany,Male,42,4,126772.57,1,0,1,126106.4,3,DIAMOND,322
680,Spain,Female,31,9,119825.75,2,1,1,101139.3,5,DIAMOND,307
657,Germany,Male,30,1,139762.13,2,1,1,23317.88,5,SILVER,731
773,Germany,Male,47,2,118079.47,4,1,1,143007.49,4,PLATINUM,668
659,Germany,Male,48,4,123593.22,2,1,0,82469.06,1,PLATINUM,291
719,France,Male,49,5,105918.1,1,1,1,16246.59,1,DIAMOND,221
718,Spain,Female,39,2,0.0,1,1,1,52138.49,2,PLATINUM,431
706,Germany,Male,31,1,117020.08,2,1,0,54439.53,4,GOLD,401
692,Germany,Female,43,10,118588.83,1,1,1,161241.65,5,DIAMOND,443
695,France,Female,50,8,0.0,1,1,0,126381.6,2,PLATINUM,680
729,France,Male,32,6,93694.42,1,1,1,79919.13,2,GOLD,613
660,France,Female,20,6,167685.56,1,1,0,57929.9,5,DIAMOND,345
625,France,Male,43,8,201696.07,1,1,0,133020.9,4,GOLD,538
643,France,Male,34,7,0.0,2,0,1,100304.13,5,DIAMOND,520
665,France,Male,28,8,137300.23,1,1,0,90174.83,4,GOLD,638
850,France,Male,30,10,153972.89,2,1,0,62811.03,1,DIAMOND,945
705,France,Male,25,3,113736.27,1,0,1,196864.61,2,PLATINUM,645
593,Spain,Male,35,4,161637.75,1,1,1,20008.46,1,GOLD,391
610,France,Male,37,0,0.0,1,1,0,114514.64,5,PLATINUM,728
522,Germany,Female,25,5,94049.92,2,1,0,103269.0,3,SILVER,913
561,France,Male,37,5,0.0,2,1,0,83093.25,5,PLATINUM,650
731,Germany,Female,21,8,132312.06,1,1,0,106663.46,2,GOLD,269
756,France,Male,62,3,0.0,1,1,1,11199.04,3,SILVER,600
759,France,Female,31,1,109848.6,1,1,1,42012.55,5,SILVER,299
608,France,Female,30,8,0.0,2,1,0,128875.86,2,GOLD,657
628,Germany,Male,40,5,181768.32,2,1,1,129107.97,2,SILVER,307
772,Germany,Male,42,3,75075.31,2,1,0,92888.52,2,GOLD,339
750,France,Male,22,5,0.0,2,0,1,105125.65,5,GOLD,950
850,Germany,Female,47,4,99219.47,2,1,1,122141.13,1,GOLD,630
507,Germany,Male,31,9,111589.67,1,1,0,150037.19,2,PLATINUM,473
729,Germany,Female,39,1,131513.26,1,1,1,193715.0,1,PLATINUM,751
752,Spain,Female,35,2,0.0,1,1,0,44335.54,4,PLATINUM,309
664,France,Female,44,8,142989.69,1,1,1,115452.51,3,DIAMOND,750
430,Germany,Male,36,1,138992.48,2,0,0,122373.42,3,SILVER,770
646,Germany,Male,50,6,145295.31,2,1,1,27814.74,3,GOLD,561
498,Germany,Male,25,8,121702.73,1,1,1,132210.49,4,DIAMOND,793
749,France,Male,40,1,139290.41,1,1,0,182855.42,1,SILVER,381
593,France,Female,35,6,133489.12,2,1,1,78101.29,4,DIAMOND,864
710,Germany,Male,37,6,135795.63,1,0,1,46523.6,5,PLATINUM,677
719,Spain,Male,44,2,0.0,2,1,0,196582.19,5,GOLD,660
569,Spain,Female,34,6,144855.34,1,0,0,196555.32,4,GOLD,697
593,France,Male,45,4,138825.19,1,0,0,10828.78,5,PLATINUM,475
625,France,Male,39,5,0.0,1,1,0,99800.87,5,GOLD,520
714,Germany,Female,55,9,180075.22,1,1,1,100127.71,1,GOLD,652
799,France,Female,22,8,174185.98,2,0,1,192633.85,3,PLATINUM,219
755,Germany,Female,37,0,113865.23,2,1,1,117396.25,3,GOLD,589
651,France,Male,36,7,0.0,2,1,0,13898.31,1,GOLD,545
610,Spain,Male,46,5,91897.8,1,1,0,54394.28,1,SILVER,914
589,France,Male,32,2,0.0,2,0,1,9468.64,2,GOLD,539
666,France,Female,41,10,141162.08,1,1,0,50908.48,2,SILVER,510
744,Spain,Male,36,2,153804.44,1,1,1,87213.33,3,SILVER,252
585,France,Female,28,6,105795.9,1,1,1,41219.09,2,PLATINUM,446
673,Spain,Female,37,0,0.0,2,0,0,82351.06,1,PLATINUM,602
686,France,Female,43,0,0.0,1,1,1,170072.9,5,PLATINUM,929
520,Spain,Female,35,4,115680.81,1,1,1,90280.7,5,PLATINUM,275
650,Spain,Male,71,0,0.0,1,1,1,175380.77,5,GOLD,928
659,Germany,Female,39,1,104502.11,1,1,0,20652.69,5,DIAMOND,966
583,France,Male,39,1,129299.28,2,1,0,73107.6,1,DIAMOND,378
722,Germany,Female,48,10,138311.76,1,1,1,3472.63,2,DIAMOND,310
705,France,Female,48,0,0.0,2,0,0,149772.61,1,SILVER,587
516,France,Female,40,9,0.0,2,0,1,33266.29,2,PLATINUM,693
842,France,Male,44,3,141252.18,4,0,1,128521.16,5,PLATINUM,741
647,Germany,Male,52,7,130013.12,1,1,1,190806.36,4,SILVER,309
539,France,Male,39,1,0.0,1,1,1,28184.7,5,PLATINUM,445
732,France,Male,79,10,61811.23,1,1,1,104222.8,1,SILVER,726
762,France,Male,35,9,0.0,2,1,1,43075.7,1,DIAMOND,749
597,Spain,Male,26,5,0.0,2,0,1,95159.13,3,GOLD,545
560,Spain,Female,31,5,125341.69,1,1,0,79547.39,4,PLATINUM,797
720,Germany,Male,46,3,97042.6,1,1,1,133516.51,2,GOLD,809
458,France,Female,39,9,0.0,2,1,0,116343.09,4,PLATINUM,345
611,Germany,Female,49,9,115488.52,2,1,1,138656.81,4,SILVER,991
678,France,Male,54,7,128914.97,1,0,0,191746.23,2,SILVER,323
573,France,Male,31,2,0.0,2,1,1,91957.39,3,PLATINUM,629
715,France,Male,35,2,141005.47,1,1,1,60407.93,1,SILVER,674
625,Germany,Female,35,5,86147.46,2,1,0,163440.8,2,GOLD,240
542,France,Male,32,7,107871.72,1,1,0,125302.64,2,DIAMOND,668
678,France,Female,49,3,204510.94,1,0,1,738.88,2,SILVER,810
711,Spain,Female,28,5,0.0,2,1,1,93959.96,3,DIAMOND,979
551,Spain,Male,32,4,0.0,2,1,0,53420.53,3,DIAMOND,921
678,Spain,Male,30,0,0.0,1,1,0,35113.08,4,GOLD,965
621,Germany,Male,40,8,174126.75,3,1,0,172490.78,5,SILVER,994
761,Spain,Male,27,8,0.0,2,1,0,63297.7,5,SILVER,494
612,France,Male,41,5,0.0,3,0,0,151256.22,4,DIAMOND,327
649,Spain,Male,29,2,45022.23,1,1,1,173495.77,4,PLATINUM,595
747,France,Female,40,3,0.0,1,0,0,57817.84,2,DIAMOND,929
603,Germany,Female,55,7,127723.25,2,1,0,139469.11,4,SILVER,301
535,Germany,Male,48,5,134542.73,1,1,1,58203.67,4,SILVER,351
724,Germany,Male,54,8,172192.49,1,1,1,136902.01,2,SILVER,565
688,Germany,Female,34,9,91025.58,2,0,1,163783.0,4,SILVER,985
660,Germany,Female,23,6,166070.48,2,0,0,90494.72,4,GOLD,313
614,France,Female,19,5,97445.49,2,1,0,122823.34,5,PLATINUM,596
714,Spain,Male,34,5,0.0,2,1,0,193040.32,3,SILVER,446
550,Germany,Male,29,9,145294.08,2,1,0,147484.13,3,SILVER,872
600,Spain,Male,36,4,0.0,2,1,0,143635.36,1,GOLD,767
724,France,Female,40,6,110054.45,1,1,1,86950.72,2,SILVER,680
551,Germany,Male,31,9,82293.82,2,1,1,91565.25,3,PLATINUM,748
653,Germany,Female,25,2,158266.42,3,1,1,199357.24,4,GOLD,630
636,Germany,Male,49,6,113599.74,2,1,0,158887.09,2,PLATINUM,752
464,Spain,Female,34,5,76001.57,1,1,1,158668.87,1,DIAMOND,527
523,Germany,Male,27,8,61688.61,2,1,0,147059.16,4,GOLD,316
636,Spain,Male,60,7,124447.73,1,1,1,141364.62,2,DIAMOND,359
589,Germany,Male,55,7,119961.48,1,1,0,65156.83,5,PLATINUM,248
733,Germany,Male,45,2,113939.36,2,1,0,3218.71,1,PLATINUM,995
774,Spain,Male,46,9,0.0,2,1,1,34774.26,2,SILVER,919
481,France,Male,37,8,152303.66,2,1,1,175082.2,1,PLATINUM,517
591,France,Female,33,4,113743.37,1,1,0,124625.08,2,SILVER,947
674,Spain,Male,36,2,0.0,2,1,1,182787.17,1,GOLD,353
507,Spain,Male,32,7,0.0,2,1,0,67926.18,5,SILVER,506
670,Spain,Female,40,3,0.0,1,1,1,182650.15,5,GOLD,270
574,Spain,Male,36,1,0.0,2,0,1,71709.12,2,DIAMOND,980
759,France,Female,38,1,104091.29,1,0,0,91561.91,1,PLATINUM,875
584,Spain,Female,38,3,0.0,2,1,1,4525.4,2,GOLD,941
687,Germany,Female,41,2,154007.21,1,1,0,158408.23,5,SILVER,410
662,France,Male,34,2,0.0,2,0,1,21497.27,4,GOLD,892
850,Germany,Male,36,5,119984.07,1,1,0,191535.11,1,GOLD,328
593,Spain,Female,40,2,0.0,1,1,1,5194.95,2,SILVER,678
635,France,Female,72,4,74812.84,1,0,1,27448.33,5,GOLD,627
537,Germany,Male,66,8,103291.25,2,1,1,130664.79,4,GOLD,458
769,France,Male,29,8,0.0,2,1,1,172290.61,2,DIAMOND,411
668,Spain,Male,45,4,102486.21,2,1,1,158379.25,4,GOLD,823
540,France,Male,22,4,0.0,3,1,1,186233.26,3,PLATINUM,530
620,France,Male,37,0,107548.94,1,1,0,71175.94,5,GOLD,319
681,Germany,Female,44,3,105206.7,2,1,1,163558.36,2,GOLD,923
713,France,Female,37,8,0.0,1,1,1,16403.41,2,GOLD,444
769,Germany,Male,60,9,148846.39,1,1,0,192831.67,5,GOLD,310
653,France,Male,29,2,0.0,2,1,1,41671.81,5,PLATINUM,718
775,Spain,Male,48,4,178144.91,2,0,0,50168.41,5,DIAMOND,795
527,Spain,Male,28,6,128396.33,2,1,0,79919.97,5,SILVER,882
556,Germany,Male,42,0,115915.53,2,0,1,125435.47,5,DIAMOND,569
835,Germany,Female,29,10,130420.2,2,0,0,106276.55,5,DIAMOND,349
763,Spain,Male,67,9,148564.66,1,0,1,87236.4,1,PLATINUM,595
644,France,Male,33,2,0.0,1,1,0,96420.58,1,DIAMOND,482
785,France,Female,47,9,122031.55,1,1,1,33823.5,5,GOLD,560
654,France,Female,29,4,96974.97,1,0,1,141404.07,2,DIAMOND,342
683,France,Male,41,6,95696.52,2,1,1,184366.14,5,GOLD,459
632,Spain,Female,39,5,97854.37,2,1,0,93536.38,4,DIAMOND,271
646,Germany,Male,39,6,121681.91,2,0,1,61793.47,1,GOLD,321
572,Spain,Male,31,5,98108.79,1,0,1,119996.95,1,GOLD,639
556,Germany,Male,37,9,145018.64,2,1,0,90928.02,1,SILVER,545
808,Germany,Female,37,2,100431.84,1,1,0,35140.49,2,DIAMOND,424
850,France,Male,36,7,0.0,1,1,1,40812.9,3,GOLD,944
690,Spain,Female,26,2,0.0,2,1,1,93255.85,3,GOLD,568
738,Spain,Male,35,8,127290.61,1,1,0,16081.62,2,SILVER,620
604,Germany,Male,25,7,165413.43,1,1,1,35279.74,2,SILVER,616
832,Spain,Male,29,8,93833.86,1,0,1,10417.87,2,GOLD,294
606,France,Male,37,6,82373.94,1,0,0,172526.9,3,PLATINUM,632
755,France,Female,38,1,0.0,2,1,0,20734.81,4,GOLD,644
437,France,Female,26,1,120923.52,1,0,1,78854.57,2,GOLD,310
679,France,Female,36,3,0.0,2,1,1,2243.41,5,SILVER,773
614,France,Male,51,3,0.0,2,1,1,5552.37,4,GOLD,705
689,Germany,Female,30,5,136650.89,1,1,1,41865.72,1,PLATINUM,432
631,Germany,Male,40,3,107949.45,1,1,0,52449.62,4,DIAMOND,728
606,Spain,Female,46,8,0.0,2,1,1,183717.94,2,DIAMOND,939
651,Germany,Male,29,3,121890.06,1,1,0,54530.51,1,GOLD,499
786,France,Female,33,0,83036.05,1,0,1,154990.58,2,PLATINUM,595
610,Germany,Male,50,1,113957.01,2,1,0,196526.55,4,SILVER,264
540,France,Male,37,6,0.0,2,1,0,141998.89,1,GOLD,417
644,Spain,Male,18,7,0.0,1,0,1,59645.24,1,GOLD,620
574,Germany,Male,54,1,99774.5,1,0,0,4896.11,5,SILVER,222
626,France,Male,38,7,141074.59,1,1,0,52795.56,2,DIAMOND,323
622,France,Female,30,2,158584.82,3,1,0,142342.55,2,DIAMOND,981
646,Spain,Female,42,3,99836.47,1,0,1,22909.56,3,GOLD,324
730,France,Male,39,1,116537.6,1,0,0,145679.6,1,GOLD,453
738,France,Female,39,1,94435.45,2,0,1,189430.86,5,SILVER,474
756,France,Female,24,1,0.0,2,1,0,184182.25,5,DIAMOND,896
580,Spain,Male,61,8,125921.37,1,1,1,94677.83,5,DIAMOND,700
516,France,Female,33,7,127305.5,1,1,1,120037.36,4,GOLD,924
598,Spain,Female,38,6,0.0,2,0,0,173783.38,4,PLATINUM,897
589,France,Male,37,7,85146.48,2,1,0,86490.09,2,SILVER,806
594,Germany,Female,32,4,120074.97,2,1,1,162961.79,2,DIAMOND,728
601,Germany,Male,35,8,71553.83,1,1,0,177384.45,4,DIAMOND,448
702,France,Female,40,1,103549.24,1,0,0,9712.52,3,DIAMOND,804
675,Spain,Male,32,8,197436.82,1,1,1,52710.7,3,DIAMOND,236
660,France,Male,34,1,0.0,2,1,0,9692.58,3,DIAMOND,853
508,France,Female,31,7,0.0,2,1,1,6123.15,4,GOLD,573
703,Germany,Male,35,5,140691.08,2,1,0,167810.26,3,PLATINUM,811
850,Germany,Female,44,5,128605.32,1,0,1,171096.2,2,PLATINUM,952
757,Germany,Male,36,1,65349.71,1,0,0,64539.64,2,SILVER,788
643,France,Female,51,2,105229.53,1,1,0,34967.75,2,SILVER,848
781,France,Male,29,9,0.0,2,0,0,172097.4,4,SILVER,867
559,France,Male,32,9,145303.52,1,1,0,103560.98,2,PLATINUM,450
708,France,Female,34,4,0.0,1,1,1,62868.33,3,GOLD,578
486,France,Male,63,9,97009.15,1,1,1,85101.0,1,GOLD,575
627,Germany,Male,30,3,128770.88,2,1,1,40199.01,5,GOLD,315
479,Spain,Male,35,4,125920.98,1,1,1,20393.44,5,SILVER,555
714,Spain,Female,31,6,152926.6,1,1,1,50899.91,3,DIAMOND,983
730,Germany,Female,33,7,130367.87,1,1,0,15142.1,2,GOLD,910
739,France,Male,40,4,0.0,2,0,0,173321.65,4,GOLD,804
614,France,Male,51,4,40685.92,1,1,1,46775.28,4,PLATINUM,954
752,Germany,Male,29,4,129514.99,1,1,1,102930.46,2,PLATINUM,449
738,Spain,Male,36,5,0.0,2,1,1,96881.32,1,GOLD,856
558,Spain,Female,31,7,0.0,2,1,0,166720.28,1,SILVER,689
802,Spain,Male,41,6,0.0,2,1,0,47322.05,2,DIAMOND,340
666,France,Male,46,5,123873.19,1,1,1,177844.06,2,PLATINUM,742
564,France,Male,31,0,110527.17,1,1,1,87060.77,2,GOLD,752
778,France,Male,34,5,139064.06,2,0,0,67949.32,2,SILVER,899
592,France,Female,34,9,0.0,2,1,1,20460.2,4,DIAMOND,813
685,France,Female,50,6,94238.75,2,1,1,50664.07,4,DIAMOND,941
494,France,Male,25,6,0.0,2,0,1,109988.09,1,PLATINUM,376
654,France,Female,37,5,0.0,1,0,1,71492.28,5,PLATINUM,236
561,France,Female,35,5,0.0,2,1,0,59981.62,2,PLATINUM,598
422,France,Male,41,6,153238.88,1,1,0,11663.09,5,GOLD,741
648,Spain,Male,36,8,146943.38,2,1,1,130041.45,3,GOLD,780
591,Germany,Female,35,2,90194.34,2,1,0,57064.57,5,DIAMOND,986
550,France,Male,34,8,122359.5,1,0,0,116495.55,2,GOLD,702
627,Spain,Male,48,1,132759.8,1,1,0,78899.22,5,GOLD,419
443,Germany,Male,59,4,110939.3,1,1,0,72846.58,5,PLATINUM,304
720,Germany,Female,37,8,156282.79,1,1,0,45985.52,1,GOLD,390
645,France,Male,45,6,155417.61,1,0,1,3449.22,3,PLATINUM,810
655,Spain,Female,35,1,106405.03,1,1,1,82900.25,3,DIAMOND,580
696,France,Male,22,9,149777.0,1,1,1,198032.93,3,PLATINUM,873
630,Spain,Female,21,1,85818.18,1,1,1,133102.3,2,DIAMOND,374
773,Spain,Male,52,2,0.0,2,1,0,57337.79,5,PLATINUM,607
617,France,Male,25,1,102585.88,2,1,1,115387.4,5,SILVER,779
541,Germany,Female,39,9,100116.67,1,1,1,199808.1,2,GOLD,635
655,Germany,Male,67,6,148363.38,1,1,1,186995.17,5,PLATINUM,241
564,Spain,Male,31,5,121461.87,1,1,1,20432.09,1,PLATINUM,279
724,Spain,Male,36,1,0.0,2,1,0,52462.25,3,GOLD,660
683,Spain,Female,24,8,98567.1,1,1,0,187987.01,1,SILVER,987
630,France,Male,28,9,0.0,2,0,0,32599.35,2,SILVER,625
552,Spain,Female,34,4,0.0,2,1,0,140286.69,4,GOLD,878
574,France,Female,39,5,119013.86,1,1,0,103421.91,4,DIAMOND,904
727,France,Male,52,4,0.0,2,1,1,118429.02,1,SILVER,647
652,Germany,Male,50,8,125437.64,1,1,1,17160.94,1,DIAMOND,765
683,France,Male,39,4,0.0,2,1,0,171716.81,2,GOLD,913
762,Spain,Female,26,7,123709.46,2,1,1,169654.57,4,PLATINUM,669
739,France,Female,20,4,133800.98,1,0,1,150245.81,3,PLATINUM,320
678,Germany,Male,32,4,139626.01,1,1,1,118235.52,3,PLATINUM,287
837,France,Female,29,9,0.0,2,1,1,41866.26,4,SILVER,374
580,Spain,Female,65,1,0.0,2,0,1,103182.46,1,GOLD,352
708,Germany,Female,43,0,118994.84,1,1,0,181499.77,1,PLATINUM,904
536,France,Female,22,5,89492.62,1,0,0,42934.43,2,DIAMOND,231
758,France,Female,52,7,125095.94,1,1,0,171189.83,2,PLATINUM,747
579,Germany,Female,42,3,137560.38,2,1,1,85424.34,2,PLATINUM,909
741,Spain,Male,43,0,0.0,2,1,1,2920.63,1,SILVER,242
731,Germany,Male,37,3,116880.53,1,0,0,172718.35,5,SILVER,782
771,France,Male,39,5,0.0,2,1,0,96270.64,1,DIAMOND,300
629,Spain,Male,31,6,132876.55,1,1,1,130862.11,3,PLATINUM,342
737,France,Female,32,7,128551.36,2,0,1,189402.71,2,GOLD,314
684,France,Male,60,2,116563.58,1,1,0,120257.7,1,SILVER,969
670,France,Female,41,10,0.0,3,1,0,81602.02,4,DIAMOND,378
554,Spain,Male,42,1,0.0,2,0,1,183492.9,2,GOLD,593
703,France,Female,40,7,0.0,2,0,1,122518.5,4,GOLD,566
493,Germany,Female,35,8,178317.6,1,0,0,197428.64,1,SILVER,738
722,Spain,Male,43,1,0.0,1,1,0,44560.17,5,SILVER,448
573,France,Male,27,2,128243.03,1,1,1,11631.34,2,DIAMOND,383
778,France,Male,44,8,123863.64,1,1,0,144494.94,1,DIAMOND,830
543,France,Male,36,6,0.0,2,1,0,176728.28,4,GOLD,894
652,Germany,Male,46,10,121063.8,3,1,0,151481.86,5,SILVER,683
630,France,Female,36,2,110414.48,1,1,1,48984.95,3,SILVER,882
686,Germany,Male,29,3,185379.02,1,1,0,64679.07,3,SILVER,713
632,France,Male,40,5,147650.68,1,1,1,199674.83,1,SILVER,651
723,France,Female,35,0,0.0,2,0,1,61290.99,1,GOLD,996
850,Germany,Male,28,4,147972.19,1,1,0,60708.72,2,SILVER,823
541,France,Male,32,8,0.0,2,0,0,40889.14,5,PLATINUM,725
729,Spain,Male,31,8,164870.81,2,1,1,9567.39,4,PLATINUM,249
650,Spain,Male,24,8,108881.73,1,1,0,104492.83,3,SILVER,853
850,Germany,Male,55,0,98710.89,1,1,1,83617.17,4,SILVER,614
572,Spain,Male,35,4,152390.26,1,1,0,128123.66,4,GOLD,951
625,France,Female,28,3,0.0,1,0,0,183646.41,4,GOLD,718
831,Germany,Male,32,9,80262.66,1,1,0,194867.78,4,GOLD,590
571,France,Female,23,10,151097.28,1,0,1,17163.75,2,GOLD,841
640,France,Male,33,7,154575.76,1,1,0,25722.28,5,GOLD,762
672,Germany,Female,21,1,35741.69,1,1,0,28789.94,2,DIAMOND,466
626,Germany,Male,39,10,132287.92,3,1,1,51467.92,5,PLATINUM,880
518,France,Female,45,9,105525.65,2,1,1,73418.29,3,DIAMOND,610
759,Spain,Female,74,6,128917.84,1,1,1,48244.64,1,DIAMOND,793
760,Spain,Female,32,2,0.0,1,1,1,114565.35,4,GOLD,625
739,Germany,Male,32,3,102128.27,1,1,0,63981.37,2,DIAMOND,979
594,France,Male,23,5,156267.59,1,1,0,160968.44,2,GOLD,871
474,Spain,Male,37,3,0.0,2,0,0,57175.32,4,SILVER,275
699,France,Female,49,2,0.0,1,0,0,105760.01,4,PLATINUM,370
692,France,Female,28,8,95059.02,2,1,0,44420.18,1,GOLD,588
688,France,Male,52,1,0.0,2,1,1,172033.57,1,DIAMOND,635
725,France,Male,35,7,75915.75,1,1,0,150507.43,1,SILVER,963
658,France,Male,39,7,0.0,2,1,0,48378.4,4,DIAMOND,850
706,France,Male,54,9,117444.51,1,1,1,186238.85,2,PLATINUM,344
587,Germany,Male,33,6,132603.36,1,1,0,55775.72,1,SILVER,479
692,France,Male,29,4,0.0,1,1,0,76755.99,3,PLATINUM,686
713,Germany,Male,45,4,131038.14,1,1,0,74005.04,2,GOLD,495
591,France,Male,43,3,0.0,2,0,1,198926.36,3,PLATINUM,785
726,France,Male,34,9,0.0,2,0,0,14121.61,3,SILVER,616
826,Spain,Female,29,4,129938.07,1,0,1,190200.53,1,GOLD,708
502,Germany,Female,57,3,101465.31,1,1,0,43568.31,5,SILVER,882
849,France,Female,41,9,115465.28,1,1,0,103174.5,3,GOLD,623
565,Germany,Male,52,5,97720.35,2,1,0,175070.94,2,PLATINUM,324
608,France,Female,56,10,129255.2,2,1,0,142492.04,2,PLATINUM,281
769,France,Female,38,2,0.0,2,0,0,75578.67,5,SILVER,829
476,France,Male,40,6,0.0,1,1,1,22735.45,4,PLATINUM,507
710,Spain,Female,38,4,0.0,2,1,1,136390.88,4,DIAMOND,411
806,Germany,Male,34,2,96152.68,2,1,0,143711.02,2,GOLD,303
693,Spain,Female,46,3,151709.33,1,1,0,180736.24,1,SILVER,695
458,Germany,Female,43,1,106870.12,2,1,0,100564.37,3,DIAMOND,322
575,Spain,Male,28,7,0.0,1,1,1,10666.05,1,PLATINUM,750
756,France,Male,37,3,132623.6,1,1,1,58974.0,1,GOLD,677
615,France,Male,32,4,0.0,2,1,1,6225.63,4,GOLD,294
790,Spain,Female,41,7,109508.68,1,0,0,86776.38,3,SILVER,233
612,France,Female,33,0,64900.32,2,1,0,102426.12,3,PLATINUM,955
813,Germany,Male,30,1,116416.94,1,0,1,85808.22,1,DIAMOND,892
735,Spain,Male,55,2,103176.62,1,0,1,163516.16,2,PLATINUM,708
652,Germany,Female,26,1,131908.35,1,1,1,179269.79,1,PLATINUM,343
722,Germany,Male,29,1,107233.85,2,1,0,24924.92,2,DIAMOND,941
776,Germany,Female,37,1,93124.04,2,1,1,196079.32,1,DIAMOND,232
680,France,Male,31,1,0.0,2,1,1,3148.2,2,GOLD,442
646,France,Female,43,8,143061.88,1,1,0,61937.6,5,DIAMOND,320
652,France,Male,48,4,59486.31,1,1,0,163944.18,5,SILVER,751
512,France,Female,33,6,121685.31,2,1,1,83681.97,4,GOLD,973
642,France,Female,40,7,0.0,2,1,0,183963.34,1,PLATINUM,882
651,France,Female,39,8,0.0,1,1,0,137452.57,3,DIAMOND,956
676,France,Male,31,3,78990.15,1,1,1,124777.14,1,SILVER,225
658,France,Male,29,3,145512.84,1,1,0,20207.02,5,DIAMOND,783
604,France,Male,28,7,0.0,2,0,0,58595.64,3,SILVER,223
607,France,Male,45,7,123859.6,1,0,1,113051.57,1,DIAMOND,859
439,Spain,Female,32,3,138901.61,1,1,0,75685.97,4,DIAMOND,913
650,Germany,Female,55,2,140891.46,3,1,1,179834.45,5,PLATINUM,526
648,Germany,Male,31,7,125681.51,1,0,1,129980.93,4,GOLD,744
757,Germany,Female,30,6,161378.02,1,0,0,71926.28,5,DIAMOND,878
591,France,Female,34,3,96127.27,1,0,0,30972.06,4,DIAMOND,427
561,France,Female,49,8,0.0,2,1,1,12513.07,1,SILVER,517
652,France,Female,51,3,0.0,1,1,0,173989.47,1,DIAMOND,673
622,France,Male,31,5,106260.67,1,1,1,2578.43,4,SILVER,660
774,Spain,Male,32,9,0.0,2,1,0,10604.48,3,DIAMOND,752
743,France,Female,39,8,0.0,1,1,0,94263.44,3,PLATINUM,296
476,Germany,Male,30,3,134366.42,1,1,0,68343.53,4,GOLD,709
619,France,Male,29,5,0.0,2,1,0,194310.1,1,DIAMOND,775
593,Germany,Female,38,5,85626.6,1,1,1,125079.65,2,GOLD,891
545,Spain,Female,44,1,0.0,2,1,1,82614.89,3,DIAMOND,874
749,France,Female,35,3,0.0,3,1,1,132649.85,3,SILVER,574
639,Germany,Male,38,5,130170.82,1,1,1,149599.62,4,GOLD,577
841,France,Female,52,5,0.0,1,0,0,183239.71,5,GOLD,783
614,Germany,Female,37,6,96340.81,2,1,1,139377.24,2,DIAMOND,662
510,France,Female,52,6,191665.21,1,1,1,131312.56,4,SILVER,297
648,France,Male,32,0,0.0,1,0,1,117323.31,4,SILVER,674
643,Germany,Male,41,2,127841.52,1,1,0,172363.41,5,GOLD,474
639,France,Male,37,5,98186.7,1,0,1,173386.95,3,DIAMOND,261
661,France,Female,37,5,136425.18,1,1,0,81102.81,2,PLATINUM,687
743,Germany,Male,65,2,131935.51,1,1,1,96399.67,3,SILVER,399
685,Spain,Male,31,10,135213.71,1,1,1,125777.28,4,GOLD,444
698,France,Male,38,2,130015.24,1,1,1,41595.3,1,GOLD,922
476,France,Female,40,4,0.0,2,0,0,182547.04,1,GOLD,488
603,France,Female,34,9,0.0,2,1,0,167916.35,3,DIAMOND,896
631,Spain,Male,33,2,0.0,2,1,1,158268.84,1,SILVER,246
695,France,Male,46,7,49512.55,1,1,0,133007.34,3,DIAMOND,310
679,Germany,Female,50,6,132598.38,2,1,1,184017.98,2,SILVER,1000
625,France,Male,52,5,164978.01,1,1,1,67788.49,3,PLATINUM,482
715,France,Female,31,3,110581.29,1,1,1,94715.24,2,PLATINUM,964
770,Germany,Male,37,5,141547.26,2,0,1,180326.83,2,DIAMOND,890
850,France,Male,31,8,0.0,2,1,0,178667.7,4,GOLD,541
775,Germany,Male,25,10,60205.2,2,1,0,14073.11,4,GOLD,490
671,Spain,Male,58,1,178713.98,1,1,1,21768.21,4,SILVER,953
697,France,Male,32,7,175464.85,3,1,0,116442.42,1,PLATINUM,594
516,France,Female,29,2,104982.57,1,1,0,157378.5,4,GOLD,649
517,France,Male,37,5,113308.84,1,0,1,31517.16,2,DIAMOND,728
480,France,Female,28,6,0.0,2,0,0,48131.92,3,SILVER,921
469,France,Female,48,5,0.0,1,1,0,160529.71,1,PLATINUM,847
776,Germany,Female,37,2,103769.22,2,1,0,194099.12,1,SILVER,268
727,Germany,Male,37,9,101191.83,1,1,1,34551.35,2,PLATINUM,613
655,Spain,Female,35,1,82231.51,2,1,0,88798.02,1,SILVER,227
565,France,Male,46,7,135369.71,1,0,1,140130.22,1,DIAMOND,829
600,France,Male,29,8,0.0,2,0,1,34747.43,4,SILVER,738
591,France,Female,31,7,0.0,2,0,1,48778.46,4,PLATINUM,406
457,France,Female,33,7,127837.54,1,0,1,60013.17,4,GOLD,782
732,France,Female,35,3,0.0,2,1,0,90876.95,3,SILVER,518
761,Germany,Male,36,8,108239.11,2,0,0,99444.02,4,DIAMOND,954
609,France,Male,34,1,0.0,1,1,1,181177.9,4,PLATINUM,226
690,Germany,Male,43,2,166522.78,1,0,0,119644.59,4,DIAMOND,834
728,Germany,Female,35,8,125884.95,2,1,0,54359.02,5,PLATINUM,273
728,Germany,Female,32,9,127772.1,2,1,1,152643.48,5,DIAMOND,658
627,Germany,Male,23,5,184244.86,1,1,0,103099.22,2,SILVER,971
684,France,Male,38,5,105069.98,2,1,1,198355.28,2,PLATINUM,862
611,France,Female,37,6,0.0,2,1,0,110782.88,5,DIAMOND,501
657,Spain,Male,67,5,119785.47,2,1,1,107534.32,1,PLATINUM,876
612,Spain,Female,52,5,144772.69,1,0,0,98302.57,4,PLATINUM,818
793,Spain,Male,29,8,96674.55,2,0,0,192120.66,4,DIAMOND,558
477,France,Male,27,1,128554.98,1,1,1,133173.19,1,PLATINUM,248
614,Spain,Male,35,2,127283.78,1,1,1,31302.35,1,SILVER,668
465,Germany,Male,24,5,117154.9,1,1,1,127744.02,3,GOLD,532
658,Spain,Male,50,2,0.0,2,1,0,52137.73,1,GOLD,893
706,Germany,Male,67,1,123276.69,2,1,1,86507.88,1,DIAMOND,906
653,Germany,Female,37,3,125734.2,2,1,0,134625.09,1,DIAMOND,389
738,France,Male,26,9,0.0,2,1,1,48644.94,1,PLATINUM,524
427,France,Male,33,8,0.0,1,1,1,13858.95,4,SILVER,959
634,France,Female,45,2,0.0,4,1,0,101039.53,2,SILVER,611
710,Germany,Male,34,8,147833.3,2,0,1,1561.58,5,GOLD,916
429,France,Female,39,6,48023.83,1,1,0,74870.99,3,GOLD,659
749,Germany,Male,22,4,94762.16,2,1,1,42241.54,3,SILVER,392
542,France,Female,29,7,0.0,2,0,1,196651.72,3,DIAMOND,761
567,France,Female,41,9,137891.35,1,1,0,142009.46,4,DIAMOND,990
681,Germany,Male,49,8,142946.18,1,0,0,187280.51,4,DIAMOND,393
527,France,Male,39,4,0.0,2,1,0,167183.07,2,SILVER,567
687,France,Female,26,6,0.0,2,1,1,32909.13,2,SILVER,257
718,Spain,Male,32,8,0.0,2,1,1,41399.33,5,GOLD,685
606,France,Male,40,6,119501.88,2,1,0,46774.94,3,SILVER,313
808,Spain,Male,25,7,0.0,2,0,1,23180.37,4,GOLD,387
591,France,Male,45,5,0.0,2,1,1,155492.87,2,GOLD,235
628,Germany,Male,29,3,113146.98,2,0,1,124749.08,2,PLATINUM,354
720,Spain,Male,33,6,97188.62,1,0,0,91881.29,4,SILVER,605
676,France,Female,61,8,0.0,2,1,1,118522.73,5,DIAMOND,762
564,Spain,Male,48,5,132876.23,1,1,0,79259.77,1,DIAMOND,741
783,France,Female,72,5,121215.9,2,1,1,105206.48,3,GOLD,509
497,France,Female,29,4,85646.81,1,0,0,63233.02,5,GOLD,750
834,France,Female,28,6,0.0,1,1,0,74287.53,2,PLATINUM,397
639,France,Male,35,8,0.0,2,1,0,170483.9,3,DIAMOND,441
705,Germany,Female,33,5,116765.7,1,0,0,190659.17,1,SILVER,711
588,Germany,Female,34,10,129417.82,1,1,0,153727.32,3,DIAMOND,300
607,France,Female,39,10,0.0,3,1,0,132741.13,5,SILVER,480
683,France,Male,33,8,0.0,1,0,0,73564.44,4,PLATINUM,576
698,Germany,Male,39,9,133191.19,2,0,1,53289.49,2,DIAMOND,428
830,Germany,Female,40,8,77701.64,1,0,1,19512.38,4,DIAMOND,671
771,Germany,Female,38,5,137657.71,2,1,0,72985.61,3,GOLD,378
667,France,Male,40,9,0.0,1,1,1,96670.2,3,GOLD,879
668,Germany,Female,59,5,120170.07,1,0,1,50454.8,3,DIAMOND,442
600,France,Male,37,1,142663.46,1,0,1,88669.89,3,SILVER,917
480,France,Male,35,2,165692.91,1,1,1,197984.58,5,GOLD,592
636,France,Male,31,6,0.0,2,1,1,2382.61,3,SILVER,875
739,Spain,Female,40,8,0.0,1,1,0,167030.51,5,PLATINUM,836
657,Spain,Female,37,0,163607.18,1,0,1,44203.55,2,GOLD,979
607,Spain,Male,40,1,112544.45,1,1,1,19842.22,3,GOLD,538
443,France,Female,35,9,108308.0,1,1,0,129031.19,4,PLATINUM,476
827,Germany,Female,47,8,143001.5,2,1,0,108977.5,4,SILVER,265
663,Spain,Male,35,5,0.0,2,1,1,62634.94,5,SILVER,252
700,France,Male,26,4,119009.57,1,1,0,141926.43,4,PLATINUM,319
474,France,Male,37,3,98431.37,1,0,0,75698.44,4,DIAMOND,972
637,France,Female,48,7,130806.99,2,1,1,132005.85,1,PLATINUM,358
608,Germany,Male,28,4,96679.71,1,1,1,49133.45,3,PLATINUM,988
850,France,Male,38,7,80293.98,1,0,0,126555.74,3,SILVER,609
660,France,Male,33,0,72783.42,1,0,0,181051.99,1,PLATINUM,553
727,Germany,Male,40,1,93051.64,2,1,0,71865.31,1,SILVER,513
684,Spain,Female,24,9,79263.9,1,0,1,196574.48,4,SILVER,484
549,Germany,Female,55,1,137592.31,2,0,1,116548.02,4,PLATINUM,319
632,Spain,Male,31,3,136556.44,1,1,0,82152.83,4,SILVER,964
540,France,Female,31,7,0.0,1,0,1,183051.6,1,GOLD,457
715,Germany,Female,37,9,105489.31,1,0,0,143096.49,5,GOLD,267
753,Germany,Female,46,3,111512.75,3,1,0,159576.75,1,DIAMOND,642
553,Germany,Male,41,9,110112.54,2,0,0,81898.81,3,GOLD,611
749,France,Male,24,1,0.0,3,1,1,47911.03,3,GOLD,758
678,Germany,Male,36,6,118448.15,2,1,0,53172.02,3,GOLD,761
635,Spain,Female,48,2,0.0,2,1,1,136551.25,4,GOLD,514
758,Germany,Female,61,8,125397.21,1,1,0,182184.09,1,DIAMOND,538
691,Spain,Male,36,7,129934.64,1,0,0,75664.56,1,DIAMOND,728
694,Spain,Male,57,8,116326.07,1,1,1,117704.65,2,SILVER,988
587,Germany,Female,32,3,125445.04,2,1,1,130514.78,3,SILVER,764
512,France,Female,37,1,0.0,2,0,1,156105.03,4,PLATINUM,722
659,Germany,Male,36,4,132578.92,2,1,0,84320.94,1,DIAMOND,367
561,France,Male,33,6,0.0,2,0,0,173680.39,3,DIAMOND,220
558,France,Male,40,6,0.0,2,1,0,173844.89,2,PLATINUM,271
445,Germany,Female,61,2,137655.31,1,0,1,29909.84,3,PLATINUM,335
584,France,Female,26,0,146286.22,1,1,0,105105.35,1,SILVER,256
721,Spain,Male,51,0,169312.13,1,1,0,109078.35,2,PLATINUM,405
762,France,Female,44,7,159316.64,1,0,0,24780.13,2,DIAMOND,932
676,Germany,Female,48,2,124442.38,1,1,0,15068.53,4,GOLD,879
606,France,Male,32,6,0.0,2,0,1,36540.63,3,PLATINUM,511
705,Spain,Male,44,0,184552.12,1,1,0,68860.3,3,DIAMOND,295
647,Germany,Male,37,3,116509.99,1,1,1,149517.71,1,GOLD,529
768,France,Female,36,3,141334.95,1,0,1,125870.5,3,DIAMOND,277
497,Germany,Female,55,7,131778.66,1,1,1,9972.64,5,GOLD,605
696,Spain,Male,28,8,0.0,1,0,0,176713.47,3,SILVER,671
724,Germany,Male,37,6,125489.4,1,1,0,118570.53,4,SILVER,880
776,Spain,Male,33,2,0.0,2,1,1,176921.0,2,GOLD,536
779,Germany,Female,37,2,128389.63,1,1,1,6589.16,2,DIAMOND,560
564,Germany,Female,30,0,100954.88,2,0,0,134175.15,1,PLATINUM,747
793,Spain,Female,36,0,0.0,1,0,0,148993.47,2,SILVER,847
585,Spain,Male,36,10,0.0,2,1,1,180318.6,3,SILVER,722
643,Germany,Male,59,3,170331.37,1,1,1,32171.79,5,PLATINUM,838
652,France,Female,31,3,103696.97,3,0,0,155221.05,4,SILVER,897
585,Spain,Male,45,0,0.0,2,0,0,189683.7,3,DIAMOND,957
783,Germany,Female,42,2,139707.28,1,1,0,2150.22,2,GOLD,501
740,Spain,Male,43,9,0.0,1,1,0,199290.68,4,PLATINUM,891
688,France,Female,32,5,0.0,2,0,1,177607.77,2,SILVER,864
516,France,Female,47,6,109387.33,1,0,0,121365.45,5,PLATINUM,670
724,France,Female,37,10,68598.56,1,1,0,157862.82,1,GOLD,260
712,Germany,Female,29,7,147199.07,1,1,1,84932.4,3,SILVER,886
596,Germany,Male,54,1,123544.0,1,1,1,120314.75,3,DIAMOND,600
638,Germany,Female,33,5,129335.65,1,1,1,56585.2,4,DIAMOND,899
602,France,Female,33,8,0.0,2,1,1,112928.74,4,SILVER,813
739,Spain,Female,41,8,0.0,1,1,0,191694.77,1,PLATINUM,618
645,France,Female,45,8,85325.93,1,0,0,22558.74,3,DIAMOND,653
630,Germany,Male,50,3,129370.91,4,1,1,47775.34,1,GOLD,712
850,France,Male,31,4,0.0,2,0,0,152298.28,5,SILVER,681
585,France,Female,43,2,0.0,2,1,0,89402.54,4,GOLD,705
700,France,Male,37,1,135179.49,1,1,0,160670.37,3,SILVER,700
776,Germany,Male,33,8,115130.34,1,0,0,129525.5,4,GOLD,658
508,France,Male,31,8,72541.48,1,1,0,129803.08,5,GOLD,759
721,France,Male,69,2,108424.19,1,1,1,178418.35,1,PLATINUM,260
692,Spain,Female,44,8,0.0,1,0,1,159069.37,4,PLATINUM,706
762,France,Male,28,2,0.0,2,1,0,167909.52,2,DIAMOND,989
660,France,Female,48,0,90044.32,2,0,1,187604.97,5,SILVER,351
850,France,Male,39,6,96863.13,1,1,1,121681.19,4,DIAMOND,883
735,Germany,Male,43,10,123180.01,2,1,1,196673.28,3,PLATINUM,683
717,Spain,Female,34,1,0.0,2,1,0,119313.74,4,DIAMOND,533
538,France,Female,62,3,75051.49,1,0,0,17682.02,4,GOLD,424
755,Germany,Male,43,6,165048.5,3,1,0,16929.41,2,SILVER,434
529,Germany,Male,72,5,94216.05,1,1,1,78695.68,2,DIAMOND,712
599,Germany,Male,38,9,89111.63,1,0,0,157239.6,3,SILVER,600
689,Spain,Male,73,1,108555.07,1,0,1,167969.15,1,PLATINUM,623
814,Spain,Female,72,2,0.0,2,0,1,130853.03,1,SILVER,836
843,France,Female,27,5,0.0,2,1,1,67494.23,1,DIAMOND,557
568,Spain,Male,39,5,0.0,2,1,1,129569.92,4,SILVER,594
677,France,Male,37,3,88363.03,1,0,1,117946.3,2,DIAMOND,276
711,France,Male,33,1,0.0,1,0,0,41590.4,3,SILVER,824
545,Germany,Male,53,5,114421.55,1,1,0,180598.28,3,PLATINUM,490
683,France,Female,29,0,157829.12,1,0,0,129891.66,1,PLATINUM,984
712,France,Female,29,8,140170.61,1,1,1,38170.04,2,PLATINUM,590
557,France,Female,32,6,184686.41,2,1,0,14956.44,3,GOLD,299
653,Spain,Male,55,7,0.0,2,1,1,41967.03,2,SILVER,581
849,Germany,Male,41,10,84622.13,1,1,1,198072.16,2,PLATINUM,901
425,Germany,Male,40,9,166776.6,2,0,1,172646.88,2,SILVER,419
597,France,Male,41,4,153198.23,1,1,1,92090.36,1,DIAMOND,342
811,Spain,Male,39,7,0.0,2,1,1,177519.39,3,GOLD,363
850,France,Female,33,3,0.0,2,1,1,11159.19,4,SILVER,566
598,Germany,Male,32,9,123938.6,2,1,0,198894.42,5,DIAMOND,375
621,Spain,Male,33,4,0.0,2,1,1,40299.23,4,SILVER,914
639,Germany,Female,37,5,151242.48,1,0,1,49637.65,3,GOLD,776
504,Spain,Female,46,2,163764.84,1,1,1,165122.55,2,GOLD,461
711,Germany,Female,53,5,123805.03,1,1,0,102428.51,5,GOLD,806
819,France,Female,38,10,0.0,2,1,0,30498.7,3,SILVER,380
672,France,Female,53,7,0.0,1,1,1,136910.18,3,PLATINUM,311
724,Germany,Male,33,4,88046.88,1,0,1,186942.49,3,SILVER,756
850,Spain,Female,31,3,121237.65,1,1,1,31022.56,3,PLATINUM,610
667,France,Male,42,7,0.0,1,0,1,108348.94,3,DIAMOND,967
657,Spain,Male,42,5,41473.33,1,1,0,112979.6,2,GOLD,603
531,France,Female,63,1,114715.71,1,0,1,24506.95,2,PLATINUM,908
583,Germany,Male,39,8,102945.01,1,0,0,52861.89,3,GOLD,802
719,Spain,Male,35,1,100829.94,1,1,1,165008.97,3,GOLD,657
569,Germany,Female,32,8,145330.43,1,1,1,132038.65,2,PLATINUM,379
607,Germany,Male,39,2,84468.67,2,1,1,121945.42,5,SILVER,331
590,Spain,Male,22,7,125265.61,1,1,1,161253.08,5,PLATINUM,851
755,France,Male,62,1,127706.33,2,0,1,142377.69,2,DIAMOND,673
850,France,Female,46,3,0.0,2,1,1,187980.21,1,PLATINUM,318
621,Spain,Male,34,8,0.0,1,0,0,47972.65,3,DIAMOND,309
835,Spain,Male,45,3,100212.13,1,1,0,152577.62,2,GOLD,398
630,France,Male,34,9,0.0,2,1,1,114006.35,5,DIAMOND,348
620,Spain,Male,42,4,106920.91,1,0,1,119747.08,5,GOLD,396
703,France,Male,37,8,105961.68,2,0,1,74158.8,1,DIAMOND,619
600,Germany,Male,57,9,138456.03,2,1,1,103548.25,3,DIAMOND,956
659,France,Male,43,1,106086.42,2,1,0,26900.63,5,GOLD,748
597,Germany,Male,52,8,83693.34,2,1,1,161083.53,3,GOLD,603
850,France,Male,63,8,169832.57,1,0,0,184107.26,1,SILVER,965
727,France,Male,32,1,59271.82,1,1,1,46019.43,2,DIAMOND,973
683,France,Female,33,9,0.0,2,1,1,38784.42,2,SILVER,644
632,France,Male,71,3,83116.68,1,1,1,27597.76,5,PLATINUM,742
553,France,Male,32,3,116324.53,1,1,0,77304.49,2,GOLD,831
733,France,Male,48,5,0.0,1,0,1,117830.57,1,DIAMOND,674
752,Germany,Female,45,3,105426.5,2,0,1,89773.45,2,SILVER,244
741,Germany,Female,37,8,170840.08,2,0,0,109843.16,1,SILVER,947
656,France,Male,63,8,0.0,2,0,1,57014.43,5,DIAMOND,742
703,Spain,Male,31,6,0.0,2,1,1,67667.19,3,PLATINUM,975
794,Spain,Female,37,9,0.0,2,1,0,68008.85,3,DIAMOND,577
750,Spain,Female,36,6,0.0,2,1,1,59816.41,3,PLATINUM,371
560,Spain,Female,43,4,95140.44,2,1,0,123181.44,5,DIAMOND,615
687,France,Male,35,8,0.0,2,1,0,10334.05,5,PLATINUM,809
607,France,Female,48,4,112070.86,3,1,0,173568.3,5,SILVER,948
643,Germany,Female,45,2,150842.93,1,0,1,2319.96,5,PLATINUM,537
547,France,Female,32,2,0.0,2,1,0,132002.83,4,DIAMOND,495
679,Spain,Male,58,9,109327.65,1,1,1,3829.13,3,DIAMOND,902
671,Germany,Female,34,6,37266.67,2,0,0,156917.12,3,SILVER,565
624,France,Male,71,7,0.0,2,1,1,108841.83,3,GOLD,666
591,France,Female,39,4,150500.64,1,1,0,14928.8,1,DIAMOND,733
746,Spain,Female,25,3,104833.79,1,0,0,71911.3,2,PLATINUM,367
734,Germany,Female,52,6,71283.09,2,0,1,38984.37,1,SILVER,618
751,Germany,Male,34,9,108513.25,2,1,1,27097.82,5,SILVER,264
695,Spain,Female,34,9,0.0,2,1,1,67502.12,1,GOLD,774
599,Germany,Male,25,7,108380.72,1,1,1,79005.95,1,SILVER,933
790,France,Male,26,5,0.0,1,1,0,20510.79,2,SILVER,426
595,Germany,Female,41,9,150463.11,2,0,1,81548.38,3,PLATINUM,406
594,Germany,Male,40,0,152092.44,2,1,1,83508.93,5,DIAMOND,373
503,France,Male,32,4,0.0,2,1,1,153036.97,1,SILVER,304
587,Spain,Female,35,3,83286.56,1,1,0,125553.52,5,DIAMOND,620
684,Germany,Male,18,9,90544.0,1,0,1,4777.23,3,PLATINUM,300
602,Spain,Male,33,5,0.0,2,0,1,64038.34,1,GOLD,713
554,Spain,Male,30,6,135370.12,1,1,1,179689.05,4,PLATINUM,664
691,France,Female,33,6,0.0,2,1,0,164074.89,5,SILVER,643
708,Spain,Female,41,5,0.0,1,0,1,157003.99,3,SILVER,256
722,Spain,Female,32,4,0.0,2,1,1,113666.48,4,SILVER,630
684,France,Male,38,4,0.0,3,1,0,75609.84,2,DIAMOND,379
604,France,Male,30,5,0.0,2,1,0,75786.55,1,PLATINUM,468
581,Spain,Female,44,7,189318.16,2,1,0,45026.23,5,SILVER,846
588,Germany,Female,42,2,164307.77,1,1,0,48498.19,3,PLATINUM,238
838,France,Female,34,8,0.0,2,1,0,27472.07,2,DIAMOND,257
499,France,Female,21,3,176511.08,1,1,1,153920.22,5,DIAMOND,753
710,France,Male,30,6,0.0,2,1,1,8991.17,2,PLATINUM,834
587,France,Male,40,2,0.0,4,0,1,106174.7,2,PLATINUM,826
650,France,Female,39,4,0.0,2,0,0,186275.7,2,DIAMOND,802
678,France,Male,26,5,111128.04,1,1,0,60941.27,5,SILVER,292
521,Spain,Male,29,3,60280.62,1,1,0,154271.41,3,DIAMOND,700
673,France,Female,40,5,137494.28,1,1,0,81753.92,1,SILVER,748
777,Germany,Male,44,3,124655.59,2,0,1,79792.3,4,GOLD,372
555,France,Male,51,5,0.0,3,1,0,189122.89,1,PLATINUM,406
760,Germany,Female,49,9,91502.99,1,1,0,117232.9,5,PLATINUM,511
670,France,Female,45,5,47884.92,1,1,1,54340.24,5,DIAMOND,723
625,France,Female,37,7,115895.42,1,1,0,48486.25,5,GOLD,973
682,France,Male,37,5,0.0,2,0,1,112554.68,3,PLATINUM,897
844,France,Female,28,4,0.0,2,0,1,123318.37,4,PLATINUM,302
680,France,Female,25,4,123816.5,1,1,1,90162.35,2,GOLD,546
630,France,Male,53,5,138053.67,1,0,1,114110.97,1,GOLD,536
718,France,Female,31,1,152663.77,1,0,1,17128.64,4,GOLD,818
699,France,Male,28,7,0.0,2,1,1,22684.78,2,GOLD,638
561,France,Male,34,1,78829.53,1,1,1,12148.2,4,GOLD,773
665,France,Male,51,2,0.0,1,0,0,53353.36,1,GOLD,434
640,France,Male,68,9,0.0,2,1,1,199493.38,4,PLATINUM,763
610,France,Male,26,8,0.0,2,1,0,166031.08,2,SILVER,989
467,Germany,Male,28,10,126315.26,1,1,0,32349.29,4,PLATINUM,469
808,France,Male,24,4,122168.65,1,1,0,174107.04,4,GOLD,233
589,France,Male,46,9,0.0,2,1,0,170676.67,1,GOLD,449
575,Spain,Male,52,8,123925.23,1,0,0,111342.66,4,PLATINUM,650
528,Spain,Male,36,7,0.0,2,1,0,60536.56,5,SILVER,458
581,Germany,Female,54,2,152508.99,1,1,0,187597.98,1,SILVER,783
682,France,Male,69,6,0.0,2,0,1,149604.18,2,PLATINUM,547
579,Germany,Male,40,10,45408.85,2,1,0,18732.91,5,PLATINUM,696
818,Germany,Female,72,8,135290.42,2,1,1,63729.72,1,SILVER,726
624,Spain,Female,23,6,0.0,2,0,1,196668.51,5,SILVER,888
776,Spain,Male,35,8,106365.29,1,1,1,148527.56,5,GOLD,454
543,France,Male,30,4,140916.81,1,1,0,157711.18,1,PLATINUM,470
508,Spain,Male,54,10,0.0,1,1,1,175749.36,3,GOLD,661
629,Spain,Male,29,6,0.0,2,1,1,88842.8,4,PLATINUM,274
829,France,Male,38,9,0.0,2,1,0,30529.88,5,SILVER,541
785,Spain,Female,61,4,129855.72,2,1,0,170214.82,4,SILVER,766
460,France,Female,27,7,0.0,2,1,0,156150.08,3,PLATINUM,299
706,Germany,Female,47,10,144090.42,1,1,0,140938.95,5,DIAMOND,240
694,Germany,Female,37,8,98218.04,2,1,0,182354.46,3,GOLD,964
642,France,Male,35,4,125476.31,1,1,1,91775.51,4,PLATINUM,467
758,France,Male,51,8,81710.46,1,1,1,116520.07,4,PLATINUM,688
424,Spain,Male,34,7,0.0,1,1,1,16250.61,4,PLATINUM,640
605,Germany,Female,56,1,74129.18,2,1,1,62199.78,1,PLATINUM,969
521,France,Male,43,8,0.0,1,1,1,93180.09,2,PLATINUM,400
661,France,Male,47,5,0.0,1,0,1,107243.31,4,DIAMOND,308
524,Germany,Female,31,8,107818.63,1,1,0,199725.39,1,SILVER,462
682,Spain,Male,36,5,0.0,2,1,1,147758.51,5,GOLD,628
606,Spain,Male,33,8,0.0,2,1,1,63176.77,2,DIAMOND,640
639,Spain,Female,27,8,133806.54,2,1,0,6251.3,2,PLATINUM,533
662,Spain,Male,38,4,0.0,2,1,0,136259.65,5,GOLD,248
570,Germany,Male,35,6,85668.59,1,1,0,105525.36,5,SILVER,448
707,France,Male,37,1,0.0,2,0,1,6035.51,2,GOLD,788
666,France,Male,36,4,120165.4,2,1,0,33701.5,4,GOLD,617
685,Germany,Female,30,4,84958.6,2,0,1,194343.72,2,GOLD,987
748,France,Female,34,8,0.0,2,1,0,53584.03,4,GOLD,932
697,France,Female,42,1,0.0,1,1,0,1262.83,3,DIAMOND,603
632,France,Female,28,5,118890.81,1,0,1,145157.97,3,DIAMOND,756
753,Germany,Female,35,5,82453.96,2,0,0,18254.75,3,DIAMOND,917
642,France,Male,30,8,117494.27,1,0,0,61977.82,4,DIAMOND,486
659,Spain,Male,32,3,107594.11,2,1,1,102416.84,3,DIAMOND,683
714,Germany,Female,49,4,93059.34,1,1,0,7571.51,4,PLATINUM,381
684,Germany,Female,26,2,114035.39,1,0,0,96885.19,4,PLATINUM,383
726,France,Male,28,2,0.0,1,0,0,98060.51,1,SILVER,983
772,France,Male,43,6,0.0,2,1,1,57675.88,5,PLATINUM,807
550,France,Male,38,9,140278.99,3,1,1,171457.06,5,GOLD,230
763,France,Female,23,2,0.0,2,1,0,153983.99,4,DIAMOND,530
561,Spain,Male,37,4,101470.29,1,0,1,88838.14,1,SILVER,433
486,Germany,Male,62,9,118356.89,2,1,0,168034.83,2,PLATINUM,299
768,Germany,Male,37,9,108308.11,1,1,0,41788.25,1,GOLD,346
721,Germany,Male,28,9,154475.54,2,0,1,101300.94,5,PLATINUM,541
588,Germany,Female,37,7,70258.88,2,1,0,139607.61,2,DIAMOND,258
850,Spain,Male,44,7,89118.26,1,1,0,104240.77,1,PLATINUM,668
764,Spain,Female,48,1,75990.97,1,1,0,158323.81,2,DIAMOND,298
815,France,Male,37,1,166115.42,1,1,0,67208.3,3,PLATINUM,335
663,France,Male,34,10,0.0,1,1,1,114083.73,3,PLATINUM,664
791,France,Male,34,7,0.0,2,1,0,96734.46,1,DIAMOND,802
530,Germany,Male,23,1,137060.88,2,1,1,165227.23,2,GOLD,284
517,France,Male,41,2,0.0,2,0,1,75937.47,4,SILVER,540
537,Germany,Female,47,4,124192.28,2,1,1,50881.51,5,SILVER,666
557,Spain,Male,34,3,0.0,1,0,1,123427.98,4,GOLD,489
766,Spain,Male,36,5,78381.13,1,0,1,153831.6,2,SILVER,637
598,France,Male,28,8,129991.76,2,0,1,46041.08,3,SILVER,573
555,Germany,Male,48,3,142055.41,2,0,1,79134.78,3,SILVER,263
664,Germany,Male,36,6,71142.77,2,1,0,122433.09,3,DIAMOND,856
412,France,Male,29,5,0.0,2,0,0,12510.53,1,SILVER,327
576,Spain,Male,33,3,0.0,2,0,1,190112.05,5,PLATINUM,334
695,France,Female,42,7,121453.63,1,0,0,46374.64,2,GOLD,564
592,France,Female,38,8,119278.01,2,0,1,19370.73,3,GOLD,619
638,France,Male,57,6,0.0,1,1,0,33676.48,4,GOLD,523
604,Germany,Female,25,5,157780.84,2,1,1,58426.81,2,SILVER,988
667,Germany,Male,27,2,138032.15,1,1,0,166317.71,2,GOLD,904
580,Spain,Male,32,9,142188.2,2,0,1,128028.6,3,DIAMOND,332
513,Spain,Male,72,3,98903.06,1,1,1,81251.24,5,DIAMOND,842
714,Spain,Male,20,3,0.0,2,0,1,150465.93,1,PLATINUM,245
744,Germany,Male,29,6,123737.04,2,1,0,141558.04,3,DIAMOND,916
584,Germany,Female,36,4,109646.83,1,1,1,70240.79,1,SILVER,990
670,Spain,Male,35,2,124268.64,2,0,1,84321.03,4,DIAMOND,301
744,France,Male,29,1,0.0,1,0,0,82422.97,4,GOLD,294
598,France,Female,34,4,0.0,2,0,0,60894.26,4,SILVER,239
657,Spain,Female,41,6,112119.48,1,1,0,17536.82,1,PLATINUM,476
655,France,Female,47,10,0.0,2,1,0,167778.62,2,SILVER,989
687,Germany,Male,26,2,142721.52,1,1,1,153605.75,5,GOLD,334
628,Germany,Female,36,3,91286.51,1,1,0,63085.94,4,SILVER,676
775,Germany,Male,51,2,123783.25,1,1,1,134901.57,2,PLATINUM,489
600,Spain,Female,27,6,0.0,2,1,1,172031.22,2,SILVER,292
627,Germany,Male,24,5,102773.2,2,1,0,56793.02,1,PLATINUM,901
727,Spain,Female,49,7,96296.78,1,1,0,190457.87,5,SILVER,541
524,Spain,Male,29,3,159035.45,1,1,0,2705.31,4,GOLD,580
751,France,Male,29,10,147737.63,1,0,1,94951.27,4,PLATINUM,298
461,Spain,Female,25,6,0.0,2,1,1,15306.29,1,PLATINUM,539
671,France,Male,34,7,106603.74,2,1,1,26387.71,4,GOLD,303
684,Germany,Male,59,9,122471.09,1,0,1,15807.07,3,PLATINUM,605
749,France,Female,26,6,0.0,2,0,1,34948.77,4,GOLD,240
545,Germany,Female,44,2,127536.44,1,1,0,108398.63,5,PLATINUM,320
681,France,Male,23,7,157761.56,1,0,0,147759.84,2,DIAMOND,874
715,France,Male,37,9,165252.52,1,1,0,85286.3,2,PLATINUM,612
598,Spain,Male,34,0,104488.17,1,0,1,43249.67,5,SILVER,547
738,France,Male,39,5,0.0,2,1,1,114388.98,3,SILVER,514
717,Spain,Male,33,1,99106.73,1,0,0,194467.23,2,GOLD,294
515,Germany,Male,37,2,90432.92,1,1,1,188366.04,1,SILVER,362
573,Spain,Male,33,1,160777.9,1,1,1,149536.15,5,PLATINUM,409
704,France,Male,24,2,148197.15,2,1,0,182775.08,1,PLATINUM,871
749,Germany,Male,54,3,144768.94,1,1,0,93336.3,1,SILVER,378
521,France,Male,39,7,0.0,2,0,1,653.58,4,PLATINUM,912
680,France,Male,33,1,123082.08,1,1,0,134960.98,5,GOLD,302
731,France,Male,30,7,0.0,2,0,1,143086.09,5,DIAMOND,871
605,France,Male,39,7,0.0,1,0,1,119348.28,4,DIAMOND,307
704,France,Male,31,5,132084.66,3,1,1,54474.48,4,DIAMOND,246
746,France,Male,36,9,127157.04,1,1,1,155700.15,3,SILVER,948
703,Germany,Female,29,3,122084.63,1,0,1,82824.08,2,PLATINUM,712
828,France,Male,34,8,129433.34,2,0,0,38131.77,4,SILVER,370
593,Germany,Female,38,4,129499.42,1,1,1,154071.27,5,SILVER,337
603,France,Female,24,3,0.0,1,1,1,198826.03,5,SILVER,652
850,Germany,Male,41,8,60880.68,1,1,0,31825.84,4,SILVER,448
444,France,Female,40,5,84350.07,1,1,0,143835.76,2,GOLD,580
731,France,Male,30,7,0.0,2,1,1,184581.68,2,GOLD,781
850,France,Male,33,8,73059.38,1,1,1,186281.0,5,PLATINUM,430
654,France,Female,28,7,0.0,2,1,0,151316.37,2,PLATINUM,660
630,Spain,Male,39,10,105473.74,1,0,0,58854.88,5,PLATINUM,787
716,Germany,Female,30,2,205770.78,2,0,0,65464.66,2,GOLD,764
539,Spain,Male,38,8,71460.67,2,1,1,10074.05,3,DIAMOND,750
781,Germany,Female,48,9,82794.18,1,1,0,124720.68,5,DIAMOND,834
632,France,Male,41,0,106134.46,1,0,1,105570.39,5,GOLD,885
754,France,Female,45,6,0.0,1,1,0,73881.68,2,SILVER,560
567,France,Male,39,5,0.0,2,0,0,168521.72,3,GOLD,709
643,Germany,Male,25,4,115142.9,1,1,1,148098.95,5,SILVER,908
608,France,Female,62,8,144976.5,1,0,0,175836.03,1,GOLD,836
557,France,Male,36,3,0.0,1,0,1,144078.02,4,SILVER,880
780,Spain,Female,33,6,145580.61,1,1,1,154598.56,4,GOLD,610
587,France,Female,46,6,88820.29,1,0,0,70224.34,4,GOLD,507
572,Germany,Male,39,4,112290.22,1,1,0,49373.97,5,GOLD,368
698,France,Male,48,4,101238.24,2,0,1,177815.87,1,GOLD,342
630,France,Male,42,6,0.0,2,1,0,162697.93,1,GOLD,986
796,France,Male,24,8,0.0,2,1,0,61349.37,4,GOLD,612
684,Spain,Male,56,8,78707.16,1,1,1,99398.36,4,SILVER,903
468,France,Female,32,8,137649.47,1,0,0,198714.29,4,PLATINUM,929
539,France,Male,39,6,0.0,2,1,1,86767.48,5,PLATINUM,315
642,France,Male,36,4,0.0,2,1,1,195224.91,2,PLATINUM,289
613,Germany,Male,28,7,76656.4,2,1,1,185483.24,5,GOLD,234
647,Germany,Female,43,3,122717.53,2,1,1,87000.39,2,PLATINUM,323
738,Spain,Female,37,8,100565.94,1,1,1,128799.86,3,DIAMOND,503
692,Spain,Male,28,9,118945.09,1,0,0,16064.25,3,SILVER,735
546,France,Female,20,6,0.0,1,0,1,20508.85,4,GOLD,524
575,France,Male,29,4,121823.4,2,1,1,50368.87,4,PLATINUM,435
772,Germany,Female,48,6,108736.52,1,1,0,184564.67,4,GOLD,811
778,Germany,Female,29,7,123229.46,1,1,0,181221.09,3,PLATINUM,977
691,France,Male,41,2,0.0,1,1,1,56850.92,2,SILVER,896
845,Germany,Female,41,2,81733.74,2,0,0,199761.29,1,DIAMOND,359
700,Spain,Female,43,0,0.0,2,1,0,59475.35,4,SILVER,997
584,France,Female,40,4,82441.75,1,0,0,80852.11,3,GOLD,482
726,France,Male,29,7,0.0,2,1,1,91844.14,4,DIAMOND,525
850,Germany,Male,38,7,101985.81,2,0,0,43801.27,1,SILVER,493
663,France,Male,26,5,141462.13,1,1,0,440.2,5,SILVER,940
621,France,Female,40,6,0.0,1,1,0,155155.25,5,PLATINUM,959
579,France,Male,35,1,0.0,2,1,0,4460.2,1,GOLD,473
653,France,Female,74,0,121276.32,1,1,1,160348.31,3,GOLD,582
672,France,Male,37,5,153195.59,1,1,1,162763.01,2,PLATINUM,391
717,France,Male,50,9,90305.76,1,1,1,124626.57,3,GOLD,404
621,Germany,Female,34,2,91258.52,2,1,0,44857.4,2,DIAMOND,607
648,Germany,Female,28,8,90371.09,1,1,1,146851.73,4,PLATINUM,842
493,France,Male,38,3,134006.77,1,1,0,89578.32,5,SILVER,520
671,France,Female,29,3,0.0,2,1,0,158043.11,1,DIAMOND,556
766,Germany,Female,38,7,130933.74,1,0,1,2035.94,4,GOLD,436
758,France,Female,34,3,0.0,2,1,1,124226.16,2,PLATINUM,375
669,France,Female,43,1,160474.59,1,1,1,95963.14,3,DIAMOND,946
502,France,Male,37,10,0.0,1,1,1,76642.68,5,GOLD,620
588,France,Female,24,0,0.0,2,1,1,140586.08,3,PLATINUM,715
548,Germany,Male,49,9,108437.89,1,0,0,127022.87,1,GOLD,416
539,Germany,Female,38,8,105435.74,1,0,0,80575.44,2,PLATINUM,627
645,Germany,Female,59,8,121669.93,2,0,0,91.75,5,SILVER,291
630,Germany,Female,51,0,108449.23,3,0,0,88372.69,2,GOLD,295
670,Germany,Female,40,2,147171.2,1,0,1,69850.04,2,GOLD,748
547,France,Female,38,5,167539.97,1,0,1,159207.34,5,PLATINUM,662
682,Spain,Female,64,9,0.0,2,1,1,103318.44,2,SILVER,614
579,Germany,Male,41,0,141749.68,1,0,1,9201.53,2,PLATINUM,602
435,France,Male,36,4,0.0,1,1,1,197015.2,4,PLATINUM,758
774,France,Male,76,4,112510.89,1,1,1,143133.18,3,DIAMOND,914
644,Spain,Female,26,4,153455.72,2,1,1,82696.84,5,PLATINUM,944
618,Germany,Female,40,1,133245.52,2,1,1,54495.82,1,SILVER,299
643,Spain,Male,35,2,0.0,2,0,0,67979.35,1,PLATINUM,538
546,Germany,Female,25,3,132837.7,1,1,0,131647.31,3,PLATINUM,440
491,Germany,Male,70,6,148745.92,2,1,1,17818.33,2,PLATINUM,743
767,France,Female,35,2,0.0,2,0,0,144251.38,4,PLATINUM,348
684,France,Male,33,4,140700.61,1,1,0,103557.93,5,PLATINUM,987
616,Germany,Female,28,10,105173.99,1,0,1,29835.37,1,SILVER,947
672,France,Male,34,6,0.0,1,0,0,22736.06,1,DIAMOND,785
670,France,Male,37,4,170557.91,2,1,0,198252.88,5,GOLD,729
689,Germany,Female,55,1,76296.81,1,1,0,42364.75,3,GOLD,908
545,France,Male,37,3,91184.01,1,1,0,105476.65,1,GOLD,276
550,Germany,Male,36,2,113877.23,2,1,0,174921.91,5,DIAMOND,980
720,France,Female,34,3,118307.57,2,1,1,136120.29,2,GOLD,410
554,Spain,Male,66,8,0.0,2,1,1,116747.62,1,PLATINUM,259
561,Spain,Male,24,8,143656.55,1,0,1,180932.46,1,DIAMOND,689
759,Germany,Male,30,4,101802.67,1,0,0,8693.8,3,GOLD,790
703,France,Male,43,8,0.0,2,1,0,9704.66,3,PLATINUM,880
549,France,Male,50,9,94748.76,2,0,1,13608.18,1,GOLD,291
807,Spain,Female,28,7,165969.26,3,1,0,156122.13,5,PLATINUM,255
603,Germany,Male,35,1,105346.03,2,1,1,130379.5,5,SILVER,701
765,Spain,Female,33,5,84557.82,1,1,1,69039.43,1,PLATINUM,927
592,Spain,Male,31,7,110071.1,1,0,0,43921.36,3,GOLD,702
542,France,Male,38,8,65942.26,1,1,1,68093.23,4,PLATINUM,258
571,France,Female,30,4,85755.86,1,1,0,145115.95,5,DIAMOND,396
632,Spain,Male,28,7,155519.59,1,1,0,1843.24,5,PLATINUM,557
607,Spain,Female,27,5,100912.19,1,0,0,7631.27,4,GOLD,908
732,Germany,Female,45,6,98792.4,1,1,0,81491.7,3,GOLD,854
479,France,Female,26,1,0.0,2,1,1,19116.97,4,DIAMOND,671
850,France,Male,47,6,0.0,1,1,0,187391.02,3,DIAMOND,282
751,France,Male,29,3,159597.45,1,1,0,39934.41,5,PLATINUM,791
737,France,Male,41,1,101960.74,1,1,1,123547.28,5,SILVER,463
787,France,Male,25,5,0.0,2,1,0,47307.9,4,DIAMOND,754
552,France,Male,42,9,133701.07,2,1,0,101069.71,4,SILVER,523
729,Germany,Male,36,8,152899.24,2,1,0,177130.33,4,SILVER,625
570,France,Female,58,8,0.0,1,0,1,116503.92,2,DIAMOND,257
506,France,Female,41,1,0.0,2,1,0,31766.3,4,GOLD,594
518,France,Male,40,4,0.0,2,0,1,194416.58,1,PLATINUM,478
754,Spain,Male,35,4,0.0,2,1,1,9658.41,1,SILVER,474
660,France,Female,38,5,110570.78,2,1,0,195906.59,1,SILVER,472
850,Germany,Male,44,3,140393.65,2,0,1,186285.52,5,SILVER,414
585,France,Female,39,7,0.0,2,1,0,2401.26,5,PLATINUM,601
703,France,Female,45,5,0.0,2,1,0,131906.44,3,PLATINUM,599
416,Germany,Female,41,10,122189.66,2,1,0,98301.61,3,SILVER,281
543,Germany,Female,37,3,122304.65,2,0,0,33998.7,3,DIAMOND,684
741,France,Female,60,5,0.0,1,1,1,38914.51,1,PLATINUM,563
696,France,Male,33,2,163139.27,1,1,1,7035.36,1,DIAMOND,514
743,Spain,Female,36,8,92716.96,1,1,1,33693.78,5,SILVER,338
653,France,Male,33,1,0.0,2,0,0,53379.52,4,PLATINUM,572
729,France,Female,32,9,0.0,2,0,0,150803.44,4,GOLD,282
465,Germany,Male,24,6,156007.09,1,1,0,191368.37,4,DIAMOND,865
725,France,Female,31,6,0.0,1,0,0,61326.43,1,DIAMOND,503
696,Spain,Female,36,7,0.0,2,1,1,82298.59,3,PLATINUM,291
586,Germany,Female,36,5,103700.69,1,1,0,194072.56,1,PLATINUM,791
564,Spain,Male,31,0,125175.58,1,1,1,72757.33,5,DIAMOND,572
647,Spain,Female,64,1,91216.0,1,1,1,41800.18,1,DIAMOND,402
598,Spain,Female,39,5,0.0,2,1,1,83103.46,3,SILVER,926
497,Spain,Male,24,3,0.0,2,1,0,76390.01,3,GOLD,249
649,France,Male,39,3,113096.41,1,1,1,60335.24,5,PLATINUM,946
618,Germany,Male,42,8,153572.31,2,1,1,76679.6,3,DIAMOND,594
610,France,Female,27,2,0.0,2,1,0,14546.76,3,SILVER,756
582,France,Male,50,2,148942.0,1,1,1,116944.3,1,PLATINUM,612
798,Spain,Female,58,9,0.0,2,0,0,119071.56,3,DIAMOND,400
418,France,Female,46,9,0.0,1,1,1,81014.5,2,GOLD,768
499,France,Male,31,4,0.0,1,1,0,25950.49,4,PLATINUM,699
730,France,Female,36,8,148749.29,2,1,0,91830.75,3,GOLD,694
705,Germany,Female,64,3,153469.26,3,0,0,146573.66,4,PLATINUM,875
606,Spain,Male,37,8,154712.58,2,1,0,89099.18,5,DIAMOND,577
738,Germany,Female,29,9,139106.19,1,1,0,141872.05,5,SILVER,615
679,France,Male,36,1,97234.58,1,1,0,188997.08,1,DIAMOND,597
488,France,Female,34,2,0.0,2,1,1,181270.84,2,PLATINUM,557
746,France,Male,37,2,0.0,2,1,0,143194.05,4,DIAMOND,415
547,France,Male,43,1,92350.36,1,0,1,80262.91,1,DIAMOND,682
567,Spain,Female,41,1,0.0,2,1,0,3414.72,5,SILVER,684
595,Germany,Male,46,5,142360.62,2,1,0,48421.4,5,DIAMOND,973
694,Germany,Female,58,1,143212.22,1,0,0,102628.56,4,DIAMOND,323
745,France,Female,32,2,0.0,4,0,1,179705.13,3,PLATINUM,467
634,Germany,Female,59,3,95727.05,1,0,0,97939.4,3,SILVER,698
556,Spain,Male,46,3,131764.96,1,1,1,108500.66,5,SILVER,606
666,France,Male,30,7,109805.3,1,0,1,163625.56,4,DIAMOND,957
769,France,Male,31,4,61297.05,2,1,1,7118.02,4,DIAMOND,311
598,France,Male,38,0,125487.89,1,0,0,158111.71,5,DIAMOND,355
689,Spain,Male,38,5,75075.14,1,1,1,8651.92,4,GOLD,731
654,Spain,Female,36,2,0.0,2,1,1,146652.11,1,PLATINUM,576
666,France,Male,36,3,0.0,2,1,0,35156.54,2,DIAMOND,995
780,Spain,Male,47,7,86006.21,1,1,1,37973.13,1,DIAMOND,348
606,France,Male,40,5,0.0,2,1,1,70899.27,2,DIAMOND,664
670,Spain,Male,25,6,0.0,2,1,1,78358.94,3,DIAMOND,723
806,Germany,Male,30,8,168078.83,1,1,0,85028.36,1,PLATINUM,709
646,Germany,Male,39,0,154439.86,1,1,0,171519.06,4,GOLD,422
658,France,Female,38,6,102895.1,1,0,0,155665.76,1,SILVER,843
530,France,Female,29,5,0.0,2,0,0,121451.21,4,GOLD,696
686,France,Female,34,1,0.0,2,1,0,87278.48,2,DIAMOND,980
642,France,Male,40,1,154863.15,1,1,1,138052.51,4,SILVER,716
593,Spain,Male,27,10,0.0,3,0,0,94620.0,2,PLATINUM,401
633,France,Female,47,0,0.0,1,1,1,6342.84,3,GOLD,350
486,Spain,Male,24,1,0.0,1,1,0,98802.76,5,DIAMOND,937
656,France,Female,75,3,0.0,2,1,1,1276.87,2,DIAMOND,361
725,Spain,Female,32,0,0.0,2,1,1,138525.19,2,PLATINUM,823
766,Germany,Female,45,6,97652.96,1,1,0,127332.33,2,DIAMOND,883
536,Spain,Female,28,4,0.0,1,1,1,136197.65,1,PLATINUM,937
645,France,Female,68,9,0.0,4,1,1,176353.87,4,GOLD,430
682,France,Male,40,4,0.0,1,0,1,105352.55,1,DIAMOND,334
539,Spain,Male,39,2,0.0,2,1,1,48189.94,4,GOLD,457
731,France,Female,41,9,152243.57,1,1,1,88783.59,4,PLATINUM,291
694,France,Male,40,9,0.0,2,1,0,40463.03,2,PLATINUM,400
674,France,Female,45,6,72494.69,1,0,1,140041.78,3,DIAMOND,839
611,France,Female,53,7,0.0,2,0,1,156495.39,1,GOLD,843
568,Germany,Male,46,8,150836.92,1,0,0,64516.8,2,DIAMOND,525
637,Germany,Female,36,10,145750.45,2,1,1,96660.76,1,DIAMOND,407
541,France,Male,46,6,0.0,2,1,1,83456.67,1,GOLD,596
668,France,Female,53,10,110240.04,1,0,0,183980.56,4,SILVER,682
580,France,Male,34,6,0.0,2,1,1,160095.31,5,DIAMOND,721
670,France,Male,22,2,114991.45,1,1,1,37392.56,1,DIAMOND,997
654,France,Female,40,3,0.0,2,1,0,167889.1,4,DIAMOND,428
623,France,Female,44,6,0.0,2,0,0,167162.43,2,DIAMOND,520
669,France,Female,29,7,146011.4,1,0,0,50249.16,1,DIAMOND,381
707,France,Male,33,8,136678.52,1,1,0,54290.62,4,SILVER,842
700,France,Male,37,3,77608.46,2,1,1,175373.46,1,SILVER,389
622,Spain,Male,27,9,139834.93,1,1,1,152733.89,2,DIAMOND,972
513,Germany,Male,34,7,60515.13,1,0,0,124571.09,1,GOLD,452
728,France,Male,30,10,114835.43,1,0,1,37662.49,5,PLATINUM,548
592,Germany,Male,36,2,104702.65,2,1,0,107948.72,3,PLATINUM,757
561,Germany,Female,45,2,168085.38,2,0,1,115719.08,4,GOLD,998
452,France,Male,30,7,112935.87,1,1,1,99017.34,1,DIAMOND,575
656,Spain,Male,33,4,0.0,2,1,0,116706.0,4,SILVER,994
532,Spain,Female,66,3,0.0,1,1,1,115227.02,1,DIAMOND,955
736,France,Male,29,4,0.0,2,0,0,51705.01,2,DIAMOND,240
540,Spain,Male,67,1,88382.01,1,0,1,59457.0,4,GOLD,409
693,France,Male,68,2,0.0,2,1,1,59864.96,3,PLATINUM,290
836,Germany,Female,32,4,109196.67,2,1,0,55218.02,4,DIAMOND,246
598,France,Male,47,2,0.0,2,1,1,186116.54,1,PLATINUM,316
520,France,Male,33,4,156297.58,2,1,1,166102.61,1,DIAMOND,477
765,Germany,Male,34,5,86055.17,2,1,1,104220.5,3,SILVER,921
608,Spain,Male,34,7,86656.13,1,0,1,59890.29,1,SILVER,252
754,France,Female,38,2,0.0,2,0,0,3524.69,4,SILVER,844
850,Spain,Female,31,4,91292.7,1,1,1,162149.07,5,GOLD,956
669,France,Female,44,8,96418.09,1,0,0,131609.48,3,SILVER,915
579,Spain,Female,31,9,0.0,2,1,0,112395.98,3,GOLD,297
650,France,Female,47,9,0.0,1,1,0,187943.6,4,DIAMOND,600
670,Germany,Male,31,1,142631.54,2,1,1,175894.24,1,SILVER,804
664,France,Female,31,7,104158.84,1,1,0,134169.85,2,PLATINUM,951
542,France,Male,67,10,129431.36,1,0,1,21343.74,5,GOLD,521
677,Germany,Female,26,3,102395.79,1,1,0,119368.99,3,GOLD,754
713,France,Male,36,8,133889.35,1,1,1,143265.65,1,SILVER,357
572,France,Female,36,8,68348.18,2,0,1,50400.32,1,SILVER,984
741,France,Male,52,1,171236.3,2,0,0,21834.4,5,PLATINUM,332
590,France,Male,24,7,126431.54,1,1,0,58781.11,3,SILVER,667
515,Spain,Male,29,4,151012.55,2,1,0,9770.97,1,PLATINUM,935
627,France,Female,32,1,0.0,1,1,0,106851.7,5,GOLD,293
652,France,Male,36,1,0.0,2,1,1,151314.98,1,PLATINUM,946
621,Spain,Female,59,2,0.0,2,1,1,171364.18,4,PLATINUM,740
779,Spain,Female,26,4,174318.13,2,0,1,38296.21,2,PLATINUM,625
625,Spain,Male,32,7,106957.28,1,1,1,134794.02,2,SILVER,470
516,Germany,Female,53,1,156674.2,1,1,0,118502.34,4,GOLD,827
615,Spain,Male,32,5,138521.83,1,1,1,56897.1,3,SILVER,777
652,France,Female,37,4,0.0,2,1,0,143393.24,4,SILVER,590
625,Germany,Male,42,6,100047.33,1,1,0,93429.95,4,GOLD,431
530,Spain,Female,36,2,0.0,2,1,1,14721.8,5,GOLD,972
641,France,Male,33,2,146193.6,2,1,1,55796.83,1,DIAMOND,307
731,France,Female,52,10,0.0,1,1,1,24998.75,1,DIAMOND,333
726,Germany,Female,33,7,99046.31,2,1,1,56053.06,3,PLATINUM,445
492,France,Female,48,6,127253.98,1,1,1,92144.09,3,SILVER,681
583,France,Female,31,4,158978.79,1,1,0,12538.92,4,DIAMOND,862
600,France,Female,43,5,134022.06,1,1,0,194764.83,3,GOLD,568
661,Spain,Female,41,5,28082.95,1,1,0,69586.27,1,PLATINUM,605
833,Germany,Male,29,1,96462.25,2,0,1,48986.18,4,PLATINUM,298
810,France,Male,33,6,0.0,2,1,1,77965.67,4,DIAMOND,520
632,Germany,Male,41,8,127205.32,4,1,0,93874.87,1,SILVER,658
545,Spain,Female,39,6,0.0,1,0,0,38410.74,4,SILVER,542
634,France,Male,34,8,105302.66,1,1,1,123164.97,1,DIAMOND,378
660,Spain,Male,33,4,0.0,1,1,0,29664.45,4,DIAMOND,400
547,France,Male,62,10,127738.75,2,1,1,85153.0,4,GOLD,666
639,France,Female,50,6,115335.32,2,1,1,53130.41,3,DIAMOND,508
512,Germany,Male,42,9,93955.83,2,1,0,14828.54,5,PLATINUM,580
727,Germany,Female,18,2,93816.7,2,1,0,126172.11,1,DIAMOND,523
576,Germany,Male,28,1,119336.29,2,0,1,58976.85,1,GOLD,592
572,Germany,Male,26,4,118287.01,2,0,0,60427.3,4,DIAMOND,958
740,France,Female,37,5,0.0,2,1,1,27528.4,5,PLATINUM,798
653,France,Female,40,0,0.0,2,1,0,35795.85,5,GOLD,823
712,France,Male,33,3,153819.58,1,1,0,79176.09,3,GOLD,942
587,France,Male,38,0,0.0,2,1,0,47414.15,3,DIAMOND,701
634,France,Male,34,3,145030.92,1,1,1,41820.65,5,DIAMOND,529
513,Spain,Male,88,10,0.0,2,1,1,52952.24,1,PLATINUM,627
610,Spain,Female,45,3,0.0,1,1,0,38276.84,2,DIAMOND,589
831,Germany,Male,44,3,111100.98,1,1,1,28144.07,4,GOLD,560
710,Spain,Male,62,3,131078.42,2,1,0,119348.76,2,PLATINUM,517
650,Spain,Female,32,4,79450.09,1,1,1,118324.75,5,SILVER,315
593,Spain,Male,43,10,0.0,2,0,0,53478.02,2,SILVER,602
774,France,Female,47,6,94722.88,1,0,1,61450.96,5,DIAMOND,615
689,France,Male,39,4,0.0,2,1,0,196112.45,2,GOLD,969
720,Germany,Female,43,10,110822.9,1,0,0,72861.94,4,SILVER,987
471,France,Female,27,4,0.0,2,1,0,122642.09,4,PLATINUM,346
786,Spain,Female,32,6,114512.59,1,1,0,15796.66,3,DIAMOND,229
565,Germany,Female,32,4,90322.99,2,0,1,118740.37,1,DIAMOND,416
733,France,Male,42,9,150507.21,1,0,1,169964.12,3,SILVER,296
680,France,Male,49,10,0.0,2,1,0,187008.45,2,PLATINUM,933
590,France,Male,32,9,0.0,2,1,0,138889.15,1,SILVER,452
721,France,Male,40,9,118129.87,1,1,1,160277.65,4,DIAMOND,236
484,Germany,Female,34,4,148249.54,1,0,1,33738.27,3,DIAMOND,774
571,France,Female,33,1,0.0,2,1,0,102750.7,2,GOLD,722
633,France,Female,60,8,69365.25,1,1,1,10288.24,4,DIAMOND,437
714,France,Female,24,7,0.0,2,1,0,166335.0,5,GOLD,626
708,Germany,Female,23,4,71433.08,1,1,0,103697.57,2,SILVER,455
619,Germany,Female,52,8,124099.13,1,0,0,23904.52,1,SILVER,621
546,France,Male,34,4,165363.31,2,1,1,25744.13,2,SILVER,440
413,France,Male,34,9,0.0,2,0,0,6534.18,1,PLATINUM,449
642,Germany,Female,30,5,129753.69,1,1,0,582.53,1,SILVER,515
812,Spain,Male,38,3,127117.8,2,1,1,174822.74,1,PLATINUM,730
592,France,Male,37,3,96651.03,1,1,1,3232.82,2,GOLD,710
610,Spain,Female,37,10,140363.95,2,1,1,129563.86,3,GOLD,929
501,France,Female,40,2,0.0,2,0,0,141946.92,5,GOLD,872
551,France,Female,59,2,166968.28,1,1,0,159483.76,4,SILVER,654
596,France,Male,37,2,0.0,1,0,1,121175.86,3,DIAMOND,862
705,Spain,Female,39,8,144102.32,1,1,1,11682.36,2,GOLD,219
681,France,Male,32,3,148884.47,2,1,1,90967.37,5,DIAMOND,300
585,Germany,Female,39,7,165610.41,2,0,0,131852.01,1,GOLD,791
602,France,Female,56,3,115895.22,3,1,0,4176.17,4,PLATINUM,848
631,Germany,Male,37,9,131519.49,2,1,1,51752.18,1,SILVER,404
650,France,Male,60,8,0.0,2,1,1,102925.76,3,GOLD,256
635,Spain,Male,31,1,0.0,2,1,0,135382.23,5,PLATINUM,510
698,Spain,Female,38,1,171848.38,1,0,0,16957.45,5,PLATINUM,806
718,Spain,Male,28,6,0.0,2,1,0,146875.86,4,DIAMOND,319
466,France,Male,29,6,0.0,2,1,1,2797.27,2,GOLD,824
750,Germany,Female,37,1,133199.71,2,1,1,27366.77,4,PLATINUM,959
650,Germany,Male,34,4,142393.11,1,1,1,11276.48,3,DIAMOND,981
665,Spain,Female,51,8,0.0,1,1,1,38928.48,2,DIAMOND,317
659,Spain,Female,38,9,0.0,2,1,1,35701.06,3,GOLD,609
735,France,Male,41,7,74135.85,1,1,1,11783.1,2,GOLD,750
744,France,Male,47,9,0.0,2,1,0,113163.17,2,PLATINUM,743
508,France,Female,64,2,0.0,1,1,1,6076.62,3,GOLD,993
637,France,Male,36,2,152606.82,1,1,1,71692.8,4,SILVER,985
601,France,Female,40,3,92055.36,1,0,1,164652.02,5,GOLD,543
509,France,Male,31,3,0.0,2,1,0,15360.91,5,PLATINUM,299
535,France,Female,31,7,111855.04,2,1,1,36278.89,1,DIAMOND,467
573,France,Female,32,9,125321.84,2,1,1,130234.63,3,PLATINUM,428
555,Spain,Male,32,10,0.0,2,0,1,168605.96,4,GOLD,606
514,France,Male,26,1,0.0,2,0,0,121551.93,4,DIAMOND,885
704,France,Male,32,7,127785.17,4,0,0,184464.7,1,PLATINUM,981
582,France,Female,43,5,153313.67,1,0,0,170563.73,4,PLATINUM,794
812,Spain,Female,49,8,66079.45,2,0,0,91556.57,5,GOLD,632
672,Germany,Male,40,4,89025.88,2,1,0,188892.19,1,GOLD,955
618,France,Female,49,9,44301.43,3,1,1,89729.3,3,DIAMOND,286
582,Spain,Female,46,8,67563.31,1,1,0,44506.09,1,SILVER,454
437,France,Female,43,6,0.0,1,1,0,148330.97,1,DIAMOND,692
556,France,Female,54,4,150005.38,1,1,0,157015.5,1,PLATINUM,785
664,Germany,Male,33,7,97286.16,2,1,0,143433.33,5,GOLD,334
529,Spain,Female,43,5,0.0,2,0,0,79476.63,4,GOLD,400
602,Germany,Female,53,5,98268.84,1,0,1,45038.29,5,PLATINUM,813
506,France,Male,43,2,0.0,2,1,0,105568.6,2,PLATINUM,622
634,Germany,Male,37,1,89696.84,2,1,1,193179.88,2,GOLD,725
579,Spain,Male,43,2,145843.82,1,1,1,198402.37,2,GOLD,783
611,Spain,Male,51,1,122874.74,1,1,1,149648.45,1,PLATINUM,247
716,Germany,Male,50,2,119655.77,1,1,1,12944.17,4,PLATINUM,496
672,France,Female,50,1,0.0,1,1,0,12106.82,5,GOLD,247
421,France,Male,34,2,0.0,2,1,1,96615.23,1,GOLD,393
723,Germany,Female,49,0,153855.52,1,1,1,180862.26,3,PLATINUM,965
747,Germany,Male,38,2,129728.6,1,1,0,89289.54,2,PLATINUM,747
674,Spain,Female,41,4,126605.14,1,1,1,166694.93,2,GOLD,595
670,France,Male,36,7,0.0,2,0,0,59571.5,2,DIAMOND,871
439,France,Male,28,7,110976.23,2,1,0,138526.96,4,PLATINUM,566
516,France,Male,35,10,57369.61,1,1,1,101699.77,5,PLATINUM,771
787,France,Female,40,6,0.0,2,1,1,84151.98,3,SILVER,598
676,France,Male,29,4,140720.93,1,1,0,36221.18,5,PLATINUM,439
662,Spain,Female,41,4,90350.77,1,1,0,75884.65,3,PLATINUM,709
613,Spain,Male,39,8,118201.41,1,1,0,23315.59,1,DIAMOND,333
568,France,Female,47,7,0.0,2,1,1,45978.39,2,GOLD,845
688,Spain,Male,32,6,124179.3,1,1,1,138759.15,1,GOLD,539
553,Spain,Male,41,6,144974.55,1,1,1,19344.92,1,PLATINUM,699
648,Spain,Female,49,10,0.0,2,1,1,159835.78,2,GOLD,314
437,Germany,Male,35,6,126803.34,2,1,1,161133.4,3,DIAMOND,628
660,Germany,Male,26,4,115021.76,1,0,1,162443.05,1,GOLD,573
492,Germany,Female,38,8,57068.43,2,1,0,188974.81,3,PLATINUM,914
523,France,Male,61,8,66250.71,1,1,1,21859.06,4,SILVER,380
785,France,Male,55,5,0.0,2,1,1,7008.65,2,DIAMOND,263
760,Spain,Male,28,1,141038.57,2,0,0,16287.38,4,DIAMOND,882
517,France,Male,56,9,142147.32,1,0,0,39488.04,3,PLATINUM,727
661,France,Male,35,9,100107.99,1,1,0,83949.68,3,GOLD,661
690,France,Female,42,3,92578.14,2,0,0,70810.6,5,DIAMOND,962
667,France,Male,33,4,0.0,2,1,1,131834.75,5,DIAMOND,835
712,France,Male,24,2,0.0,1,0,1,121232.51,5,GOLD,264
525,Spain,Male,36,3,77910.23,1,1,0,67238.01,3,SILVER,976
710,Germany,Female,24,7,103099.17,2,1,0,173276.62,1,DIAMOND,621
666,Spain,Male,35,2,104832.49,1,1,0,175015.12,4,DIAMOND,411
615,France,Male,59,8,0.0,2,1,1,165576.55,2,DIAMOND,948
740,France,Female,30,8,105209.54,1,1,0,1852.58,4,SILVER,814
547,Spain,Female,22,7,141287.15,1,1,0,118142.79,5,PLATINUM,282
668,France,Female,46,2,0.0,3,1,0,89048.46,1,DIAMOND,943
644,Spain,Male,18,8,0.0,2,1,0,59172.42,4,DIAMOND,975
802,Spain,Male,40,4,0.0,2,1,1,81908.09,3,DIAMOND,841
737,Spain,Male,38,6,146282.79,2,1,0,198516.2,5,PLATINUM,703
758,France,Female,33,7,0.0,1,1,0,188156.34,1,GOLD,816
659,France,Female,32,2,155584.21,1,0,1,153662.88,5,PLATINUM,313
717,France,Female,36,2,99472.76,2,1,0,94274.72,4,DIAMOND,472
655,Germany,Female,44,6,146498.76,1,1,0,64853.51,1,PLATINUM,472
757,France,Male,29,8,130306.49,1,1,0,77469.38,1,GOLD,889
555,France,Male,40,10,139930.18,1,1,1,105720.09,1,SILVER,872
595,Germany,Female,44,4,96553.52,2,1,0,143952.24,4,DIAMOND,666
742,France,Female,28,2,191864.51,1,1,0,108457.99,5,SILVER,489
738,France,Female,38,7,0.0,2,0,0,69227.42,2,PLATINUM,677
756,Spain,Male,29,2,117412.19,2,1,0,4888.91,1,DIAMOND,565
569,France,Female,35,4,93934.63,1,1,0,184748.23,5,GOLD,786
687,Germany,Female,47,1,91219.29,1,0,0,158845.49,2,GOLD,268
614,Germany,Female,44,6,118715.86,1,1,0,133591.11,2,DIAMOND,704
704,France,Male,44,3,0.0,2,0,1,152884.85,5,DIAMOND,323
850,France,Male,40,6,97339.99,1,0,1,88815.25,1,GOLD,756
524,Spain,Female,32,6,0.0,1,1,1,132861.9,4,PLATINUM,373
720,France,Female,38,10,0.0,2,1,1,56229.72,2,GOLD,966
671,Spain,Male,34,10,153360.02,1,1,0,140509.86,4,SILVER,761
683,Germany,Male,35,5,144961.97,1,0,1,26796.73,2,SILVER,574
661,Spain,Male,42,2,178820.91,1,0,0,29358.57,1,PLATINUM,426
674,France,Male,28,5,0.0,1,1,1,151925.25,3,GOLD,377
534,Spain,Male,34,5,170600.78,1,0,1,5240.53,5,PLATINUM,703
674,Germany,Male,43,8,85957.88,2,1,0,8757.39,4,GOLD,840
683,France,Male,47,1,0.0,2,1,0,148989.15,5,PLATINUM,745
624,Spain,Male,51,5,174397.21,2,1,1,172372.63,2,PLATINUM,955
734,France,Female,40,9,176914.8,1,1,1,12799.23,4,PLATINUM,720
521,France,Female,41,2,0.0,2,1,1,113089.43,4,GOLD,243
715,France,Male,21,8,0.0,2,1,0,68666.63,2,PLATINUM,827
586,Germany,Male,32,1,149814.54,1,1,0,31830.06,3,GOLD,507
493,Spain,Male,32,8,46161.18,1,1,1,79577.4,2,GOLD,606
667,Spain,Male,39,9,0.0,2,1,0,68873.8,5,PLATINUM,535
815,Germany,Female,25,8,135161.67,1,1,1,136071.05,3,DIAMOND,784
591,Spain,Male,31,8,0.0,1,1,1,141677.33,1,GOLD,997
679,France,Male,37,7,74260.03,1,1,0,194617.98,4,PLATINUM,436
637,Germany,Female,39,9,137843.8,1,1,1,117622.8,1,SILVER,730
649,France,Female,35,4,108306.44,1,1,1,192486.24,1,PLATINUM,932
782,Germany,Female,53,1,81571.05,1,1,0,182960.46,4,DIAMOND,389
705,Germany,Female,48,1,156848.13,2,1,1,99475.95,4,SILVER,240
838,Spain,Female,39,5,166733.92,2,1,0,14279.44,2,DIAMOND,917
793,France,Female,41,3,141806.46,1,1,0,102921.17,3,GOLD,447
455,France,Male,40,1,0.0,3,0,1,129975.34,2,PLATINUM,407
744,Spain,Male,31,0,117551.23,1,1,0,158958.9,3,PLATINUM,633
497,Germany,Male,24,6,111769.14,2,1,0,55859.27,4,DIAMOND,711
547,Germany,Female,39,6,74596.15,3,1,1,85746.52,4,SILVER,790
690,Spain,Female,30,5,0.0,2,0,1,78700.03,3,SILVER,954
582,Germany,Male,32,1,88938.62,1,1,1,10054.53,4,GOLD,838
624,Germany,Female,45,5,151855.33,1,1,0,68794.15,5,GOLD,335
784,Germany,Male,28,2,70233.74,2,1,1,179252.73,5,GOLD,827
547,Germany,Male,25,4,98141.57,2,1,1,52309.8,2,SILVER,837
591,Spain,Male,30,8,124857.69,2,0,0,50485.7,2,DIAMOND,650
659,France,Female,33,7,89939.62,1,1,0,136540.09,5,GOLD,458
639,France,Female,31,3,98360.03,1,0,0,20973.8,4,PLATINUM,607
644,Spain,Male,32,3,136659.74,1,1,1,14187.78,3,SILVER,543
818,France,Female,31,1,186796.37,1,0,0,178252.63,4,PLATINUM,417
773,Spain,Male,51,4,0.0,2,0,0,123587.83,4,SILVER,562
699,France,Male,22,9,99339.0,1,1,0,68297.61,4,DIAMOND,551
719,Germany,Male,28,3,106070.29,2,1,1,183893.31,3,GOLD,802
731,Spain,Female,40,5,171325.98,1,1,1,159718.27,2,SILVER,964
516,France,Male,35,10,104088.59,2,0,0,119666.0,1,GOLD,565
743,Spain,Male,25,6,0.0,2,1,0,129740.11,2,GOLD,748
668,France,Female,32,2,0.0,2,1,1,40652.33,3,DIAMOND,237
498,Germany,Male,35,2,121968.11,2,0,1,188343.05,1,GOLD,563
548,France,Female,35,10,0.0,1,1,1,31299.71,5,SILVER,638
629,France,Female,43,0,0.0,2,1,1,41263.69,2,SILVER,908
576,Germany,Male,30,7,132174.41,2,0,0,93767.03,1,GOLD,546
707,France,Female,58,3,102346.86,1,1,1,114672.64,5,PLATINUM,887
654,France,Male,29,7,0.0,2,1,1,149184.15,3,GOLD,795
597,France,Male,44,8,78128.13,2,0,1,109153.04,1,PLATINUM,220
578,Germany,Female,38,4,113150.44,2,1,0,176712.59,4,GOLD,502
820,France,Male,33,2,132150.26,2,1,0,23067.97,2,GOLD,796
777,France,Male,39,8,0.0,2,1,1,18613.52,1,PLATINUM,370
730,Spain,Male,62,2,0.0,2,1,1,186489.95,4,GOLD,594
522,France,Female,41,7,0.0,2,0,1,176780.39,2,GOLD,303
693,Germany,Male,45,2,116546.59,2,0,0,23140.28,5,DIAMOND,235
684,France,Male,46,0,0.0,2,1,1,36376.97,3,GOLD,784
659,France,Male,67,4,145981.87,1,1,1,131043.2,1,PLATINUM,513
757,Spain,Male,44,5,140856.16,2,1,0,158735.1,5,DIAMOND,293
703,Germany,Female,38,9,99167.54,1,1,0,65720.92,4,GOLD,786
769,Germany,Male,27,7,188614.07,1,1,0,171344.09,1,GOLD,883
828,Spain,Male,34,9,0.0,2,1,1,81853.98,5,SILVER,766
618,Spain,Male,38,5,126473.99,1,1,0,91972.49,1,SILVER,696
775,France,Female,32,2,108698.96,2,1,1,161069.73,4,PLATINUM,236
438,Spain,Female,54,2,0.0,1,0,0,191763.07,3,SILVER,281
691,Spain,Male,35,6,0.0,2,0,1,178038.17,4,GOLD,686
714,France,Male,40,9,46520.69,1,1,1,96687.25,4,PLATINUM,860
706,Germany,Male,32,5,88348.43,2,1,1,104181.78,2,SILVER,641
577,Spain,Male,31,6,0.0,1,1,1,196395.25,4,GOLD,458
812,France,Male,29,6,0.0,2,0,0,168023.6,1,DIAMOND,705
529,Spain,Male,35,5,0.0,2,1,1,187288.5,2,PLATINUM,395
561,Germany,Female,49,1,102025.32,1,1,0,133051.64,1,DIAMOND,994
709,Spain,Male,62,3,0.0,2,1,1,82195.15,4,SILVER,557
473,France,Female,39,9,117103.26,2,1,1,85937.52,2,DIAMOND,324
607,Spain,Female,36,4,98266.3,1,1,1,46416.36,1,PLATINUM,933
596,Germany,Female,27,2,151027.56,1,1,0,170320.58,2,PLATINUM,993
715,Spain,Male,38,2,96798.79,2,1,1,4554.67,2,SILVER,294
755,France,Male,41,6,104817.41,1,1,0,126013.58,1,GOLD,224
660,France,Male,40,5,131754.11,2,1,1,38761.61,4,GOLD,560
674,Spain,Male,32,2,0.0,2,1,0,140579.17,1,DIAMOND,787
537,Germany,Female,41,3,138306.34,1,1,0,106761.47,5,DIAMOND,767
545,Spain,Female,74,3,0.0,2,1,1,161326.73,2,SILVER,423
477,Spain,Male,31,9,0.0,2,0,1,184061.17,1,SILVER,295
685,Germany,Male,30,3,90536.81,1,0,1,63082.88,4,SILVER,347
644,France,Female,37,8,0.0,2,1,0,20968.88,3,GOLD,910
563,France,Male,30,7,90727.79,1,1,0,122268.75,2,SILVER,599
620,France,Male,41,3,0.0,2,1,1,137309.06,2,PLATINUM,725
688,Spain,Female,46,8,155681.72,1,1,0,26287.21,3,SILVER,984
845,France,Female,28,9,0.0,2,1,1,56185.98,5,SILVER,243
562,Spain,Female,29,9,120307.58,1,1,1,6795.61,1,DIAMOND,500
771,France,Female,23,7,156123.73,1,1,0,72990.62,3,DIAMOND,769
592,France,Male,54,8,0.0,1,1,1,28737.71,2,PLATINUM,359
720,France,Male,33,9,0.0,2,1,1,142956.48,4,PLATINUM,296
737,Germany,Male,50,4,127552.85,2,1,0,4225.11,2,DIAMOND,555
641,Spain,Female,36,1,0.0,2,1,0,102021.39,2,GOLD,262
686,France,Female,41,7,152105.57,2,0,1,132374.41,1,SILVER,665
741,Spain,Male,25,4,0.0,2,1,1,73873.65,5,SILVER,234
770,France,Female,68,2,183555.24,1,0,0,159557.28,5,PLATINUM,561
534,France,Male,27,9,0.0,2,1,0,161344.13,2,PLATINUM,925
568,Spain,Male,28,1,127289.28,1,0,0,45611.51,4,GOLD,235
544,Spain,Male,22,4,0.0,2,1,0,70007.67,3,SILVER,597
792,Germany,Male,36,5,115725.24,2,0,0,1871.25,5,DIAMOND,515
645,France,Female,24,3,34547.82,1,1,1,11638.17,2,SILVER,581
850,Germany,Male,32,3,137714.25,1,0,1,159403.68,2,DIAMOND,814
497,Germany,Female,32,8,111537.23,4,1,1,9497.99,5,SILVER,822
576,France,Male,24,3,0.0,1,0,1,78498.04,2,SILVER,938
606,France,Male,34,5,0.0,1,1,0,161971.42,1,SILVER,891
577,Spain,Male,28,7,0.0,1,1,0,143274.41,2,SILVER,987
489,Germany,Male,28,1,79460.98,2,1,1,167973.63,3,PLATINUM,232
655,Spain,Female,34,4,109783.69,2,1,0,134034.32,1,PLATINUM,985
736,Germany,Male,50,9,116309.01,1,1,0,185360.4,1,GOLD,760
709,Germany,Male,34,4,148375.19,2,1,1,21521.38,5,GOLD,701
585,France,Female,33,4,152805.05,1,1,0,63239.65,1,GOLD,385
542,France,Male,29,9,0.0,1,1,0,8342.35,3,GOLD,760
683,France,Male,30,4,66190.33,1,1,1,115186.97,4,SILVER,823
521,Germany,Female,40,9,134504.78,1,1,0,18082.06,5,PLATINUM,257
547,Germany,Male,50,3,81290.02,3,0,1,177747.03,4,DIAMOND,899
807,Germany,Female,60,1,72948.58,2,1,1,17355.36,1,PLATINUM,375
637,France,Female,38,3,104339.56,1,0,0,119882.86,5,PLATINUM,361
751,France,Male,31,8,0.0,2,0,0,17550.49,3,SILVER,341
634,France,Male,44,9,149961.11,1,1,0,57121.51,2,GOLD,673
641,France,Male,35,5,0.0,2,1,0,93148.93,4,GOLD,747
670,France,Female,54,2,95507.12,1,1,1,63213.31,2,SILVER,638
522,Spain,Male,30,3,0.0,2,1,0,145490.85,4,SILVER,654
611,France,Male,58,8,0.0,2,0,1,107665.68,5,PLATINUM,294
749,Germany,Male,46,10,78136.36,2,1,1,73470.98,5,SILVER,887
614,Spain,Female,41,7,179915.85,1,0,0,14666.35,3,GOLD,451
546,France,Male,24,8,156325.38,1,1,1,125381.02,2,DIAMOND,494
598,Germany,Male,20,8,180293.84,2,1,1,29552.7,1,SILVER,664
587,France,Female,36,1,70784.27,1,1,0,30579.82,3,PLATINUM,509
733,Germany,Male,40,5,125725.02,2,1,1,50783.1,3,DIAMOND,656
640,France,Female,50,9,117565.03,2,0,0,82559.77,4,GOLD,463
699,Spain,Male,47,1,0.0,2,0,1,30117.44,3,SILVER,788
468,France,Male,22,2,0.0,2,1,0,28123.99,5,PLATINUM,241
573,Spain,Male,44,8,0.0,2,0,0,62424.46,1,DIAMOND,547
540,Spain,Female,40,8,0.0,2,1,0,3560.0,5,GOLD,501
664,Spain,Male,32,5,133705.74,1,0,0,134455.84,1,SILVER,977
777,Germany,Female,46,0,107362.8,1,1,0,487.3,1,SILVER,258
808,Spain,Male,47,8,139196.0,1,0,1,74028.36,2,SILVER,801
701,France,Male,40,5,169742.64,1,1,1,153537.55,4,GOLD,840
683,France,Female,40,1,0.0,2,0,0,75762.0,3,GOLD,288
473,Germany,Female,32,5,146602.25,2,1,1,72946.95,1,PLATINUM,628
552,France,Female,41,9,124349.34,1,1,0,135635.25,3,DIAMOND,539
549,Germany,Female,37,1,130622.34,2,1,1,128499.94,3,SILVER,623
717,France,Male,35,4,0.0,1,1,1,167573.06,4,DIAMOND,811
597,France,Male,19,2,0.0,2,1,1,91036.74,3,GOLD,270
594,France,Male,35,2,0.0,2,1,0,103480.69,4,DIAMOND,378
575,Spain,Female,37,9,133292.45,1,1,0,111175.09,2,PLATINUM,506
801,France,Male,43,4,158713.08,2,0,0,98586.14,2,SILVER,224
515,France,Male,65,7,92113.61,1,1,1,142548.33,5,PLATINUM,802
723,France,Female,49,4,0.0,2,0,1,89972.25,1,PLATINUM,886
635,Spain,Female,32,8,0.0,2,1,1,19367.98,3,GOLD,491
764,France,Female,39,1,129068.54,2,1,1,187905.12,1,DIAMOND,983
798,Germany,Female,38,4,129055.13,1,1,0,157147.59,2,GOLD,879
525,Spain,Female,30,5,0.0,2,0,1,149195.44,4,SILVER,802
447,France,Female,32,10,0.0,1,1,1,151815.76,4,GOLD,600
712,Spain,Female,39,5,163097.55,2,1,1,23702.42,2,GOLD,893
713,France,Male,41,3,0.0,2,1,0,55772.04,3,PLATINUM,443
797,France,Male,31,9,0.0,2,1,1,24748.89,1,PLATINUM,874
643,Spain,Female,32,2,0.0,1,0,0,131301.74,2,SILVER,691
803,Germany,Female,50,8,98173.02,1,0,0,22457.25,5,PLATINUM,642
577,France,Female,37,4,0.0,1,1,1,79881.39,1,PLATINUM,642
679,France,Female,39,4,0.0,1,0,0,172939.3,5,GOLD,966
750,France,Male,36,7,136492.92,3,1,1,26500.29,3,PLATINUM,635
506,France,Male,34,7,0.0,2,0,0,115842.1,1,DIAMOND,929
698,Spain,Male,38,10,95010.92,1,1,1,105227.86,4,SILVER,227
697,France,Male,35,5,133087.76,1,1,0,64771.61,1,GOLD,373
712,Spain,Female,79,5,108078.56,1,1,1,174118.93,2,GOLD,583
649,France,Female,42,7,0.0,2,0,1,22974.01,5,GOLD,295
539,Germany,Female,43,3,116220.5,3,1,0,55803.96,4,DIAMOND,264
684,France,Male,54,6,0.0,2,1,1,94888.6,3,SILVER,335
679,Germany,Male,38,7,110555.37,2,1,0,46522.68,4,GOLD,320
658,Germany,Male,29,5,75395.53,2,0,1,54914.92,4,PLATINUM,298
834,France,Male,23,4,131254.81,1,1,0,20199.3,4,SILVER,675
525,France,Female,25,6,0.0,2,1,0,89566.64,5,DIAMOND,476
678,France,Male,38,3,0.0,2,1,0,66561.6,1,SILVER,331
684,Germany,Male,35,3,99967.76,1,1,1,176882.08,1,SILVER,606
754,Spain,Male,40,2,160625.17,1,0,1,3554.63,1,DIAMOND,816
668,France,Male,28,4,107141.27,1,1,0,193018.71,5,PLATINUM,898
739,Spain,Male,31,1,0.0,2,1,1,58469.75,1,GOLD,252
679,Spain,Male,42,2,0.0,1,1,1,168294.27,2,GOLD,501
714,Germany,Female,36,1,101609.01,2,1,1,447.73,3,PLATINUM,997
773,Spain,Female,33,10,0.0,1,1,1,98820.09,4,SILVER,610
663,Spain,Female,53,6,150200.23,1,0,1,151317.27,3,GOLD,654
742,Germany,Female,41,4,92805.72,1,0,1,73743.95,1,DIAMOND,334
689,Germany,Male,26,4,120727.97,1,0,1,149073.88,5,PLATINUM,915
542,Spain,Male,54,8,105770.14,1,0,1,140929.98,4,DIAMOND,780
660,France,Male,34,8,106486.66,2,0,1,182262.66,5,SILVER,322
511,Germany,Female,41,8,153895.65,1,1,1,39087.42,4,GOLD,240
619,France,Female,42,2,0.0,1,1,1,101348.88,2,DIAMOND,464
647,France,Female,42,9,0.0,2,1,1,51362.82,1,DIAMOND,358
680,France,Female,43,4,0.0,2,1,1,58761.33,1,SILVER,528
850,France,Male,35,2,0.0,2,1,1,56991.66,5,DIAMOND,288
584,Germany,Female,54,1,77354.37,1,0,0,138192.98,5,SILVER,668
813,Germany,Male,27,6,111348.15,1,1,0,46422.46,1,SILVER,822
514,Spain,Male,30,7,0.0,1,0,1,125010.24,4,DIAMOND,583
716,Spain,Female,29,8,0.0,2,0,0,78616.92,1,DIAMOND,785
635,France,Male,42,1,146766.72,2,0,1,164357.1,1,SILVER,843
724,France,Female,34,3,132352.69,1,1,0,80320.3,4,DIAMOND,798
600,France,Female,41,1,0.0,2,1,1,91193.65,4,PLATINUM,467
673,France,Male,65,0,0.0,1,1,1,85733.33,3,SILVER,595
510,Germany,Male,31,0,113688.63,1,1,0,33099.41,2,SILVER,788
663,France,Female,42,5,124626.07,1,1,1,78004.5,2,SILVER,676
735,France,Female,33,4,0.0,2,1,0,149474.69,2,DIAMOND,999
459,Germany,Male,48,4,133994.52,1,1,1,19287.06,5,DIAMOND,661
763,Germany,Male,31,7,143966.3,2,1,1,140262.96,4,DIAMOND,647
581,Spain,Male,43,9,78022.61,1,0,1,30662.91,4,PLATINUM,914
616,Spain,Male,30,5,0.0,2,0,1,196108.51,4,PLATINUM,701
678,France,Female,28,4,0.0,2,1,1,144423.17,5,PLATINUM,772
664,Germany,Female,49,5,127421.78,2,1,0,108876.75,2,PLATINUM,923
615,Germany,Male,39,5,113193.51,2,1,1,52166.25,4,PLATINUM,624
747,France,Female,34,10,0.0,2,1,1,50759.8,3,GOLD,740
626,France,Male,21,1,0.0,2,1,0,66232.23,3,GOLD,775
577,Spain,Male,35,5,110080.3,1,1,1,109794.31,4,PLATINUM,407
704,Germany,Female,39,10,102556.18,2,1,0,171971.25,3,SILVER,906
643,Germany,Male,28,9,160858.13,2,1,0,27149.27,4,DIAMOND,349
479,Germany,Male,35,9,92833.89,1,1,0,99449.86,3,DIAMOND,328
676,Germany,Female,26,1,108348.66,1,0,0,60231.74,4,SILVER,244
577,Spain,Female,39,4,0.0,2,1,0,91366.42,5,GOLD,456
554,Spain,Female,45,4,0.0,2,1,1,193412.05,2,PLATINUM,957
729,Germany,Male,40,5,113574.61,2,1,0,103396.08,4,SILVER,995
697,France,Female,76,7,0.0,2,0,1,188772.45,3,DIAMOND,733
528,France,Female,26,10,102073.67,2,0,0,166799.93,4,SILVER,370
757,Germany,Male,31,8,149085.9,2,1,1,197077.36,2,SILVER,376
560,Spain,Female,28,1,0.0,2,1,1,120880.72,3,SILVER,451
744,France,Female,38,9,0.0,2,0,0,20940.76,5,PLATINUM,629
474,France,Male,54,3,0.0,1,1,0,108409.17,2,PLATINUM,427
751,France,Female,30,6,0.0,2,1,0,15766.1,2,DIAMOND,633
665,France,Female,40,6,0.0,1,1,1,161848.03,2,SILVER,651
642,Germany,Male,22,10,111812.52,2,1,1,183045.46,1,GOLD,729
651,France,Male,45,1,0.0,1,1,0,67740.08,3,SILVER,629
544,Germany,Male,47,5,105245.21,1,0,0,99922.08,3,GOLD,491
751,Germany,Female,36,6,169831.46,2,1,1,27758.36,5,GOLD,379
640,Germany,Male,48,1,111599.32,1,0,1,135995.58,3,PLATINUM,910
736,France,Female,42,7,117280.23,3,0,0,41921.06,5,GOLD,788
602,France,Male,49,0,191808.73,1,0,0,97640.2,2,DIAMOND,538
608,Spain,Male,66,8,123935.35,1,1,1,65758.19,5,PLATINUM,923
743,Spain,Male,35,6,79388.33,1,1,1,193360.69,3,DIAMOND,585
583,Germany,Female,32,7,94753.55,2,1,1,18149.03,5,SILVER,356
749,France,Male,42,2,56726.83,2,0,1,185543.35,2,SILVER,937
623,France,Female,35,0,130557.24,1,1,1,47880.71,5,DIAMOND,936
676,France,Female,49,1,0.0,1,1,0,79342.31,3,PLATINUM,850
740,Germany,Female,57,3,113386.36,2,1,1,65121.63,1,SILVER,970
502,France,Female,42,8,159660.8,3,1,0,113931.57,3,DIAMOND,377
791,France,Male,37,2,163789.49,2,1,0,75832.53,3,GOLD,340
634,Spain,Male,31,9,108632.48,1,1,1,179485.96,5,DIAMOND,760
606,Germany,Male,36,5,190479.48,2,0,0,179351.89,5,PLATINUM,929
716,Spain,Male,34,9,0.0,1,1,1,66695.71,3,DIAMOND,980
711,France,Female,38,2,129022.06,2,1,1,14374.86,4,DIAMOND,321
554,France,Female,44,6,92436.86,1,1,0,126033.9,4,GOLD,938
848,Spain,Male,40,3,110929.96,1,1,1,30876.84,3,GOLD,844
691,France,Male,28,1,0.0,2,0,0,92865.41,5,GOLD,569
549,France,Female,52,1,0.0,1,0,1,8636.05,4,DIAMOND,485
689,Spain,Female,40,5,154251.67,1,0,1,118319.5,3,PLATINUM,561
785,France,Female,40,3,0.0,2,1,1,96832.82,1,GOLD,222
752,France,Male,39,3,0.0,1,1,0,188187.05,3,GOLD,839
757,Spain,Male,33,5,77253.22,1,0,1,194239.63,3,SILVER,582
648,Spain,Female,54,7,118241.02,1,1,0,172586.89,3,DIAMOND,884
712,France,Female,29,2,0.0,1,1,1,144375.0,4,GOLD,930
656,France,Male,39,10,0.0,2,1,1,98894.64,1,SILVER,259
597,France,Female,26,8,149989.39,1,1,0,42330.58,2,DIAMOND,489
644,France,Female,40,10,139180.97,1,1,1,19959.67,3,PLATINUM,898
634,Spain,Male,63,10,0.0,2,1,0,30772.86,3,DIAMOND,350
592,France,Female,27,4,0.0,2,1,1,183569.25,5,PLATINUM,900
557,France,Male,42,6,177822.03,1,1,0,150944.31,3,PLATINUM,513
714,Germany,Male,33,3,35016.6,1,1,0,53667.08,3,GOLD,791
688,France,Male,40,6,0.0,1,1,1,47886.44,1,GOLD,618
564,Spain,Female,35,9,0.0,2,1,1,105837.38,4,GOLD,505
592,France,Male,42,1,147249.29,2,1,1,63023.02,2,GOLD,638
466,Germany,Female,56,2,111920.13,3,1,0,197634.11,3,SILVER,586
796,Spain,Female,23,3,146584.19,2,0,0,125445.8,4,SILVER,802
414,France,Male,38,8,0.0,1,0,1,77661.12,4,DIAMOND,258
754,France,Male,34,7,0.0,2,1,1,65219.85,3,GOLD,467
662,France,Female,39,5,138106.75,1,0,0,19596.73,2,PLATINUM,847
715,Germany,Male,42,2,88120.97,2,1,1,21333.22,1,DIAMOND,577
456,France,Male,29,5,107000.49,1,1,1,153419.62,4,DIAMOND,405
704,France,Male,42,8,129735.3,2,1,1,179565.57,1,PLATINUM,361
696,France,Female,31,8,0.0,2,0,0,191074.11,4,SILVER,665
753,Germany,Male,32,5,159904.79,1,1,0,148811.14,1,GOLD,767
730,France,Female,27,7,0.0,2,1,0,144099.48,1,SILVER,833
569,Germany,Male,25,9,173459.45,2,1,1,44381.06,3,GOLD,255
666,Spain,Female,36,6,0.0,2,1,0,176692.87,3,GOLD,990
635,Spain,Male,35,2,113635.16,1,1,0,90883.12,1,SILVER,613
621,Spain,Female,36,7,116338.68,1,1,1,155743.48,2,SILVER,280
717,France,Female,22,5,112465.06,1,1,1,92977.75,3,DIAMOND,250
651,Germany,Male,35,8,110067.71,1,1,0,127678.95,2,GOLD,689
639,France,Male,38,3,0.0,1,1,0,42862.82,1,SILVER,600
678,France,Female,50,6,0.0,1,1,0,8199.5,4,GOLD,803
600,France,Male,40,1,141136.79,1,1,1,67803.83,5,SILVER,851
603,Spain,Male,46,2,0.0,2,1,0,174478.54,1,DIAMOND,393
638,Germany,Female,37,7,124513.66,2,1,0,158610.89,4,PLATINUM,705
633,Germany,Female,29,0,138577.34,1,1,0,193362.99,1,DIAMOND,503
735,France,Female,53,8,123845.36,2,0,1,170454.93,5,DIAMOND,415
748,Spain,Male,58,9,122330.7,2,0,1,124429.19,1,DIAMOND,641
640,Spain,Male,36,4,0.0,1,0,0,173016.46,4,SILVER,362
640,Germany,Female,74,2,116800.25,1,1,1,34130.43,1,PLATINUM,947
653,France,Female,32,4,83772.95,1,0,1,23920.65,2,SILVER,567
503,Spain,Male,31,4,0.0,2,1,1,21645.06,1,DIAMOND,843
814,France,Male,49,8,0.0,2,0,0,157822.54,3,GOLD,539
567,Germany,Female,49,5,134956.02,1,1,0,93953.84,1,GOLD,980
486,France,Female,39,8,97819.36,1,0,1,120531.31,3,PLATINUM,408
616,France,Male,46,2,0.0,2,1,0,137136.46,2,GOLD,646
650,Germany,Male,23,4,93911.3,2,1,0,69055.45,5,PLATINUM,774
724,Germany,Female,35,0,171982.95,2,0,1,167313.07,2,GOLD,745
765,France,Male,41,2,0.0,2,0,1,191215.61,4,DIAMOND,547
449,Spain,Male,32,0,155619.36,1,1,1,166692.03,1,GOLD,667
624,France,Male,55,7,118793.6,1,1,1,95022.02,4,DIAMOND,503
511,Spain,Female,29,9,0.0,2,0,1,140676.98,4,DIAMOND,390
727,Germany,Female,31,3,82729.47,2,1,0,60212.51,4,DIAMOND,303
516,Germany,Male,32,3,145166.09,2,0,0,111421.45,2,DIAMOND,528
452,France,Female,32,5,0.0,2,0,1,75279.39,1,GOLD,923
603,France,Male,46,2,0.0,2,1,1,59563.49,5,SILVER,541
850,France,Male,28,8,67639.56,2,1,1,194245.29,5,GOLD,990
668,Germany,Male,37,10,152958.29,2,1,1,159585.61,2,SILVER,743
684,France,Female,38,5,133189.4,1,0,0,127388.06,4,PLATINUM,762
667,France,Male,42,9,0.0,2,0,1,58137.42,3,GOLD,300
757,France,Female,44,4,123322.15,1,1,0,137136.29,2,GOLD,521
591,Spain,Female,27,5,107812.67,1,0,1,162501.83,2,SILVER,792
519,Spain,Female,57,2,119035.35,2,1,1,29871.79,3,SILVER,689
687,France,Female,24,3,110495.27,1,1,0,158615.41,3,PLATINUM,261
555,Spain,Male,33,5,127343.4,1,0,1,121789.3,1,PLATINUM,311
699,France,Female,39,1,0.0,2,0,0,93826.63,5,GOLD,350
626,France,Female,35,3,0.0,1,0,0,80190.36,5,SILVER,680
605,France,Male,39,6,111169.91,1,0,0,9641.4,5,SILVER,642
677,France,Female,25,3,0.0,2,1,0,179608.96,1,SILVER,935
629,France,Male,46,1,130666.2,1,1,1,161125.67,1,SILVER,586
845,Spain,Female,38,2,112803.92,1,1,0,179631.85,1,DIAMOND,881
635,Germany,Male,37,5,113488.68,1,1,0,95611.74,1,PLATINUM,969
662,Germany,Male,30,5,115286.68,2,1,1,149587.92,3,GOLD,264
687,Germany,Female,27,9,152328.88,2,0,0,126494.82,5,DIAMOND,769
689,France,Female,29,1,77556.79,2,1,1,122998.26,2,SILVER,693
850,France,Male,20,7,0.0,2,1,0,31288.77,1,DIAMOND,396
570,France,Female,43,9,0.0,2,0,1,11417.26,5,SILVER,236
671,France,Female,48,8,115713.84,2,0,0,83210.84,2,PLATINUM,759
629,France,Male,44,5,0.0,4,0,0,117572.59,2,PLATINUM,296
595,Germany,Female,64,2,105736.32,1,1,1,89935.73,3,GOLD,808
509,France,Male,30,6,0.0,2,1,0,180598.86,4,DIAMOND,342
846,Spain,Male,61,0,0.0,2,1,1,96202.44,1,PLATINUM,292
632,Spain,Male,37,1,138207.08,1,1,0,60778.11,3,DIAMOND,302
701,Spain,Male,36,8,0.0,2,1,0,169161.46,2,DIAMOND,689
601,Germany,Female,49,4,96252.98,2,1,0,104263.82,4,GOLD,390
537,France,Male,28,0,88963.31,2,1,1,189839.93,5,SILVER,561
727,France,Male,34,10,0.0,2,1,1,198637.34,4,GOLD,768
776,Spain,Male,39,2,104349.45,1,0,0,79503.05,2,DIAMOND,995
686,France,Female,41,10,0.0,1,1,0,133086.45,1,DIAMOND,466
498,Germany,Female,44,2,120702.67,2,1,1,98175.74,3,PLATINUM,556
494,France,Male,40,7,0.0,2,0,1,158071.69,4,GOLD,910
529,France,Female,29,8,0.0,2,1,0,19842.11,3,SILVER,476
579,France,Male,28,4,0.0,2,1,1,176925.69,3,DIAMOND,623
656,France,Male,41,2,0.0,2,1,0,158973.77,1,PLATINUM,902
564,France,Male,40,4,0.0,1,1,0,85455.62,2,GOLD,344
785,Germany,Female,38,9,107199.75,1,0,0,146398.51,5,SILVER,237
418,France,Male,36,7,90145.04,1,1,1,69157.93,5,SILVER,995
820,France,Female,39,1,104614.29,1,1,0,61538.43,4,GOLD,943
699,Spain,Male,26,6,79932.41,1,0,0,150242.44,4,SILVER,874
695,France,Female,29,9,0.0,2,1,0,111565.45,2,DIAMOND,903
533,Germany,Female,49,1,102286.6,3,1,0,69409.37,1,SILVER,930
778,Germany,Male,31,9,182275.23,2,1,0,190631.23,4,GOLD,717
718,Germany,Male,26,7,147527.03,1,0,0,51099.56,4,PLATINUM,955
807,France,Male,33,10,101952.97,2,1,0,178153.65,2,GOLD,634
790,Germany,Female,25,5,152885.77,1,1,0,58214.79,4,SILVER,938
661,France,Male,33,9,0.0,2,1,1,84174.81,2,DIAMOND,873
676,France,Male,33,6,171490.78,1,0,0,79099.64,3,GOLD,248
554,Germany,Female,43,2,120847.11,1,1,0,7611.61,3,GOLD,646
673,France,Male,47,1,0.0,2,0,0,108762.16,5,SILVER,382
498,Germany,Male,61,7,102453.26,1,1,0,187247.56,2,DIAMOND,727
735,France,Female,21,1,178718.19,2,1,0,22388.0,1,PLATINUM,527
697,Spain,Male,62,7,0.0,1,1,0,129188.18,4,DIAMOND,547
850,France,Male,31,6,67996.23,2,0,0,50129.87,3,DIAMOND,895
588,France,Male,38,1,124271.26,1,1,0,75969.19,3,DIAMOND,922
803,Germany,Male,41,9,137742.9,2,1,1,166957.82,5,SILVER,567
742,Germany,Male,35,5,136857.0,1,0,0,84509.57,4,GOLD,823
711,France,Male,34,8,0.0,2,0,0,48260.19,4,PLATINUM,766
460,Germany,Male,46,4,127559.97,2,1,1,126952.5,5,SILVER,287
695,France,Female,23,1,0.0,2,1,1,141756.32,1,GOLD,596
684,France,Female,48,3,73309.38,1,0,0,21228.34,3,DIAMOND,579
575,Spain,Female,31,6,0.0,2,1,1,95686.42,4,SILVER,609
640,Spain,Female,46,3,0.0,1,1,1,156260.08,1,GOLD,777
708,Germany,Male,37,8,153366.13,1,1,1,26912.34,2,DIAMOND,682
808,France,Male,41,0,0.0,1,1,1,79888.78,3,GOLD,398
719,Germany,Female,76,10,95052.29,1,1,0,176244.87,4,DIAMOND,517
757,France,Male,46,0,0.0,2,1,0,37460.05,5,DIAMOND,748
828,France,Male,37,4,0.0,2,1,0,94845.45,4,PLATINUM,652
478,France,Male,35,1,92474.05,1,1,0,178626.07,1,SILVER,219
593,France,Male,43,9,0.0,2,1,1,76357.43,1,DIAMOND,931
671,Germany,Male,35,1,144848.74,1,1,1,179012.3,5,PLATINUM,731
800,Germany,Male,39,4,95252.72,1,1,0,13906.34,1,GOLD,912
767,France,Male,36,3,139180.2,1,0,0,123880.19,2,DIAMOND,277
556,France,Female,47,2,139914.27,1,1,1,50390.98,1,SILVER,522
742,France,Female,60,4,0.0,1,1,1,13161.66,1,DIAMOND,358
582,Germany,Male,35,8,121309.17,2,1,1,28750.67,2,GOLD,810
710,Spain,Male,22,8,0.0,3,1,0,107292.91,4,DIAMOND,565
434,Germany,Male,71,9,119496.87,1,1,0,125848.88,3,SILVER,690
627,Spain,Female,30,6,0.0,1,1,1,113408.47,4,DIAMOND,320
812,Spain,Female,44,8,0.0,3,1,0,66926.83,2,PLATINUM,812
552,Germany,Male,50,4,121175.56,1,1,0,117505.07,1,DIAMOND,662
609,France,Female,35,2,147900.43,1,1,0,140000.29,2,PLATINUM,364
524,France,Male,22,9,0.0,2,1,0,74405.34,5,SILVER,992
699,France,Male,27,1,0.0,2,1,0,93003.21,5,PLATINUM,476
736,France,Male,54,7,111729.47,2,0,1,84920.49,3,PLATINUM,421
850,Germany,Female,39,5,114491.82,1,1,0,99689.48,2,PLATINUM,949
587,France,Male,33,5,100116.82,1,1,0,34215.58,5,SILVER,492
686,France,Male,32,6,0.0,2,1,1,179093.26,2,DIAMOND,510
629,France,Female,61,6,0.0,2,1,1,133672.61,5,GOLD,803
577,France,Female,32,1,0.0,2,1,0,9902.39,2,SILVER,899
670,France,Female,27,5,79336.61,1,1,1,26170.08,5,DIAMOND,245
724,France,Male,31,5,0.0,1,1,0,134889.95,2,SILVER,246
643,France,Male,33,4,0.0,2,1,1,152992.04,2,PLATINUM,720
661,Spain,Male,38,7,143006.7,1,1,1,15650.89,2,SILVER,689
608,Spain,Male,37,2,130461.02,1,1,0,21967.15,5,SILVER,642
612,Spain,Female,36,5,119799.27,2,1,0,159416.58,5,PLATINUM,288
751,Spain,Female,34,8,127095.14,2,0,0,479.54,2,DIAMOND,995
528,Germany,Male,22,5,93547.23,2,0,1,961.57,4,DIAMOND,525
731,France,Male,29,5,179539.2,1,0,0,112010.02,5,DIAMOND,826
767,Spain,Male,31,6,0.0,2,1,1,195668.0,1,PLATINUM,244
588,Spain,Female,22,9,67178.19,1,1,1,163534.75,2,SILVER,728
754,Spain,Female,32,7,0.0,2,1,0,89520.75,1,SILVER,800
823,France,Female,44,1,0.0,2,0,1,182495.7,2,SILVER,639
705,France,Male,38,1,189443.72,1,0,1,106648.58,3,PLATINUM,648
631,Spain,Female,31,2,88161.85,2,1,0,127630.88,1,PLATINUM,804
622,France,Female,31,1,89688.94,1,1,1,152305.47,2,GOLD,588
648,Germany,Male,37,6,131753.41,1,1,0,86894.67,5,SILVER,849
452,Germany,Male,33,7,153663.27,1,1,0,111868.23,4,SILVER,294
541,France,Male,46,4,124547.13,2,1,0,94499.06,5,GOLD,690
590,Germany,Female,40,2,117641.43,2,0,0,92198.05,5,DIAMOND,574
609,Germany,Male,38,6,140752.06,2,0,1,171430.16,2,PLATINUM,765
753,France,Female,31,6,106596.29,1,0,0,91305.77,5,GOLD,503
527,France,Male,47,1,0.0,1,1,0,21312.16,3,PLATINUM,590
528,France,Male,29,3,102787.42,1,1,0,55972.56,4,GOLD,751
508,France,Female,60,7,143262.04,1,1,1,129562.74,3,GOLD,727
599,Spain,Female,39,4,0.0,1,1,0,194273.2,3,PLATINUM,543
547,Spain,Female,31,9,0.0,2,0,0,99294.22,2,GOLD,470
539,France,Male,37,2,127609.59,1,1,0,98646.22,1,DIAMOND,620
694,Spain,Male,39,3,0.0,1,1,1,95625.03,3,SILVER,550
566,Spain,Male,44,5,0.0,2,1,0,66462.79,5,PLATINUM,294
606,Spain,Female,53,1,109330.06,1,1,1,75860.01,5,DIAMOND,582
802,Germany,Male,31,1,125013.72,1,1,1,187658.09,2,DIAMOND,579
696,France,Male,27,4,87637.26,2,0,0,196111.35,5,GOLD,685
625,France,Female,24,1,0.0,2,1,1,180969.55,2,DIAMOND,570
646,France,Female,42,3,175159.9,2,0,0,67124.48,3,DIAMOND,641
613,Spain,Male,30,9,111927.45,1,1,1,175795.87,1,SILVER,515
726,Spain,Female,56,8,123110.9,3,0,1,130113.78,4,DIAMOND,873
660,France,Female,32,0,114668.89,1,1,0,84605.0,4,PLATINUM,458
473,Spain,Male,48,8,0.0,2,1,0,71139.8,4,SILVER,304
739,France,Male,42,2,141642.92,2,1,0,172149.76,2,DIAMOND,271
745,France,Male,35,9,92566.53,2,1,0,161519.77,4,SILVER,742
584,Germany,Female,29,7,105204.01,1,0,1,138490.03,2,DIAMOND,453
627,Germany,Female,33,4,83199.05,1,0,0,159334.93,4,DIAMOND,611
605,Spain,Male,39,10,105317.73,2,1,0,138021.36,1,PLATINUM,798
811,France,Male,40,1,101514.89,1,1,1,121765.0,3,SILVER,749
623,France,Male,40,6,0.0,2,1,1,66119.07,5,PLATINUM,742
537,Germany,Male,84,8,92242.34,1,1,1,186235.98,3,SILVER,768
528,Spain,Male,43,7,97473.87,2,1,1,159823.16,3,PLATINUM,654
479,France,Male,47,6,121797.09,1,0,1,5811.9,2,PLATINUM,451
712,Spain,Female,30,6,0.0,2,1,0,152417.97,4,PLATINUM,472
592,Spain,Male,38,3,0.0,1,1,1,12905.89,1,PLATINUM,983
741,Spain,Male,40,4,104784.23,1,1,0,135163.76,5,DIAMOND,417
636,Germany,Female,29,3,97325.15,1,0,1,131924.38,3,SILVER,945
685,Germany,Male,43,9,108589.47,2,0,1,194808.51,4,GOLD,376
767,Germany,Female,33,1,144753.21,1,1,1,132480.75,1,GOLD,541
626,Germany,Male,35,4,88109.81,1,1,1,32825.5,5,SILVER,279
799,France,Female,32,3,106045.92,2,1,1,17938.0,2,SILVER,535
628,France,Male,45,9,0.0,2,1,1,96862.56,1,GOLD,429
722,Spain,Female,35,1,120171.58,1,1,0,125240.8,2,SILVER,324
640,France,Female,30,6,107499.7,1,1,1,187632.22,5,DIAMOND,663
687,Spain,Female,40,1,0.0,2,1,0,8207.36,3,DIAMOND,289
590,Spain,Female,23,7,0.0,2,1,0,196789.9,1,SILVER,469
445,France,Female,33,7,0.0,2,1,0,122625.68,1,DIAMOND,894
818,France,Female,49,2,0.0,1,0,1,192298.84,4,GOLD,544
705,France,Male,61,4,0.0,2,1,1,191313.7,2,DIAMOND,606
691,France,Male,50,6,136953.47,1,1,1,2704.98,5,PLATINUM,469
618,France,Female,42,2,0.0,4,0,0,111097.39,5,PLATINUM,398
645,France,Male,39,8,0.0,2,0,0,96864.36,5,SILVER,287
562,France,Male,29,9,0.0,1,1,1,25858.68,1,SILVER,512
615,Germany,Female,33,3,137657.25,2,1,1,171657.57,4,PLATINUM,676
696,Germany,Male,32,4,84421.62,1,0,1,52314.71,5,PLATINUM,491
455,Germany,Female,37,6,170057.62,1,0,1,54398.56,5,GOLD,932
456,France,Female,33,1,188285.68,1,0,0,58363.94,5,PLATINUM,516
813,France,Male,34,0,0.0,2,1,0,43169.15,2,DIAMOND,505
601,France,Female,34,5,0.0,2,1,0,27022.57,3,PLATINUM,498
659,Germany,Male,29,9,82916.48,1,1,1,84133.48,5,SILVER,652
726,Germany,Male,30,5,111375.32,2,1,0,2704.09,4,PLATINUM,622
785,France,Male,28,8,0.0,2,1,0,77231.27,2,SILVER,937
563,Spain,Male,24,7,0.0,2,0,0,16319.56,5,SILVER,769
664,Germany,Male,25,6,172812.72,2,1,1,108008.65,3,GOLD,644
772,France,Female,35,9,0.0,1,0,1,25448.31,2,SILVER,615
558,Germany,Male,25,10,111363.1,2,1,0,197264.35,4,PLATINUM,837
567,France,Male,42,2,0.0,2,1,1,167984.61,5,SILVER,959
644,France,Male,50,9,76817.0,4,1,0,196371.13,4,PLATINUM,381
740,Germany,Male,33,2,126524.11,1,1,0,136869.31,1,GOLD,464
605,France,Male,35,6,0.0,2,1,1,45206.57,3,SILVER,241
565,France,Male,36,6,106192.1,1,1,0,149575.59,5,DIAMOND,237
705,Germany,Male,48,9,114169.16,1,0,0,173273.2,4,DIAMOND,866
479,Germany,Male,35,4,138718.92,1,1,1,47251.79,1,GOLD,751
584,France,Male,35,6,161613.94,2,1,1,148238.16,3,GOLD,416
705,France,Male,34,7,117715.84,1,1,0,2498.67,5,PLATINUM,408
768,France,Male,42,5,0.0,3,0,0,60686.4,1,DIAMOND,265
529,Spain,Female,39,2,82766.43,1,1,1,122925.44,3,GOLD,574
570,France,Male,23,2,0.0,1,0,0,198830.98,4,DIAMOND,534
543,Germany,Male,37,8,140894.06,2,1,1,118059.19,1,GOLD,623
620,Germany,Male,39,9,159492.79,1,1,0,80582.34,1,PLATINUM,637
675,Spain,Female,40,8,79035.95,1,1,0,142783.98,5,GOLD,481
697,France,Female,34,2,126558.92,1,1,0,73334.43,5,PLATINUM,809
635,Spain,Female,34,5,98683.47,2,1,0,15733.19,3,SILVER,558
526,Spain,Male,66,7,132044.6,2,1,1,158365.89,4,PLATINUM,789
670,France,Female,40,3,47364.45,1,1,1,148579.43,2,PLATINUM,578
572,France,Male,43,2,140431.98,1,1,0,26450.57,4,DIAMOND,474
725,France,Female,29,6,0.0,2,1,1,190776.83,4,SILVER,826
757,France,Female,51,1,0.0,1,1,1,22835.13,2,SILVER,740
611,Germany,Female,29,4,78885.88,2,1,1,26927.69,3,SILVER,914
562,Germany,Male,33,8,92659.2,2,1,0,1354.25,2,GOLD,374
667,Spain,Female,23,6,136100.69,2,0,0,169669.33,1,DIAMOND,606
506,France,Male,37,5,0.0,2,1,1,127543.81,4,SILVER,837
660,France,Male,38,7,0.0,2,0,1,146585.53,2,GOLD,780
673,Spain,Male,39,8,138160.0,1,1,1,110468.51,3,SILVER,778
734,Spain,Female,43,3,55853.33,2,0,1,94811.85,1,PLATINUM,263
554,France,Female,48,7,0.0,2,1,1,63708.07,4,SILVER,659
732,Germany,Male,50,6,145338.76,1,0,0,91936.1,4,DIAMOND,738
619,France,Female,33,2,167733.51,2,1,1,65222.48,1,SILVER,319
523,Germany,Male,41,0,119276.31,1,0,0,122284.38,3,SILVER,844
630,France,Male,50,8,0.0,2,0,1,79377.45,4,PLATINUM,237
705,France,Male,92,1,126076.24,2,1,1,34436.83,5,SILVER,772
660,Spain,Male,30,4,0.0,2,1,0,129149.06,3,DIAMOND,309
677,Spain,Male,18,8,134796.87,2,1,1,114858.9,4,GOLD,904
698,France,Female,57,9,111359.55,2,1,0,105715.01,5,GOLD,567
783,France,Male,38,9,114135.17,1,1,0,153269.98,2,GOLD,343
850,Germany,Female,48,6,111962.99,1,1,0,111755.8,5,GOLD,446
589,Germany,Female,20,2,121093.29,2,1,0,3529.72,1,GOLD,683
631,France,Male,36,1,0.0,2,0,0,133141.34,3,SILVER,555
688,France,Male,38,7,148045.68,1,1,0,175479.92,3,DIAMOND,309
546,Spain,Male,25,7,127728.24,2,1,1,105279.74,5,SILVER,917
598,Spain,Female,23,6,0.0,2,1,0,153229.19,2,GOLD,737
848,Spain,Male,35,5,120046.74,2,1,0,84710.65,5,GOLD,644
573,Spain,Female,72,8,98765.84,1,1,1,96015.53,1,PLATINUM,255
552,France,Male,49,4,0.0,1,1,1,190296.76,1,SILVER,759
696,Spain,Female,51,5,0.0,2,1,0,55022.43,4,SILVER,509
595,France,Male,20,4,95830.43,1,1,0,177738.98,5,GOLD,250
720,France,Female,45,1,102882.4,2,1,1,35633.15,3,DIAMOND,219
589,Germany,Female,50,5,144895.05,2,1,1,34941.23,2,GOLD,831
408,France,Male,40,3,0.0,2,0,0,124874.23,5,GOLD,602
786,France,Male,37,7,165896.22,2,1,1,66977.68,1,GOLD,568
558,Spain,Male,45,4,0.0,1,1,0,131807.14,4,GOLD,248
686,Spain,Male,41,7,102749.72,1,0,1,194913.86,2,DIAMOND,561
746,France,Male,48,5,165282.42,1,1,0,153786.46,4,SILVER,512
473,Germany,Female,35,7,131504.73,1,1,0,189560.43,5,DIAMOND,852
708,France,Female,51,8,70754.18,1,1,1,92920.04,2,PLATINUM,1000
816,Spain,Male,67,6,151858.98,1,1,1,72814.31,5,GOLD,459
554,France,Male,31,1,0.0,2,0,1,192660.55,2,PLATINUM,759
564,Spain,Male,37,9,100252.18,1,1,1,146033.52,3,PLATINUM,500
704,Germany,Female,35,3,154206.07,2,1,1,40261.49,4,PLATINUM,634
487,Spain,Female,40,6,136093.74,1,0,1,193408.43,2,SILVER,677
649,France,Male,46,5,0.0,2,1,1,76946.6,5,PLATINUM,765
495,Spain,Female,45,3,89158.94,3,1,0,135169.76,1,PLATINUM,284
702,France,Male,40,7,145536.9,1,0,1,135334.24,3,DIAMOND,715
558,France,Male,35,1,0.0,2,0,0,111687.57,4,DIAMOND,875
604,France,Male,34,7,0.0,2,1,1,188078.55,4,SILVER,757
466,France,Female,41,3,33563.95,2,1,0,178994.13,1,DIAMOND,629
547,France,Female,49,2,0.0,1,0,0,65466.93,5,DIAMOND,618
694,Germany,Male,33,4,124067.32,1,1,1,77906.87,5,DIAMOND,769
745,Spain,Male,34,9,0.0,2,1,0,50046.25,3,SILVER,848
691,France,Female,44,6,134066.1,2,1,1,197572.41,4,PLATINUM,335
594,France,Male,57,6,0.0,1,1,0,19376.56,5,GOLD,661
675,Germany,Female,33,0,141816.25,1,1,0,64815.05,4,GOLD,290
775,France,Female,30,5,0.0,1,1,0,193880.6,5,DIAMOND,807
726,France,Female,44,2,0.0,2,1,1,26733.86,3,SILVER,655
707,France,Male,40,1,0.0,2,1,0,14090.4,3,PLATINUM,222
535,Germany,Female,53,5,141616.55,2,1,1,75888.65,1,PLATINUM,577
740,France,Female,37,7,0.0,2,1,1,194270.91,1,DIAMOND,741
717,Germany,Female,33,0,115777.23,1,1,1,81508.1,1,DIAMOND,569
705,France,Female,55,8,0.0,2,1,1,14392.68,3,GOLD,761
657,Spain,Male,36,8,188241.05,2,0,0,183058.51,3,DIAMOND,382
623,France,Female,34,9,0.0,1,1,0,24255.21,1,DIAMOND,333
493,France,Female,36,5,148667.81,2,1,0,56092.51,4,DIAMOND,921
676,France,Male,30,1,128207.23,1,1,1,55400.17,2,GOLD,523
419,Spain,Female,27,2,121580.42,1,0,1,134720.51,5,DIAMOND,851
774,Spain,Female,43,1,116360.07,1,1,0,17004.14,5,SILVER,239
752,France,Male,38,0,145974.79,2,1,1,137694.23,5,PLATINUM,884
574,Spain,Female,37,7,0.0,2,1,0,32262.28,2,DIAMOND,737
639,Germany,Female,46,10,110031.09,2,1,1,133995.59,5,SILVER,661
696,France,Female,41,8,0.0,2,0,0,28276.83,3,PLATINUM,628
692,France,Male,27,1,125547.53,1,0,0,7900.46,4,SILVER,890
584,France,Male,38,1,115341.55,1,0,1,173632.92,2,DIAMOND,665
725,France,Female,44,10,0.0,1,0,1,93777.61,5,SILVER,696
558,France,Female,41,6,0.0,1,1,1,143585.29,1,GOLD,331
475,France,Female,45,0,134264.04,1,1,0,27822.99,1,DIAMOND,877
676,Spain,Female,36,4,0.0,2,1,1,3173.31,2,PLATINUM,539
586,France,Female,28,5,0.0,3,1,0,170487.4,2,PLATINUM,471
706,France,Female,44,4,129605.99,1,0,0,69865.49,3,SILVER,528
684,Spain,Female,31,8,0.0,2,1,0,188637.05,4,SILVER,515
698,Spain,Female,47,6,0.0,1,1,0,50213.81,4,PLATINUM,625
640,Germany,Male,33,8,81677.22,2,0,0,34925.56,2,PLATINUM,417
573,France,Male,40,7,147754.68,1,1,1,110454.46,4,PLATINUM,319
705,Germany,Female,44,10,106731.58,1,1,0,137419.87,4,PLATINUM,531
634,Spain,Female,36,1,0.0,1,1,1,143960.72,3,GOLD,972
731,Spain,Male,41,4,0.0,2,1,0,22299.27,1,GOLD,968
698,France,Female,51,6,144237.91,4,1,0,157143.61,4,GOLD,915
639,Spain,Female,54,2,0.0,2,1,1,53843.71,2,DIAMOND,522
678,France,Female,41,9,0.0,1,0,0,13160.03,5,DIAMOND,911
730,France,Male,33,0,0.0,2,1,0,1474.79,2,SILVER,506
712,Germany,Female,49,5,154776.42,2,0,0,196257.68,3,PLATINUM,822
581,France,Female,24,3,95508.2,1,1,1,45755.0,5,PLATINUM,463
587,Spain,Male,51,3,83739.32,1,0,1,148798.45,3,GOLD,882
742,France,Female,35,2,79126.17,1,1,1,126997.53,3,DIAMOND,974
746,Germany,Male,34,6,141806.0,2,1,1,183494.87,3,SILVER,236
646,France,Male,30,7,0.0,2,1,0,153566.97,1,PLATINUM,801
585,Germany,Female,40,3,162261.01,2,1,0,137028.51,3,PLATINUM,846
691,Germany,Male,27,3,160358.68,2,1,0,142367.72,3,GOLD,527
733,Spain,Female,32,5,0.0,2,1,0,131625.14,1,GOLD,522
667,France,Male,34,5,0.0,2,1,1,102908.63,4,PLATINUM,927
507,Spain,Female,29,6,0.0,2,0,1,94780.9,2,DIAMOND,284
614,Spain,Male,66,2,0.0,2,0,1,180082.7,5,SILVER,778
551,France,Male,43,7,0.0,2,1,0,178393.68,1,PLATINUM,972
716,Germany,Male,41,8,126145.54,2,1,1,138051.19,5,SILVER,992
769,France,Female,39,8,0.0,1,0,1,21016.0,3,GOLD,828
627,France,Female,55,2,159441.27,1,1,0,100686.11,3,DIAMOND,485
756,Spain,Male,19,4,130274.22,1,1,1,133535.29,4,SILVER,546
649,France,Female,46,2,0.0,2,1,1,66602.7,3,SILVER,499
560,Germany,Male,41,4,152532.3,1,0,0,10779.69,3,DIAMOND,459
605,Germany,Male,75,2,61319.63,1,0,1,186655.11,2,SILVER,470
671,France,Female,31,7,41299.03,1,0,1,102681.32,3,DIAMOND,281
583,Spain,Female,40,4,0.0,2,1,0,114093.73,2,DIAMOND,423
688,France,Female,51,5,0.0,1,1,0,91624.11,4,PLATINUM,320
698,Germany,Female,52,1,107906.75,1,1,0,168886.39,4,GOLD,866
658,Germany,Female,55,8,119327.93,1,0,1,119439.66,5,DIAMOND,397
850,France,Female,36,10,0.0,2,1,1,100750.03,4,SILVER,795
782,France,Male,36,1,148795.17,2,1,1,195681.43,1,DIAMOND,615
738,Germany,Female,40,1,115409.18,2,0,0,180456.8,5,GOLD,925
700,Spain,Male,31,7,0.0,2,0,1,145151.96,1,GOLD,676
806,France,Male,31,9,0.0,2,0,1,140168.36,4,SILVER,315
722,France,Male,37,2,0.0,1,0,0,120906.83,4,GOLD,625
577,Germany,Female,59,7,111396.97,1,0,1,191070.01,5,SILVER,583
469,Spain,Male,37,9,96776.49,1,1,1,119890.86,4,PLATINUM,406
617,France,Female,24,4,137295.19,2,1,1,91195.12,1,PLATINUM,598
659,Germany,Male,39,8,52106.33,2,1,1,107964.36,1,SILVER,595
733,Spain,Female,31,9,102289.85,1,1,1,115441.66,2,PLATINUM,239
653,Germany,Male,31,2,154741.45,2,0,0,25183.01,1,SILVER,733
695,France,Male,36,6,114007.5,2,1,0,118120.88,1,DIAMOND,533
660,Germany,Male,41,1,129901.21,1,1,0,26025.6,2,PLATINUM,694
769,Spain,Male,41,1,72509.91,1,1,0,25723.73,4,GOLD,747
519,France,Male,39,1,97700.02,1,1,1,30709.03,3,SILVER,960
638,France,Female,29,9,103417.74,1,1,1,15336.4,4,SILVER,492
687,Spain,Female,44,7,0.0,3,1,0,155853.52,2,SILVER,336
640,Germany,Female,46,5,107978.4,2,1,0,155876.06,3,PLATINUM,279
796,Spain,Male,67,5,0.0,2,0,1,54871.02,3,GOLD,726
658,France,Female,39,4,0.0,1,1,1,147530.06,3,GOLD,745
662,France,Male,44,8,0.0,2,1,1,175314.87,2,DIAMOND,241
700,Germany,Female,30,4,116377.48,1,1,1,134417.31,1,SILVER,635
680,Spain,Female,30,3,0.0,1,1,0,160131.58,4,GOLD,916
773,France,Male,41,4,0.0,2,1,1,24924.92,2,PLATINUM,667
453,Germany,Female,38,8,120623.21,1,1,0,129697.99,5,GOLD,364
700,Spain,Male,28,8,159900.38,1,0,0,22698.56,1,GOLD,227
652,Spain,Female,38,1,103895.31,1,0,1,159649.44,3,SILVER,607
481,Spain,Male,39,1,111233.09,1,1,1,123995.15,3,PLATINUM,955
626,France,Female,29,4,105767.28,2,0,0,41104.82,1,PLATINUM,838
588,Germany,Male,33,9,150186.22,2,1,1,65611.01,3,SILVER,485
625,France,Female,44,7,0.0,1,1,0,4791.8,3,SILVER,801
634,Germany,Male,35,6,116269.01,1,1,0,129964.94,1,SILVER,989
594,France,Female,56,7,0.0,1,1,0,26215.85,5,SILVER,709
604,Spain,Female,26,3,0.0,2,1,0,155248.62,4,SILVER,679
556,France,Female,40,9,129860.37,1,0,0,17992.94,4,DIAMOND,332
615,France,Male,39,4,133707.09,1,1,1,108152.75,5,PLATINUM,358
721,Germany,Male,37,3,107720.64,1,1,1,158591.12,1,PLATINUM,478
638,France,Male,46,9,139859.54,1,1,0,38967.29,4,GOLD,946
560,Spain,Female,33,9,0.0,1,0,1,183358.21,1,DIAMOND,531
746,France,Female,34,4,0.0,1,0,1,65166.6,1,SILVER,416
576,France,Male,41,1,0.0,1,1,1,188274.6,3,DIAMOND,999
658,France,Female,40,5,143566.12,1,1,1,189607.71,2,PLATINUM,227
665,Germany,Male,25,5,153611.83,2,1,0,35321.65,1,SILVER,862
537,Spain,Female,38,6,141786.78,1,0,1,147797.54,2,GOLD,524
749,France,Male,30,1,0.0,2,0,1,126551.65,1,SILVER,427
795,Germany,Female,56,9,94348.94,1,1,0,29239.29,1,PLATINUM,414
630,France,Male,55,2,0.0,1,1,1,106202.07,3,SILVER,660
610,Germany,Male,49,6,113882.33,1,1,0,195813.81,1,GOLD,441
515,France,Female,66,6,0.0,2,1,1,160663.11,2,PLATINUM,282
786,France,Male,32,2,120452.4,2,0,0,79602.86,4,GOLD,709
624,Spain,Female,36,10,0.0,2,0,1,186180.42,5,GOLD,230
798,France,Female,37,4,111723.08,1,1,1,83478.12,4,SILVER,778
752,Germany,Male,38,3,183102.29,1,1,1,71557.12,3,SILVER,833
685,Spain,Male,34,6,83264.28,1,0,0,9663.28,5,GOLD,449
559,France,Male,50,5,162702.35,1,0,0,150548.5,3,DIAMOND,815
850,Spain,Female,55,7,0.0,1,0,0,171762.87,3,SILVER,987
485,Germany,Male,51,7,144244.59,2,1,0,51113.14,4,PLATINUM,633
619,France,Male,39,5,0.0,2,1,1,158444.61,1,SILVER,527
748,France,Male,40,3,95297.11,1,0,0,171515.84,4,GOLD,667
695,Spain,Male,63,1,146202.93,1,1,1,126688.83,3,DIAMOND,703
588,Germany,Male,35,3,104356.38,1,1,0,94498.82,5,GOLD,885
640,France,Female,31,9,138857.59,1,1,0,48640.77,1,SILVER,686
652,Germany,Male,45,2,151421.44,1,0,1,115333.43,2,GOLD,388
548,France,Female,32,2,172448.77,1,1,0,188083.77,2,GOLD,374
786,Germany,Female,33,0,122325.58,1,0,0,34712.34,5,PLATINUM,629
558,Spain,Male,40,4,161766.87,1,0,0,92378.54,2,DIAMOND,628
559,France,Male,62,6,118756.62,1,1,1,20367.68,5,PLATINUM,931
597,Germany,Female,35,8,131101.04,1,1,1,192852.67,3,SILVER,758
452,France,Female,35,7,0.0,2,1,0,164241.67,5,SILVER,634
549,Germany,Female,45,3,143734.01,2,1,1,96404.38,2,SILVER,816
721,Spain,Male,43,3,88798.34,1,0,0,45610.63,2,GOLD,592
553,Spain,Male,44,4,0.0,1,1,0,10789.3,1,GOLD,780
600,France,Female,49,6,0.0,1,0,1,148087.88,3,PLATINUM,269
748,France,Female,39,9,132865.56,1,1,1,59636.43,2,DIAMOND,756
793,Germany,Female,34,5,127758.09,1,1,0,143357.03,2,GOLD,633
425,Spain,Female,39,5,0.0,2,1,0,140941.47,1,DIAMOND,426
601,Spain,Female,44,4,0.0,2,1,0,58561.31,1,GOLD,281
696,France,Male,52,6,139781.06,1,1,0,27445.4,3,DIAMOND,457
629,Spain,Female,44,6,125512.98,2,0,0,79082.76,5,PLATINUM,690
580,Germany,Female,36,3,74974.89,1,1,1,12099.67,3,SILVER,649
734,France,Female,54,3,0.0,1,1,0,130805.54,4,SILVER,505
810,France,Male,32,9,120879.73,2,0,1,78896.59,2,PLATINUM,578
696,Germany,Male,49,5,97036.22,2,1,0,152450.84,1,PLATINUM,594
729,Spain,Male,44,4,107726.93,2,1,0,153064.87,5,SILVER,456
664,France,Female,31,9,114519.57,2,0,1,79222.02,4,SILVER,399
809,France,Male,43,2,0.0,2,1,1,132908.07,1,PLATINUM,706
632,Germany,Male,30,2,72549.0,2,0,1,182728.8,3,DIAMOND,845
629,France,Male,32,2,0.0,2,0,1,77965.44,2,SILVER,627
718,France,Male,35,3,97560.16,1,1,1,53511.74,2,DIAMOND,747
745,France,Male,21,4,137910.45,1,1,1,177235.23,3,PLATINUM,923
606,Germany,Male,39,8,136000.45,2,1,0,31708.53,4,SILVER,819
662,France,Female,47,6,0.0,2,1,1,129392.75,4,GOLD,629
842,France,Male,58,1,63492.94,1,1,1,83172.19,4,DIAMOND,354
692,Germany,Male,49,6,110540.43,2,0,1,107472.99,1,PLATINUM,891
719,Spain,Male,37,10,145382.61,1,1,0,80408.59,5,PLATINUM,306
573,France,Female,30,6,0.0,2,1,0,66190.21,2,PLATINUM,546
509,France,Male,35,8,0.0,2,0,1,67431.28,3,GOLD,825
679,Germany,Male,58,8,125850.53,2,1,1,87008.17,2,DIAMOND,572
625,France,Female,51,4,124620.01,2,1,0,92243.94,4,DIAMOND,513
778,Germany,Female,37,0,105617.73,2,1,1,133699.82,1,GOLD,607
795,Spain,Male,29,4,0.0,2,0,0,155711.64,3,GOLD,902
645,France,Female,55,7,0.0,2,1,1,18369.33,2,GOLD,971
736,France,Female,36,6,0.0,1,1,0,70496.66,2,GOLD,978
758,France,Female,33,7,0.0,2,0,0,82996.47,4,PLATINUM,953
623,Spain,Female,40,4,0.0,3,1,0,31669.18,2,PLATINUM,998
567,France,Male,36,1,0.0,2,0,0,8555.73,2,GOLD,675
772,Spain,Female,39,4,122486.11,2,1,1,140709.25,2,SILVER,925
646,France,Male,40,5,93680.43,2,1,1,179473.26,4,SILVER,298
850,France,Male,19,8,0.0,1,1,1,68569.89,3,GOLD,615
568,France,Female,44,7,0.0,2,0,0,62370.67,2,SILVER,869
698,Spain,Female,31,8,185078.26,1,0,0,115337.74,5,GOLD,921
549,Germany,Male,54,5,92877.33,1,1,0,2619.64,1,DIAMOND,447
783,Spain,Male,39,9,0.0,2,1,0,143752.77,4,DIAMOND,301
461,France,Male,51,9,119889.84,1,0,0,56767.67,1,GOLD,933
797,France,Male,45,8,0.0,1,0,0,125110.02,2,DIAMOND,456
656,France,Female,30,4,74323.2,1,1,1,22929.08,4,PLATINUM,650
669,Spain,Male,25,7,157228.61,2,1,0,124382.9,1,GOLD,632
788,Germany,Female,42,6,138650.49,2,1,0,64746.07,4,GOLD,372
559,France,Female,31,3,127070.73,1,0,1,160941.78,2,PLATINUM,665
617,France,Male,30,3,132005.77,1,1,0,142940.39,5,GOLD,285
770,Germany,Female,46,5,141788.63,2,0,0,164967.21,5,PLATINUM,791
574,France,Female,34,5,112324.45,2,1,1,17993.43,4,GOLD,674
611,France,Female,26,2,107508.93,2,1,1,120801.65,4,DIAMOND,720
694,France,Male,30,2,0.0,3,0,1,15039.41,4,DIAMOND,392
480,France,Male,40,6,148790.61,1,0,1,79329.7,2,SILVER,883
768,Spain,Female,44,6,60603.4,1,1,1,178045.97,4,DIAMOND,570
841,Spain,Male,28,4,0.0,2,1,1,179436.6,5,GOLD,393
691,Germany,Female,38,5,114753.76,1,1,0,107665.02,4,SILVER,490
555,Spain,Male,21,1,0.0,2,0,0,103901.35,1,DIAMOND,599
824,Germany,Male,77,3,27517.15,2,0,1,2746.41,5,DIAMOND,914
747,France,Male,49,6,202904.64,1,1,1,17298.72,1,SILVER,765
756,France,Female,32,4,0.0,2,1,0,147040.25,5,PLATINUM,809
724,Spain,Male,39,3,0.0,2,0,1,95562.81,2,DIAMOND,918
786,Spain,Female,34,9,0.0,2,1,0,117034.32,4,SILVER,472
753,Germany,Male,44,3,138076.47,1,1,0,15523.09,2,SILVER,290
850,France,Male,36,3,0.0,2,1,0,195033.07,4,PLATINUM,731
575,Spain,Female,26,7,0.0,2,1,0,112507.63,2,PLATINUM,346
497,Spain,Male,37,8,128650.11,2,1,1,163641.53,1,SILVER,525
759,France,Female,46,2,0.0,1,1,1,138380.11,3,PLATINUM,291
677,France,Female,29,3,86616.35,1,0,0,91903.9,5,DIAMOND,589
603,Germany,Male,44,6,108122.39,2,1,0,108488.33,3,GOLD,652
630,Germany,Male,29,6,131354.39,1,0,1,9324.31,4,SILVER,846
837,France,Male,26,4,89900.24,2,1,0,175477.03,2,DIAMOND,265
588,France,Female,27,8,0.0,1,1,0,20066.38,5,DIAMOND,367
607,Spain,Female,33,2,108431.87,2,0,1,109291.39,5,PLATINUM,647
383,Spain,Female,48,8,95808.19,1,0,0,137702.01,1,SILVER,609
687,Spain,Male,31,3,0.0,2,0,0,48228.1,2,PLATINUM,575
567,Germany,Male,29,5,129750.68,1,1,0,109257.59,3,GOLD,886
704,Spain,Female,36,2,175509.8,2,1,0,152039.67,3,PLATINUM,397
584,France,Male,26,4,0.0,2,1,0,147600.54,2,SILVER,408
503,Spain,Male,25,7,0.0,1,0,1,192841.13,1,SILVER,417
589,Spain,Female,45,1,0.0,1,0,0,125939.22,4,SILVER,300
525,France,Male,51,10,0.0,3,1,0,171045.35,2,PLATINUM,242
635,Germany,Male,43,5,78992.75,2,0,0,153265.31,5,SILVER,368
833,France,Female,39,3,0.0,2,1,0,1710.89,1,DIAMOND,779
850,France,Female,33,7,118004.26,1,1,0,183983.82,5,SILVER,782
497,Spain,Male,44,2,121250.04,1,0,1,79691.4,3,DIAMOND,595
669,France,Male,29,7,0.0,2,1,1,138145.62,2,GOLD,913
726,Germany,Male,30,7,92847.59,1,1,0,146154.06,5,DIAMOND,361
850,Germany,Female,31,1,130089.56,2,1,1,4466.21,3,GOLD,729
710,Spain,Male,33,1,0.0,2,1,0,168313.17,2,GOLD,725
531,Spain,Male,31,2,118899.45,2,0,0,41409.36,2,DIAMOND,349
710,Spain,Male,35,1,106518.52,1,1,1,127951.81,4,PLATINUM,939
697,Spain,Female,40,7,130334.35,2,0,1,116951.1,4,PLATINUM,850
567,France,Female,35,5,166118.45,2,1,0,127827.18,4,GOLD,239
629,France,Male,31,6,0.0,2,1,0,93881.75,5,SILVER,363
696,Spain,Female,43,4,0.0,2,1,1,66406.37,4,DIAMOND,678
673,France,Female,44,8,133444.97,1,0,1,5708.19,4,PLATINUM,276
592,Germany,Female,26,4,105082.07,2,1,0,132801.57,1,GOLD,949
359,France,Female,44,6,128747.69,1,1,0,146955.71,1,PLATINUM,981
651,France,Male,28,7,0.0,2,1,0,823.96,1,SILVER,383
741,France,Male,39,5,0.0,1,0,1,40207.06,1,SILVER,933
603,Germany,Male,26,4,109166.37,1,1,1,92840.67,3,PLATINUM,882
850,Germany,Male,38,5,146756.68,1,1,0,78268.61,2,GOLD,364
840,France,Female,43,7,0.0,2,1,0,90908.95,2,SILVER,645
837,France,Female,38,2,0.0,2,1,1,46395.21,4,SILVER,459
623,France,Male,21,10,0.0,2,0,1,135851.3,2,PLATINUM,285
711,Germany,Male,26,9,128793.63,1,1,0,19262.05,2,GOLD,274
704,Germany,Female,54,6,133656.91,3,1,0,145071.33,1,PLATINUM,329
524,France,Male,52,2,87894.26,1,1,0,173899.42,4,SILVER,771
561,Germany,Male,49,5,94754.0,1,1,1,26691.31,5,DIAMOND,760
534,France,Female,42,9,144801.97,1,0,1,12483.39,3,SILVER,771
751,Germany,Female,28,10,132932.14,2,1,1,46630.47,5,DIAMOND,411
756,France,Male,27,8,0.0,2,1,1,157932.75,3,DIAMOND,281
599,Spain,Male,36,4,0.0,2,0,0,13210.56,3,DIAMOND,928
550,Germany,Male,52,5,121016.23,1,1,1,41730.37,3,DIAMOND,592
705,France,Female,35,5,0.0,1,1,0,133991.11,3,PLATINUM,564
635,Spain,Female,37,3,0.0,2,1,0,91086.73,2,PLATINUM,413
432,France,Female,27,6,62339.81,2,0,0,53874.67,1,GOLD,522
673,France,Female,37,10,0.0,2,1,1,37411.35,4,PLATINUM,450
515,Spain,Male,35,10,176273.95,1,0,1,121277.78,1,GOLD,231
594,France,Male,27,0,197041.8,1,0,0,151912.49,2,PLATINUM,690
747,France,Female,21,4,81025.6,2,1,0,167682.57,1,SILVER,463
591,France,Male,28,5,0.0,2,1,1,48606.92,4,SILVER,916
662,Spain,Female,30,9,0.0,2,0,1,157884.83,5,SILVER,479
651,Spain,Female,36,8,0.0,2,1,0,91652.43,3,SILVER,823
549,France,Female,38,8,107283.4,1,0,0,157442.75,4,SILVER,555
577,France,Female,26,1,180530.51,1,0,0,123454.62,3,DIAMOND,873
792,France,Male,30,8,0.0,2,1,0,199644.2,5,SILVER,630
494,France,Male,28,9,114731.76,2,0,1,79479.74,1,PLATINUM,261
771,Germany,Male,32,9,77487.2,1,0,0,33143.04,3,SILVER,918
644,Germany,Female,40,4,77270.08,2,1,1,115800.1,3,DIAMOND,748
580,France,Male,50,0,125647.36,1,1,0,57541.08,3,PLATINUM,548
835,France,Male,23,9,0.0,1,1,0,19793.73,4,SILVER,955
652,France,Female,40,1,0.0,2,1,0,126554.96,1,PLATINUM,247
535,Spain,Female,50,1,140292.58,3,0,0,69531.22,2,GOLD,315
581,France,Female,37,10,104255.03,1,1,0,86609.37,2,DIAMOND,559
618,Germany,Female,54,4,118449.21,1,1,1,133573.29,1,SILVER,534
627,France,Female,57,9,0.0,2,1,1,107712.42,2,PLATINUM,333
752,Germany,Female,38,10,101648.5,2,1,0,172001.44,1,PLATINUM,296
777,Germany,Female,37,10,121532.17,2,1,1,73464.88,4,SILVER,440
624,Germany,Male,54,3,116726.22,1,1,0,110498.1,5,PLATINUM,710
592,France,Female,62,5,0.0,1,1,1,100941.57,1,PLATINUM,938
849,France,Female,41,6,0.0,2,1,1,169203.51,1,DIAMOND,618
791,France,Female,33,3,0.0,1,1,1,144413.92,5,SILVER,653
679,France,Female,24,6,114948.76,2,0,1,135768.25,4,GOLD,471
772,France,Male,23,2,0.0,2,1,0,18364.19,3,GOLD,407
630,France,Female,40,0,118633.08,1,0,1,60032.46,4,DIAMOND,475
619,Spain,Female,32,4,175406.13,2,1,1,172792.43,1,DIAMOND,707
593,Germany,Female,29,5,101713.84,3,1,0,134594.99,2,GOLD,490
538,Germany,Male,39,7,108055.1,2,1,0,27231.26,5,SILVER,534
432,Spain,Male,38,7,0.0,2,1,0,150580.88,1,PLATINUM,716
619,Spain,Female,38,6,0.0,2,1,1,117616.29,5,GOLD,968
523,Germany,Male,35,8,138782.76,1,1,1,186118.93,4,DIAMOND,249
607,Spain,Female,25,4,121166.89,1,0,1,115288.24,1,DIAMOND,551
579,Spain,Female,35,1,129490.36,2,0,1,8590.83,4,GOLD,247
721,France,Male,41,6,135071.12,1,1,1,64477.25,3,SILVER,330
695,Spain,Male,32,9,0.0,3,0,1,38533.79,4,GOLD,475
604,France,Female,32,7,127849.38,1,1,0,15798.7,3,PLATINUM,747
756,France,Female,28,6,0.0,1,1,1,164394.65,2,SILVER,458
657,France,Male,32,3,118829.03,2,1,1,73127.61,2,DIAMOND,343
498,France,Female,31,10,0.0,2,1,0,13892.57,1,PLATINUM,433
673,France,Male,72,1,0.0,2,0,1,111981.19,3,SILVER,865
841,France,Male,74,9,108131.53,1,0,1,60830.38,5,SILVER,698
663,France,Female,27,9,0.0,2,1,0,150850.29,5,DIAMOND,769
689,France,Female,46,7,52016.08,2,1,1,72993.65,3,DIAMOND,384
427,France,Male,29,1,141325.56,1,1,1,93839.3,5,GOLD,589
698,France,Male,41,3,90605.29,1,1,1,14357.0,5,SILVER,444
671,Spain,Female,42,3,0.0,2,1,1,128449.33,2,DIAMOND,931
721,France,Female,37,1,0.0,2,1,0,70810.8,5,DIAMOND,420
634,Spain,Male,34,1,0.0,2,1,0,61995.57,5,SILVER,522
549,Spain,Female,24,9,0.0,2,1,1,14406.41,3,SILVER,544
619,France,Male,43,1,125211.92,1,1,1,113410.49,5,SILVER,657
700,France,Female,30,9,0.0,1,1,1,174971.64,4,DIAMOND,894
765,France,Male,43,9,157960.49,2,0,0,136602.8,1,PLATINUM,335
603,France,Male,31,1,129743.75,1,1,0,109145.2,1,PLATINUM,664
521,France,Male,37,5,105843.26,2,1,1,84908.2,3,SILVER,751
663,France,Female,37,7,0.0,1,1,1,185210.63,5,PLATINUM,885
701,Spain,Female,42,5,0.0,2,0,0,24210.56,1,GOLD,282
759,France,Female,33,9,160541.36,2,0,0,93541.14,4,SILVER,497
624,Spain,Male,33,6,66220.17,1,0,1,170819.01,5,GOLD,413
697,France,Female,25,1,0.0,2,0,0,87803.32,2,PLATINUM,851
812,Germany,Male,33,2,127154.14,2,0,1,105383.49,1,SILVER,344
759,France,Male,44,2,111095.58,2,1,0,100137.7,4,DIAMOND,784
694,France,Male,34,5,127900.03,1,1,0,101737.8,5,GOLD,325
580,Germany,Male,44,9,143391.07,1,0,0,146891.07,4,GOLD,567
794,France,Male,33,0,0.0,2,0,0,178122.71,1,DIAMOND,755
666,Germany,Male,74,7,105102.5,1,1,1,46172.47,2,DIAMOND,832
713,France,Male,46,5,0.0,1,1,1,55701.62,5,GOLD,961
682,France,Female,64,10,128306.7,1,0,1,66040.83,4,PLATINUM,457
710,Spain,Female,27,2,135277.96,1,1,0,142200.15,4,SILVER,314
682,France,Female,52,5,112670.48,1,1,0,21085.17,5,PLATINUM,336
684,France,Male,35,3,137179.39,1,1,1,37264.11,5,DIAMOND,981
825,France,Male,32,9,0.0,2,0,0,9751.03,5,PLATINUM,583
797,Spain,Male,59,4,129321.44,1,1,1,93624.55,3,GOLD,245
655,France,Female,39,6,94631.26,2,1,1,148948.52,5,PLATINUM,315
720,France,Male,26,10,51962.91,2,1,0,45507.24,1,PLATINUM,476
636,France,Male,44,2,0.0,2,0,0,86414.41,1,SILVER,663
609,France,Male,25,10,0.0,1,0,1,109895.16,2,PLATINUM,652
603,France,Male,32,7,0.0,1,1,0,198055.94,3,SILVER,642
718,France,Female,35,2,167924.95,1,1,0,43024.64,2,SILVER,317
672,Germany,Male,68,0,126061.51,2,1,1,184936.77,4,GOLD,564
647,France,Female,40,9,0.0,2,0,1,92357.21,1,GOLD,852
774,Germany,Male,42,2,132193.94,2,1,1,162865.52,1,SILVER,851
620,France,Female,42,1,0.0,2,0,1,65565.92,2,PLATINUM,615
656,France,Female,45,7,145933.27,1,1,1,199392.14,1,PLATINUM,409
661,Germany,Female,64,8,128751.65,2,1,0,189398.18,3,GOLD,254
680,France,Male,31,9,0.0,2,1,0,36145.53,1,DIAMOND,844
596,Germany,Male,48,2,131326.47,1,0,0,1140.02,2,DIAMOND,912
647,France,Female,29,0,98263.46,2,1,0,164717.95,2,GOLD,621
653,France,Male,46,0,119556.1,1,1,0,78250.13,2,PLATINUM,975
731,Spain,Female,26,3,0.0,2,1,0,37697.29,5,DIAMOND,271
651,France,Female,65,0,0.0,2,1,1,190454.04,4,PLATINUM,700
700,Germany,Female,39,5,144550.83,2,1,1,189664.43,4,DIAMOND,956
663,Germany,Female,46,6,95439.4,1,1,1,21038.58,4,DIAMOND,825
760,Spain,Female,33,1,118114.28,2,0,1,156660.21,2,SILVER,348
799,Germany,Female,39,7,167395.6,2,0,1,139537.43,2,PLATINUM,908
738,France,Male,31,9,82674.15,1,1,0,41970.72,4,DIAMOND,234
600,France,Female,37,4,0.0,3,1,0,7312.25,3,PLATINUM,264
610,France,Female,35,7,81905.95,1,1,1,61623.19,3,GOLD,402
768,France,Female,28,3,109118.05,2,0,1,50911.41,3,SILVER,803
629,Spain,Male,34,8,0.0,2,1,1,180595.02,3,SILVER,835
587,France,Male,36,1,0.0,2,0,1,17135.6,1,GOLD,937
835,Germany,Male,20,4,124365.42,1,0,0,180197.74,3,GOLD,812
693,Spain,Female,45,4,0.0,2,1,1,26589.56,5,SILVER,898
850,France,Male,43,4,161256.53,1,1,1,140071.57,5,SILVER,791
670,France,Female,39,8,101928.51,1,0,0,89205.54,5,DIAMOND,290
758,France,Female,32,2,84378.9,1,1,1,75396.43,3,PLATINUM,867
831,France,Female,34,2,0.0,2,0,0,165840.94,3,GOLD,469
850,Spain,Male,34,8,199229.14,1,0,0,68106.29,3,SILVER,850
808,Germany,Male,39,3,124216.93,1,0,1,171442.36,5,SILVER,471
544,France,Male,23,1,96471.2,1,1,0,35550.97,4,DIAMOND,487
641,Spain,Male,25,10,0.0,2,1,1,180808.39,4,DIAMOND,586
732,France,Male,36,7,0.0,2,1,1,60830.24,1,GOLD,875
807,France,Female,34,1,0.0,1,0,0,114448.13,3,GOLD,306
810,Germany,Male,69,3,27288.43,1,1,1,110509.9,3,SILVER,618
773,France,Male,45,8,96877.21,1,1,1,113950.51,4,SILVER,744
548,Germany,Female,36,2,108913.84,2,1,1,140460.01,4,SILVER,800
542,Spain,Male,34,8,108653.93,1,0,1,144725.14,1,SILVER,522
775,France,Female,30,10,191091.74,2,1,1,96170.38,5,SILVER,361
654,Germany,Male,43,9,84673.17,2,0,1,82081.35,5,SILVER,531
539,Spain,Male,28,5,0.0,2,1,0,48382.4,1,DIAMOND,830
710,France,Female,37,5,0.0,2,1,0,115403.31,1,SILVER,875
761,Germany,Female,38,1,120530.13,2,1,0,109394.62,2,GOLD,815
620,France,Male,32,7,0.0,2,1,1,34665.79,3,PLATINUM,479
604,Germany,Female,42,10,166031.45,1,1,0,98293.14,1,DIAMOND,820
717,Germany,Male,35,7,58469.37,2,1,1,172459.39,2,GOLD,793
527,Germany,Female,28,2,123802.98,2,1,1,155846.69,2,PLATINUM,805
724,France,Male,34,2,154485.74,2,0,0,78560.64,1,DIAMOND,518
472,France,Female,37,1,0.0,2,1,1,48357.9,3,SILVER,793
607,Germany,Female,39,8,105103.33,1,1,0,104721.5,4,PLATINUM,697
692,France,Male,28,5,61581.97,1,1,1,70179.91,3,SILVER,963
657,France,Female,39,4,80293.81,1,1,0,97192.76,1,DIAMOND,681
596,Spain,Female,54,0,78126.28,1,1,1,153482.91,2,PLATINUM,479
688,Germany,Male,26,8,146133.39,1,1,1,175296.76,4,PLATINUM,866
512,Spain,Male,31,6,0.0,2,1,0,168462.26,1,SILVER,264
685,Spain,Male,31,7,122449.31,2,1,1,180769.55,5,GOLD,946
613,Germany,Female,43,10,120481.69,1,0,0,94875.03,1,DIAMOND,333
535,France,Female,44,2,114427.86,1,1,1,136330.26,1,PLATINUM,948
677,France,Male,38,4,0.0,2,1,0,187800.63,4,GOLD,664
654,France,Male,32,6,0.0,2,1,1,137898.57,5,SILVER,311
651,France,Male,40,4,0.0,2,1,1,147715.83,5,SILVER,771
743,Spain,Female,48,5,118207.69,2,0,0,186489.14,2,SILVER,947
790,France,Female,31,9,0.0,2,1,0,84126.75,1,DIAMOND,319
672,France,Male,34,9,0.0,2,1,0,161800.77,3,GOLD,239
567,Germany,Male,41,0,134378.89,1,1,1,105746.94,5,DIAMOND,624
712,Spain,Male,53,2,111061.01,2,0,0,26542.17,2,GOLD,345
521,Germany,Male,52,5,116497.31,3,0,0,53793.1,3,SILVER,647
745,Germany,Male,35,4,98270.34,1,1,0,133617.43,5,DIAMOND,271
850,Germany,Female,31,4,164672.66,1,0,1,61936.1,1,PLATINUM,519
449,France,Female,21,7,0.0,2,0,0,175743.92,3,GOLD,786
655,France,Male,37,5,93147.0,2,1,0,66214.13,1,GOLD,435
533,Spain,Male,38,1,135289.33,2,0,1,152956.33,1,GOLD,867
556,France,Female,40,8,0.0,2,1,0,62112.7,2,PLATINUM,349
744,Spain,Male,39,4,95161.75,1,1,0,19409.77,3,GOLD,920
668,Germany,Male,34,5,80242.37,2,0,0,56780.97,3,GOLD,872
601,France,Male,44,3,0.0,2,1,0,30607.11,4,SILVER,319
627,France,Male,27,1,62092.9,1,1,1,105887.04,4,DIAMOND,470
623,France,Male,27,4,120509.81,1,0,0,142170.44,2,GOLD,408
627,Germany,Female,30,4,79871.02,2,1,0,129826.89,4,DIAMOND,396
635,Spain,Male,50,7,159453.64,2,0,0,54560.79,3,SILVER,997
651,Germany,Male,34,2,90355.12,2,0,0,193597.94,3,GOLD,576
654,France,Female,35,2,90865.8,1,1,1,86764.46,5,GOLD,647
601,Germany,Male,48,9,163630.76,1,0,1,41816.49,1,DIAMOND,490
662,France,Female,37,5,0.0,2,1,0,151871.84,4,GOLD,622
692,Spain,Female,29,4,0.0,2,0,0,138880.24,2,DIAMOND,983
718,France,Male,48,9,0.0,2,1,1,72105.63,2,DIAMOND,573
520,Germany,Male,32,5,110029.77,1,1,0,56246.69,4,DIAMOND,483
626,Germany,Male,49,9,171787.84,2,1,0,187192.23,5,SILVER,398
850,France,Female,26,4,62610.96,2,0,1,179365.1,3,DIAMOND,604
571,France,Female,35,8,0.0,2,0,0,84569.13,3,SILVER,329
567,Spain,Male,34,10,0.0,2,0,1,161571.79,5,DIAMOND,391
787,France,Male,46,7,117685.31,2,1,1,93360.35,4,SILVER,890
850,Spain,Male,48,2,0.0,1,1,0,169425.3,1,GOLD,761
639,France,Male,43,6,99610.92,2,1,0,187296.78,5,DIAMOND,475
568,Spain,Female,46,3,0.0,2,1,1,29372.62,5,DIAMOND,446
670,France,Male,36,3,0.0,1,1,0,140754.19,3,PLATINUM,534
479,Germany,Female,30,7,143964.36,2,1,0,41879.99,4,SILVER,503
562,France,Male,30,3,111099.79,2,0,0,140650.19,1,GOLD,370
523,Spain,Female,24,5,172231.93,1,0,1,155144.12,5,GOLD,557
591,France,Male,42,9,161651.37,2,1,1,131753.97,2,SILVER,646
644,Spain,Male,26,8,96659.64,2,1,1,138775.69,1,GOLD,384
492,Germany,Female,52,8,125396.24,1,1,0,10014.72,2,DIAMOND,931
648,Spain,Female,27,7,0.0,2,1,1,163060.43,3,DIAMOND,983
642,France,Female,39,4,0.0,1,1,1,76821.24,4,PLATINUM,445
660,Spain,Male,42,5,0.0,2,1,0,115509.59,5,SILVER,491
850,Spain,Male,49,8,0.0,1,0,0,25867.67,2,PLATINUM,240
671,Spain,Female,31,4,0.0,2,0,1,79270.02,2,GOLD,598
721,Germany,Female,45,7,138523.2,1,0,0,59604.45,1,PLATINUM,314
781,France,Male,23,2,107433.48,1,1,0,173843.21,5,SILVER,815
444,France,Male,36,7,0.0,2,0,1,138743.86,5,GOLD,488
675,Spain,Female,35,8,155621.08,1,0,1,35177.31,1,PLATINUM,977
618,Spain,Male,41,4,115251.64,1,0,0,136435.75,5,PLATINUM,644
723,France,Male,25,3,0.0,2,1,1,134509.47,2,DIAMOND,409
545,France,Male,23,2,0.0,2,1,0,189613.12,5,SILVER,322
782,France,Male,32,9,0.0,1,1,1,87566.97,5,SILVER,255
697,France,Male,27,8,141223.68,2,1,0,90591.15,1,PLATINUM,900
580,France,Male,31,2,0.0,2,0,1,64014.24,1,PLATINUM,316
773,France,Female,41,7,190238.93,1,1,1,57549.65,2,DIAMOND,862
663,France,Female,39,8,0.0,2,1,1,101168.9,5,SILVER,445
747,Spain,Female,41,5,94521.17,2,1,0,194926.86,1,DIAMOND,806
675,France,Male,40,7,113208.86,2,1,0,34577.36,3,SILVER,587
734,France,Male,22,5,130056.23,1,0,0,121894.31,4,SILVER,830
553,Germany,Male,43,6,85200.82,2,1,1,160574.09,5,PLATINUM,550
535,Germany,Male,40,7,111756.5,1,1,0,8128.32,2,GOLD,567
715,France,Male,45,4,0.0,2,1,1,55043.93,4,PLATINUM,320
768,Germany,Female,47,5,104552.61,1,1,0,48137.08,4,PLATINUM,245
526,Spain,Female,33,8,114634.63,2,1,0,110114.38,2,SILVER,624
561,France,Male,43,4,0.0,4,0,0,18522.91,1,GOLD,320
544,France,Female,40,7,0.0,1,0,1,161076.92,5,GOLD,265
444,France,Male,43,3,0.0,2,1,1,159131.21,4,PLATINUM,979
711,France,Male,38,3,0.0,2,1,0,68487.51,4,DIAMOND,886
714,France,Male,63,4,138082.16,1,0,1,166677.54,1,GOLD,945
741,France,Female,64,2,69311.16,1,1,1,59237.72,1,GOLD,384
682,France,Female,30,9,0.0,2,1,1,195104.91,2,PLATINUM,874
831,Spain,Female,44,10,0.0,1,0,1,47729.33,2,GOLD,924
672,Spain,Female,56,2,209767.31,2,1,1,150694.42,5,PLATINUM,742
569,France,Male,35,10,124525.52,1,1,1,193793.78,5,PLATINUM,693
820,France,Female,29,3,82344.84,1,0,1,115985.38,2,GOLD,816
710,Spain,Female,51,4,93656.95,1,0,1,141400.51,5,DIAMOND,933
482,France,Female,35,2,133111.73,1,0,1,79957.95,3,PLATINUM,956
667,France,Male,36,8,139753.35,1,1,0,79871.16,1,GOLD,747
427,France,Male,37,5,0.0,2,1,1,121485.1,2,PLATINUM,869
665,France,Male,25,7,90920.75,1,0,1,112256.57,2,GOLD,611
594,France,Female,30,10,0.0,2,1,1,124071.71,2,DIAMOND,757
754,France,Female,27,7,0.0,2,1,0,144134.64,1,GOLD,382
705,France,Male,25,9,0.0,2,0,1,112331.19,1,PLATINUM,917
577,France,Female,35,4,108155.49,1,1,0,105407.79,1,PLATINUM,565
735,Spain,Male,50,9,0.0,1,0,0,166677.35,2,PLATINUM,886
554,France,Male,39,2,129709.62,1,1,0,173197.12,1,PLATINUM,313
584,Spain,Male,32,9,85534.83,1,0,0,169137.24,5,PLATINUM,226
584,Germany,Female,46,6,87361.02,2,1,0,120376.87,4,PLATINUM,400
578,France,Male,30,4,169462.09,1,1,0,112187.11,5,DIAMOND,872
501,France,Male,57,10,0.0,2,1,1,47847.19,5,PLATINUM,374
503,Spain,Female,36,9,0.0,2,1,1,16274.67,5,SILVER,916
526,Germany,Male,61,6,133845.28,2,1,1,45180.8,1,GOLD,592
744,Spain,Male,35,7,0.0,2,1,1,43036.6,5,SILVER,784
642,France,Male,25,7,0.0,2,1,0,102083.78,3,SILVER,905
644,Spain,Female,46,6,12459.19,1,0,0,156787.34,1,PLATINUM,896
649,France,Male,45,7,0.0,2,0,1,75204.21,1,DIAMOND,873
690,France,Female,36,6,110480.48,1,0,0,81292.33,4,GOLD,276
623,France,Female,24,5,0.0,2,1,0,116160.04,1,GOLD,776
796,France,Male,44,8,165326.2,1,1,1,57205.55,2,DIAMOND,582
752,Germany,Female,42,3,65046.08,2,0,1,140139.28,5,PLATINUM,535
578,France,Male,45,1,148600.91,1,1,0,143397.14,4,SILVER,478
637,France,Male,60,3,0.0,2,1,1,70174.03,3,PLATINUM,230
429,France,Male,24,4,95741.75,1,1,0,46170.75,2,GOLD,352
850,Spain,Male,38,1,146343.98,1,0,1,103902.11,4,GOLD,973
805,France,Male,46,6,118022.06,3,1,0,162643.15,4,GOLD,719
850,Germany,Male,41,1,176958.46,2,0,1,125806.3,2,GOLD,751
602,Spain,Female,42,1,138912.17,1,1,1,139494.75,1,GOLD,759
522,Germany,Male,25,1,111432.13,1,1,1,168683.57,4,GOLD,963
704,Germany,Male,41,4,109026.8,2,1,1,43117.1,2,DIAMOND,345
686,Spain,Male,22,8,0.0,2,0,0,142331.85,2,GOLD,467
775,France,Male,40,9,126212.64,1,1,0,70196.57,3,DIAMOND,262
550,France,Female,40,7,114354.95,1,1,0,54018.93,1,GOLD,951
580,Spain,Female,57,0,136820.99,1,0,1,108528.74,5,GOLD,419
677,Germany,Male,28,0,143988.0,2,1,0,8755.69,4,PLATINUM,658
546,Spain,Female,36,7,85660.96,1,0,0,134778.01,4,PLATINUM,527
624,France,Male,36,6,0.0,2,0,0,84635.64,5,DIAMOND,813
527,France,Female,32,7,0.0,2,1,1,44099.75,3,GOLD,718
499,Germany,Female,29,6,148051.52,1,1,0,118623.94,4,PLATINUM,662
664,Germany,Male,39,7,60263.23,1,1,0,170835.32,5,SILVER,466
499,France,Female,38,9,0.0,2,0,1,183042.2,2,GOLD,642
727,France,Male,18,4,133550.67,1,1,1,46941.41,4,PLATINUM,864
437,Spain,Male,28,2,109161.25,1,1,0,152987.42,1,GOLD,811
461,Germany,Female,34,5,63663.93,1,0,1,167784.28,1,SILVER,497
790,Germany,Male,42,1,85839.62,1,1,0,198182.73,5,GOLD,226
592,Spain,Male,38,8,0.0,2,1,0,180426.2,2,GOLD,588
601,France,Male,40,10,98627.13,2,0,0,77977.69,2,DIAMOND,726
661,France,Female,31,7,144162.3,2,1,1,14490.79,5,PLATINUM,410
513,France,Female,43,9,0.0,2,1,0,152499.8,1,SILVER,301
636,Spain,Male,36,1,0.0,3,1,1,74048.1,5,DIAMOND,244
644,Germany,Female,34,10,122196.99,2,1,1,182099.71,4,DIAMOND,530
741,France,Male,37,9,105261.76,2,1,1,149503.54,1,PLATINUM,523
768,France,Male,54,8,69712.74,1,1,1,69381.05,3,SILVER,569
632,Germany,Male,65,6,129472.33,1,1,1,85179.48,1,SILVER,289
632,France,Male,38,4,0.0,2,0,0,192505.62,5,DIAMOND,694
607,Spain,Male,28,1,135936.1,2,1,1,110560.14,2,SILVER,571
544,Germany,Male,39,4,142406.43,2,1,0,146637.45,1,PLATINUM,581
628,Germany,Male,39,1,115341.19,1,1,1,107674.3,4,SILVER,887
625,Germany,Male,31,4,77743.01,2,1,0,75335.68,5,GOLD,626
678,Germany,Female,44,2,98009.13,2,0,1,31384.86,3,SILVER,985
734,France,Male,45,2,0.0,2,1,0,99593.28,5,GOLD,321
603,France,Male,38,8,59360.77,1,1,1,191457.06,1,GOLD,583
480,Spain,Male,39,5,121626.9,1,1,1,82438.13,1,SILVER,462
600,Spain,Male,37,8,177657.35,1,1,1,77142.32,2,GOLD,224
738,France,Female,26,3,0.0,2,1,0,67484.16,4,SILVER,656
723,France,Female,20,4,0.0,2,1,1,140385.33,1,PLATINUM,360
773,Germany,Male,34,10,126979.75,1,0,0,36823.28,1,PLATINUM,977
564,France,Male,26,7,84006.88,2,0,0,183490.99,5,SILVER,984
687,Germany,Male,38,4,117633.28,1,0,1,88396.6,5,DIAMOND,827
518,France,Male,42,7,151027.05,2,1,0,119377.36,3,SILVER,535
597,Germany,Female,60,0,78539.84,1,0,1,48502.88,1,DIAMOND,786
672,France,Male,47,1,0.0,1,0,0,91574.92,3,SILVER,710
536,France,Female,41,9,0.0,1,1,0,121299.14,3,GOLD,685
720,Spain,Male,34,3,0.0,2,1,1,77047.78,4,DIAMOND,368
591,Spain,Male,58,5,128468.69,1,0,1,137254.55,2,GOLD,515
581,France,Male,30,1,0.0,2,1,0,199464.08,4,PLATINUM,606
612,Germany,Male,76,6,96166.88,1,1,1,191393.26,5,DIAMOND,693
603,France,Male,31,8,0.0,2,1,1,169915.02,3,GOLD,245
623,Germany,Male,33,8,96759.42,1,1,1,174777.98,2,SILVER,357
535,Germany,Male,20,9,134874.4,1,1,1,118825.56,2,GOLD,640
706,Spain,Female,46,2,127660.46,2,1,0,150156.82,2,PLATINUM,334
628,Spain,Female,39,8,107553.33,1,1,0,117523.41,4,DIAMOND,256
663,Spain,Male,30,4,0.0,3,1,0,101371.05,1,DIAMOND,604
555,France,Male,30,1,0.0,2,0,0,88146.86,1,DIAMOND,561
753,France,Male,35,4,0.0,2,1,1,106303.4,2,GOLD,759
775,France,Female,66,9,0.0,2,1,1,67622.34,3,PLATINUM,826
662,France,Male,38,0,105271.56,1,0,1,179833.45,1,GOLD,539
600,Germany,Male,53,7,106261.63,1,1,0,93629.66,4,PLATINUM,591
620,Spain,Male,38,0,0.0,2,1,1,38015.34,4,PLATINUM,630
498,France,Male,73,2,170241.7,2,1,1,165407.96,2,GOLD,539
712,Spain,Male,47,1,139887.01,1,1,1,95719.73,4,GOLD,583
640,Germany,Male,23,3,72012.76,1,1,0,161333.13,2,DIAMOND,599
709,France,Female,30,5,0.0,2,0,1,161388.22,3,PLATINUM,418
738,Germany,Male,37,7,140950.92,2,1,0,195333.98,5,SILVER,865
838,Spain,Female,67,4,103267.8,1,1,1,78310.04,5,GOLD,241
600,France,Male,32,1,0.0,1,1,1,101986.16,4,SILVER,324
790,France,Female,31,2,151290.16,1,1,1,172437.12,1,DIAMOND,790
522,France,Male,41,5,144147.68,1,1,1,14789.9,3,GOLD,225
529,France,Male,39,6,102025.08,2,1,0,12351.01,1,SILVER,540
726,Spain,Female,35,9,0.0,2,0,1,100556.98,3,PLATINUM,761
513,France,Female,37,6,0.0,2,1,0,110142.34,1,SILVER,743
526,France,Male,36,1,0.0,1,1,0,160696.72,1,PLATINUM,425
624,Spain,Female,38,8,0.0,2,1,0,95403.41,5,PLATINUM,735
738,Germany,Male,43,9,121152.05,2,1,0,64166.7,5,DIAMOND,912
729,France,Male,67,2,94203.8,1,0,1,102391.06,2,PLATINUM,948
539,France,Male,39,3,139153.68,2,1,0,147662.33,1,SILVER,520
737,France,Male,28,8,0.0,2,1,0,106390.01,2,SILVER,934
688,Spain,Female,35,6,0.0,1,1,0,25488.43,1,SILVER,901
756,Germany,Male,41,6,149049.92,1,0,1,50422.36,4,DIAMOND,783
669,Spain,Male,29,9,0.0,1,1,1,93901.61,5,DIAMOND,335
670,Germany,Female,42,5,49508.79,3,1,1,100324.01,4,PLATINUM,229
847,Germany,Female,35,5,111743.43,1,1,1,183584.14,5,GOLD,547
651,France,Male,35,7,74623.5,3,1,0,129451.29,2,SILVER,515
572,France,Male,37,1,133043.66,1,0,0,111243.09,4,GOLD,444
780,France,Female,37,3,0.0,2,0,0,182156.81,4,PLATINUM,991
787,Germany,Female,38,3,158373.23,1,1,1,28228.35,4,PLATINUM,615
575,France,Male,24,2,0.0,2,1,1,119927.81,2,PLATINUM,367
582,Spain,Male,26,4,65848.36,2,1,0,30149.21,1,SILVER,518
727,Germany,Male,58,5,106913.43,1,1,0,25881.0,2,DIAMOND,557
677,Spain,Female,34,4,0.0,2,1,1,6175.53,4,DIAMOND,839
605,France,Male,41,5,91612.91,1,1,1,28427.84,5,SILVER,529
672,France,Female,45,9,0.0,1,1,1,92027.69,1,PLATINUM,397
639,France,Female,60,5,162039.78,1,1,1,84361.72,4,SILVER,295
850,France,Male,32,4,0.0,1,1,1,180622.02,2,GOLD,818
602,France,Female,72,3,0.0,2,1,1,171260.66,3,PLATINUM,219
720,France,Female,37,2,120328.88,2,1,1,138470.21,1,DIAMOND,302
600,France,Female,32,1,78535.25,1,1,0,64349.6,4,PLATINUM,729
850,Germany,Male,32,9,141827.33,2,1,1,149458.73,2,PLATINUM,295
638,Spain,Female,34,7,0.0,2,0,0,3946.29,2,PLATINUM,504
753,Germany,Female,46,9,113909.69,3,1,0,92320.37,3,PLATINUM,314
744,France,Male,56,9,0.0,2,1,1,169498.61,4,SILVER,730
703,Spain,Male,58,4,92930.92,1,0,1,85148.78,4,DIAMOND,243
603,Germany,Male,46,4,98899.76,2,1,1,86190.34,3,DIAMOND,801
623,France,Female,24,7,148167.83,2,1,1,109470.34,3,PLATINUM,884
543,France,Female,71,1,104308.77,1,1,1,25650.04,5,DIAMOND,710
647,France,Male,28,8,0.0,2,1,1,91055.27,4,GOLD,356
697,France,Female,48,1,0.0,2,1,1,87400.53,5,DIAMOND,553
705,Germany,Female,37,3,109974.22,1,1,1,36320.87,3,SILVER,637
748,France,Male,33,1,142645.43,1,0,0,69132.66,5,GOLD,848
638,Germany,Female,26,1,105249.76,2,1,1,23491.09,4,SILVER,711
668,Germany,Female,46,7,161806.09,1,1,1,173052.19,4,GOLD,794
619,Spain,Female,45,0,0.0,2,0,0,113645.4,4,SILVER,315
583,France,Male,51,6,125268.03,2,1,0,165082.25,4,PLATINUM,837
698,Germany,Male,52,10,107304.39,3,1,0,28806.32,4,PLATINUM,352
647,Germany,Female,33,3,168560.46,2,0,0,90270.16,2,DIAMOND,226
751,Germany,Male,54,9,156367.6,2,0,1,116179.92,1,SILVER,676
825,Germany,Male,37,6,118050.79,1,0,1,52301.15,5,SILVER,822
837,France,Male,49,8,103302.37,1,1,1,50974.57,3,PLATINUM,999
542,France,Male,39,3,135096.77,1,1,1,14353.43,2,PLATINUM,328
559,France,Female,29,3,79715.36,1,1,0,82252.28,3,GOLD,956
821,France,Male,28,2,0.0,2,1,0,46072.52,2,DIAMOND,544
602,Spain,Male,30,9,113672.18,2,0,0,102135.92,4,SILVER,653
747,France,Female,45,1,114959.12,1,1,0,189362.39,1,DIAMOND,727
647,Germany,Female,51,1,119741.77,2,0,0,54954.51,3,SILVER,847
581,France,Male,35,4,0.0,2,0,1,86383.82,5,PLATINUM,453
850,Spain,Male,37,2,0.0,2,1,0,119969.99,2,DIAMOND,272
745,Germany,Male,38,5,65095.41,2,1,1,140197.42,3,PLATINUM,603
645,Spain,Female,29,4,0.0,2,1,1,74346.11,4,GOLD,268
729,Spain,Female,38,10,0.0,2,1,0,189727.12,1,PLATINUM,975
660,France,Female,43,1,0.0,1,0,1,112026.1,5,DIAMOND,720
850,France,Female,27,7,43658.33,2,1,1,3025.49,4,PLATINUM,585
671,Spain,Male,32,6,123912.78,2,1,1,146636.44,1,PLATINUM,748
850,Germany,Male,37,9,122506.38,1,0,1,199693.84,2,PLATINUM,229
720,France,Female,34,6,110717.38,1,1,1,9398.45,1,GOLD,301
679,France,Male,41,8,147726.98,3,1,0,172749.4,1,DIAMOND,575
709,France,Female,36,8,0.0,2,1,1,69676.55,3,PLATINUM,829
696,Spain,Male,47,1,106758.6,1,1,1,80591.18,1,SILVER,962
683,France,Female,30,2,0.0,2,0,1,100496.84,2,PLATINUM,526
621,France,Male,34,6,0.0,2,1,1,99128.13,3,DIAMOND,248
705,Spain,Male,36,1,111629.29,1,1,1,21807.16,5,PLATINUM,812
616,Germany,Female,42,6,117899.95,2,0,0,150266.81,3,PLATINUM,653
635,Germany,Female,36,9,81231.85,2,1,0,196731.08,3,GOLD,839
660,France,Male,19,5,127649.64,1,1,1,40368.65,1,GOLD,863
686,France,Male,34,6,146178.13,2,1,1,88837.11,2,SILVER,946
474,Germany,Female,34,9,176311.36,1,1,0,160213.27,3,SILVER,724
645,France,Female,38,7,59568.57,1,1,1,167723.25,3,GOLD,902
579,France,Female,27,9,0.0,2,1,0,126838.7,5,GOLD,903
741,France,Female,35,1,0.0,2,1,0,36557.55,1,SILVER,500
576,France,Male,39,1,0.0,2,1,1,68814.23,5,SILVER,366
759,France,Male,26,4,0.0,2,1,0,135394.62,3,DIAMOND,275
806,Germany,Male,36,8,167983.17,2,1,1,106714.28,3,PLATINUM,498
850,France,Male,40,9,0.0,2,0,1,119232.33,2,GOLD,241
678,France,Male,40,1,0.0,2,1,1,187343.4,3,PLATINUM,505
487,Spain,Male,33,8,145729.71,1,1,0,41365.85,2,DIAMOND,675
738,France,Male,33,4,92676.3,1,1,0,105817.63,1,GOLD,992
637,Germany,Male,28,3,123675.69,1,1,1,166458.41,4,DIAMOND,711
783,France,Male,40,6,0.0,2,1,0,109742.55,1,GOLD,382
542,Spain,Female,26,2,0.0,2,1,1,54869.54,2,PLATINUM,303
680,Germany,Female,51,5,143139.87,1,0,0,47795.43,1,DIAMOND,338
566,France,Female,21,3,0.0,2,1,1,3626.47,4,DIAMOND,541
449,Spain,Female,33,8,0.0,2,0,0,156792.89,1,GOLD,651
850,France,Male,39,4,127771.35,2,0,1,151738.54,4,PLATINUM,404
558,Germany,Male,58,2,142537.18,1,1,1,88791.83,3,DIAMOND,487
753,France,Male,57,7,0.0,1,1,0,159475.08,2,DIAMOND,647
642,France,Female,41,7,115171.71,1,1,1,37674.47,2,GOLD,915
782,France,Female,35,4,0.0,1,1,1,119565.34,1,PLATINUM,980
735,Spain,Male,39,1,60374.98,1,1,0,40223.74,3,GOLD,351
649,France,Female,31,2,0.0,2,1,0,15200.61,5,DIAMOND,993
710,Spain,Male,23,6,0.0,2,1,1,134188.11,4,SILVER,416
661,Spain,Female,35,5,128415.45,1,1,0,142626.49,5,SILVER,969
714,Spain,Male,29,4,0.0,2,1,1,37605.9,4,DIAMOND,354
615,Spain,Male,59,4,155766.05,1,1,1,110275.17,1,DIAMOND,306
639,France,Female,38,4,81550.94,2,0,1,118974.77,4,GOLD,860
641,France,Female,40,7,0.0,1,1,0,126996.67,4,GOLD,596
652,Germany,Male,33,7,128135.99,1,1,0,158437.73,5,DIAMOND,671
722,France,Male,46,5,0.0,2,1,0,179908.71,2,PLATINUM,310
768,France,Male,30,6,0.0,2,1,1,199454.37,2,GOLD,297
572,Spain,Female,26,5,0.0,2,1,0,119381.41,2,SILVER,502
607,France,Male,25,3,0.0,2,0,0,187048.72,3,DIAMOND,624
678,France,Male,66,8,0.0,2,1,1,47117.03,1,PLATINUM,636
667,Spain,Male,45,3,0.0,2,0,0,163655.01,1,SILVER,814
827,Spain,Male,46,1,183276.32,1,1,1,13460.27,4,DIAMOND,511
438,Germany,Male,59,7,127197.14,1,1,0,51565.98,2,PLATINUM,550
739,Germany,Male,29,3,59385.98,2,1,1,105533.96,5,PLATINUM,429
603,France,Male,40,4,102833.46,2,1,1,38829.11,3,GOLD,448
617,Spain,Male,38,7,0.0,1,1,1,27239.28,1,DIAMOND,743
770,Spain,Male,46,9,190678.02,1,1,1,14725.36,5,PLATINUM,339
405,France,Male,39,10,0.0,1,1,0,160810.85,2,DIAMOND,455
662,France,Female,22,9,0.0,2,1,1,44377.65,1,SILVER,910
682,France,Female,35,2,181166.44,1,1,1,63737.19,4,PLATINUM,944
763,France,Female,58,9,187911.55,1,0,1,35825.18,5,PLATINUM,871
772,France,Male,47,9,152347.01,1,0,1,17671.78,1,SILVER,902
550,France,Male,47,2,0.0,2,1,1,97057.28,3,GOLD,794
552,Spain,Male,45,9,0.0,2,1,0,26752.56,2,DIAMOND,723
611,Spain,Male,52,7,0.0,1,0,1,73585.18,2,PLATINUM,380
497,France,Male,34,2,0.0,2,1,1,83087.13,5,DIAMOND,502
687,Germany,Female,29,4,78939.15,1,1,0,122134.56,4,SILVER,892
492,France,Male,39,7,0.0,2,0,1,71323.23,5,PLATINUM,399
639,Spain,Male,29,4,133434.57,2,1,0,97983.44,3,PLATINUM,293
770,France,Male,36,2,89800.14,1,1,1,105922.69,1,SILVER,676
655,Germany,Female,72,5,138089.97,2,1,1,99920.41,3,GOLD,766
784,Spain,Male,23,2,0.0,1,1,1,6847.73,5,GOLD,257
738,Germany,Female,57,9,148384.64,1,0,0,155047.11,5,DIAMOND,285
615,France,Male,36,6,0.0,1,1,1,27011.8,2,GOLD,566
582,Germany,Male,33,2,122394.0,1,1,1,22113.93,3,GOLD,273
775,France,Male,31,9,0.0,2,1,0,169278.51,3,SILVER,246
647,France,Female,33,4,0.0,1,1,0,152323.04,5,GOLD,558
584,Germany,Male,47,7,130538.77,1,1,0,92915.84,3,GOLD,236
725,Germany,Female,33,7,115182.84,2,1,1,177279.41,2,PLATINUM,470
579,Germany,Female,39,5,117833.3,3,0,0,5831.0,3,GOLD,778
492,France,Male,35,8,121063.49,1,0,0,85421.48,1,PLATINUM,656
579,Spain,Female,59,3,148021.12,1,1,1,74878.22,2,SILVER,360
811,France,Female,47,3,123365.34,2,0,0,171995.34,4,GOLD,601
662,France,Female,37,6,0.0,2,1,0,51229.17,5,PLATINUM,526
499,France,Male,60,7,76961.6,2,1,1,83643.87,1,PLATINUM,514
601,France,Male,50,2,115625.07,1,1,0,185855.21,5,DIAMOND,666
709,France,Female,32,2,87814.89,1,1,0,138578.37,2,DIAMOND,643
619,France,Male,58,5,152199.33,1,1,1,86022.09,3,SILVER,520
632,Germany,Male,23,3,122478.51,1,1,0,147230.77,5,PLATINUM,390
693,Germany,Male,40,0,120711.73,1,0,0,27345.18,1,DIAMOND,709
766,France,Female,52,7,92510.9,2,0,1,66193.61,5,DIAMOND,839
499,Spain,Male,39,6,0.0,2,1,1,81409.0,3,GOLD,351
663,Spain,Male,64,6,0.0,2,0,1,15876.52,5,DIAMOND,653
459,France,Male,26,4,149879.66,1,0,0,50016.17,1,DIAMOND,872
652,France,Male,26,3,137998.2,2,0,1,168989.77,1,PLATINUM,443
588,France,Female,34,3,120777.88,1,1,1,131729.52,5,GOLD,512
686,France,Female,41,10,0.0,1,1,1,144272.71,5,GOLD,875
616,Spain,Female,36,6,132311.71,1,0,0,15462.84,2,SILVER,268
850,France,Male,29,6,0.0,2,1,1,10672.54,1,GOLD,508
850,France,Male,33,7,140956.99,1,0,0,3510.18,2,PLATINUM,483
515,Germany,Male,60,9,113715.36,1,1,0,18424.24,1,GOLD,850
698,Germany,Female,64,1,169362.43,1,1,0,84760.32,2,SILVER,841
537,France,Male,47,10,0.0,2,0,1,25482.62,1,PLATINUM,677
529,France,Male,67,8,103101.56,2,1,1,154002.02,5,PLATINUM,572
745,Spain,Female,54,8,0.0,1,1,0,173912.29,1,GOLD,447
718,France,Female,25,4,108691.95,1,1,0,63030.97,2,DIAMOND,723
413,Germany,Male,39,1,130969.77,2,1,1,158891.79,1,PLATINUM,827
640,France,Female,29,3,0.0,2,1,0,2743.69,1,SILVER,956
712,France,Male,23,2,0.0,2,0,1,66795.78,5,PLATINUM,863
435,Germany,Male,37,8,114346.3,1,0,1,980.93,1,PLATINUM,426
531,France,Male,31,3,0.0,1,1,1,42589.33,1,DIAMOND,241
464,France,Male,46,6,161798.53,1,1,0,182944.47,5,SILVER,343
576,Germany,Male,63,3,148843.56,1,1,0,69414.13,2,DIAMOND,930
688,Spain,Male,37,7,138162.41,2,1,1,113926.31,2,GOLD,612
756,Germany,Female,60,3,115924.89,1,1,0,93524.19,3,DIAMOND,523
565,France,Male,49,7,0.0,2,1,1,89609.26,4,PLATINUM,579
732,France,Male,55,9,136576.02,1,0,1,3268.17,2,PLATINUM,443
585,France,Male,54,8,87105.32,1,1,1,55346.14,2,DIAMOND,302
554,France,Female,35,8,0.0,2,1,1,176779.46,4,SILVER,398
726,Spain,Female,48,6,99906.19,1,1,0,64323.24,4,DIAMOND,901
539,Germany,Male,42,1,177728.55,1,1,0,105013.63,5,PLATINUM,912
553,Spain,Male,38,1,181110.13,2,1,0,184544.59,4,PLATINUM,300
692,Spain,Female,49,9,0.0,2,1,0,178342.63,1,PLATINUM,373
728,France,Female,69,1,0.0,2,1,1,131804.86,4,PLATINUM,341
657,France,Male,38,7,0.0,2,1,0,185827.74,1,GOLD,870
792,France,Male,31,6,71269.89,2,0,1,125912.77,2,DIAMOND,660
623,Spain,Female,50,2,87116.71,1,1,1,104382.11,5,SILVER,970
559,Spain,Female,40,5,139129.44,1,0,1,32635.54,4,DIAMOND,601
632,Spain,Male,38,1,120599.21,1,1,0,92816.86,3,DIAMOND,666
645,France,Female,38,5,101430.3,2,0,1,4400.32,1,GOLD,573
677,France,Female,36,7,0.0,1,1,0,47318.75,5,SILVER,784
485,Spain,Female,21,5,113157.22,1,1,1,54141.5,4,GOLD,764
707,Spain,Male,32,9,0.0,2,1,0,126475.79,2,PLATINUM,947
642,Spain,Female,36,6,0.0,2,1,1,97938.59,4,PLATINUM,285
516,Germany,Male,50,7,139675.07,2,1,0,45591.23,3,GOLD,794
741,France,Female,36,3,0.0,2,1,1,89804.83,1,SILVER,900
662,Germany,Male,39,5,139822.11,2,1,1,146219.9,2,PLATINUM,337
614,Spain,Female,40,3,113348.5,1,1,1,77789.01,5,PLATINUM,407
613,France,Female,45,1,187841.99,2,1,1,147224.27,1,PLATINUM,482
760,Spain,Female,41,6,0.0,2,0,0,101491.23,4,SILVER,873
686,France,Female,41,4,129553.76,2,1,0,187599.8,4,DIAMOND,223
754,Germany,Female,48,7,141819.02,1,1,0,93550.53,5,DIAMOND,671
780,France,Male,76,10,121313.88,1,0,1,64872.33,3,DIAMOND,908
550,France,Male,32,8,97514.07,1,1,1,199138.84,1,GOLD,890
582,Germany,Male,41,6,70349.48,2,0,1,178074.04,5,GOLD,419
660,France,Female,31,6,172325.67,1,0,1,45438.38,4,PLATINUM,223
656,Spain,Male,28,8,120047.77,1,1,1,137173.39,1,PLATINUM,590
634,Spain,Male,35,3,0.0,2,1,1,19515.48,2,SILVER,332
612,France,Female,33,9,0.0,1,0,0,142797.5,3,SILVER,758
635,France,Male,34,3,134692.4,2,1,1,83773.02,4,PLATINUM,246
829,France,Female,22,7,150126.44,1,1,0,152107.93,5,SILVER,502
736,Spain,Male,32,7,0.0,1,0,1,79082.62,2,DIAMOND,925
550,France,Male,25,0,0.0,2,1,1,184221.11,5,PLATINUM,499
570,France,Female,18,4,82767.42,1,1,0,71811.9,5,SILVER,507
529,Spain,Female,35,5,0.0,2,1,0,56518.0,4,DIAMOND,284
683,Spain,Male,41,0,148863.17,1,1,1,163911.32,2,GOLD,295
567,France,Female,37,7,0.0,2,1,1,28690.9,4,PLATINUM,601
521,Germany,Female,29,2,87212.8,1,1,1,994.86,1,PLATINUM,836
657,Spain,Female,27,8,0.0,2,0,0,6468.24,2,GOLD,354
627,France,Male,70,1,94416.78,1,0,1,145299.5,2,DIAMOND,784
658,France,Female,44,6,148481.09,1,1,0,130529.13,4,SILVER,940
644,France,Female,39,9,0.0,1,1,0,3740.93,5,DIAMOND,631
434,Germany,Female,58,9,125801.03,2,1,0,60891.8,2,PLATINUM,690
680,France,Male,33,2,108393.35,1,0,1,39057.67,3,GOLD,425
510,France,Male,63,8,0.0,2,1,1,115291.86,2,SILVER,960
528,France,Female,32,4,85615.66,2,1,0,156192.43,2,SILVER,518
652,France,Female,32,2,0.0,2,1,0,54628.11,3,GOLD,843
715,France,Female,33,3,85227.84,1,1,1,68087.15,4,GOLD,648
512,France,Male,36,0,129804.17,1,1,0,53020.9,2,PLATINUM,349
492,Germany,Male,39,10,124576.65,2,1,0,148584.61,5,GOLD,560
640,Germany,Female,30,5,32197.64,1,0,1,141446.01,4,GOLD,460
766,Germany,Male,43,6,112088.04,2,1,1,36706.56,5,DIAMOND,306
838,Spain,Male,35,0,0.0,2,0,1,197305.91,1,SILVER,502
612,Spain,Male,35,1,0.0,1,1,1,83256.26,1,SILVER,298
716,France,Male,35,4,144428.87,1,1,0,134132.65,2,PLATINUM,495
668,France,Male,42,8,187534.79,1,1,1,32900.41,2,PLATINUM,835
675,Spain,Female,50,1,133204.91,1,0,1,8270.06,1,PLATINUM,467
715,France,Female,31,2,112212.14,2,1,1,181600.72,5,PLATINUM,641
666,France,Female,33,2,147229.65,1,1,1,56410.17,3,SILVER,509
739,France,Male,29,1,0.0,2,1,1,164484.78,5,DIAMOND,852
680,Germany,Female,31,3,127331.46,3,1,1,176433.6,4,SILVER,807
596,Germany,Male,32,3,96709.07,2,0,0,41788.37,1,GOLD,709
732,Germany,Female,42,2,118889.66,2,0,0,87422.15,3,GOLD,226
718,Germany,Male,28,4,65643.3,1,1,0,28760.99,5,GOLD,887
425,France,Male,39,4,0.0,2,1,0,197226.32,2,SILVER,261
524,France,Male,28,1,93577.3,1,1,1,51670.82,5,PLATINUM,744
756,France,Male,34,1,103133.26,1,1,1,90059.04,4,SILVER,527
670,Spain,Female,20,4,0.0,2,1,0,119759.24,2,PLATINUM,920
520,France,Female,39,6,145644.05,1,0,0,104118.93,3,PLATINUM,467
778,Germany,Female,33,4,111063.73,2,1,0,83556.65,5,GOLD,544
520,France,Male,38,5,0.0,2,1,0,163185.76,3,SILVER,651
618,Spain,Male,32,5,133476.09,1,0,1,154843.4,2,SILVER,734
774,France,Female,36,9,114997.42,1,1,0,75304.09,2,DIAMOND,244
748,Spain,Male,36,4,141573.55,1,1,0,82158.14,3,SILVER,499
399,Germany,Male,46,2,127655.22,1,1,0,139994.68,5,PLATINUM,475
606,Germany,Female,41,4,132670.53,1,1,0,156476.36,1,DIAMOND,785
656,Germany,Male,27,4,118627.16,2,1,1,160835.3,4,SILVER,563
569,Spain,Male,34,0,151839.26,1,1,0,102299.81,1,SILVER,268
724,Germany,Male,33,5,103564.83,2,1,0,121085.72,1,GOLD,352
703,Germany,Male,42,9,63227.0,1,0,1,137316.32,3,SILVER,301
726,Spain,Female,27,7,123826.07,1,0,1,78970.58,2,GOLD,535
692,France,Male,69,10,154953.94,1,1,1,70849.47,3,SILVER,648
790,France,Female,40,9,0.0,2,1,1,70607.1,4,SILVER,581
493,France,Male,54,3,167831.88,2,1,0,150159.95,5,PLATINUM,591
614,France,Female,37,8,75150.34,4,0,1,131766.67,1,GOLD,516
555,France,Male,31,8,145875.74,1,1,0,137491.23,3,GOLD,239
850,France,Male,31,6,131996.66,2,1,1,178747.43,4,SILVER,655
707,France,Female,42,10,0.0,2,1,1,152944.39,4,SILVER,845
701,France,Female,39,9,0.0,2,0,1,145894.9,2,GOLD,513
574,Spain,Female,28,7,0.0,2,0,0,185660.3,1,PLATINUM,626
687,France,Female,47,7,0.0,2,1,1,177624.01,1,DIAMOND,517
658,France,Male,32,8,0.0,1,1,1,80410.68,1,GOLD,867
595,Spain,Female,43,5,0.0,2,0,0,105149.8,1,SILVER,430
824,Spain,Female,38,3,0.0,2,1,0,192800.25,5,PLATINUM,340
586,Spain,Male,34,5,168094.01,1,0,0,20058.61,3,GOLD,287
781,France,Male,32,6,147107.91,1,1,1,40066.95,1,PLATINUM,740
500,Spain,Male,37,9,125822.21,1,1,0,111698.0,5,PLATINUM,266
720,Spain,Female,59,6,0.0,2,1,1,160849.43,3,DIAMOND,521
749,France,Male,41,5,57568.94,1,1,1,61128.29,3,PLATINUM,923
455,Spain,Female,43,6,0.0,1,1,1,81250.79,5,PLATINUM,885
559,Spain,Female,39,2,0.0,2,1,1,121151.1,1,PLATINUM,453
648,France,Female,44,2,0.0,2,1,1,58652.23,5,DIAMOND,708
731,Spain,Female,39,2,0.0,2,1,0,136737.13,2,SILVER,665
712,France,Female,30,1,89571.59,1,1,1,177613.19,3,PLATINUM,567
850,Spain,Male,39,0,141829.67,1,1,1,92748.16,3,DIAMOND,520
694,Germany,Male,31,6,109052.59,2,1,1,19448.93,4,DIAMOND,991
451,Spain,Female,23,9,0.0,2,0,1,48021.71,1,DIAMOND,576
667,Spain,Female,36,3,121542.57,2,1,1,186841.71,5,PLATINUM,252
635,France,Female,40,10,123497.58,1,1,0,131953.23,5,GOLD,774
681,France,Male,47,9,97023.21,1,1,1,2168.13,5,SILVER,499
453,France,Female,37,4,131834.76,2,1,0,8949.2,5,DIAMOND,549
646,France,Male,18,10,0.0,2,0,1,52795.15,5,GOLD,938
718,Germany,Female,39,7,93148.74,2,1,1,190746.38,2,DIAMOND,721
850,France,Male,46,9,117640.39,1,1,0,88920.68,2,PLATINUM,935
423,France,Female,36,5,97665.61,1,1,0,118372.55,2,SILVER,936
525,France,Male,36,2,114628.4,1,0,1,168290.06,1,SILVER,969
723,Spain,Female,45,4,0.0,2,1,0,37214.39,5,PLATINUM,799
794,Germany,Female,55,6,115796.7,1,1,0,160526.36,1,GOLD,442
510,France,Female,30,0,0.0,2,1,1,130553.47,2,DIAMOND,430
716,France,Female,40,3,0.0,2,0,1,167636.15,2,DIAMOND,910
577,Germany,Female,44,1,152086.15,1,0,1,44719.5,4,PLATINUM,951
631,France,Male,32,10,0.0,2,0,1,196342.66,3,SILVER,556
574,France,Male,41,1,0.0,2,0,0,70550.0,3,SILVER,382
776,France,Male,39,8,125211.55,2,1,0,144496.07,3,SILVER,476
751,France,Female,37,9,183613.66,2,0,0,49734.94,3,SILVER,563
644,France,Male,33,9,141234.98,1,1,0,95673.05,4,GOLD,796
718,Germany,Female,33,4,70541.06,1,0,0,88592.8,2,DIAMOND,811
583,France,Male,40,9,112701.04,1,0,0,29213.63,3,DIAMOND,301
635,France,Male,29,1,0.0,1,0,1,24865.54,1,GOLD,798
471,Germany,Female,36,5,90063.74,2,1,1,96366.7,1,SILVER,368
640,Spain,Male,47,6,89047.14,1,1,0,116286.25,5,DIAMOND,441
695,Spain,Male,39,4,65521.2,1,1,1,1243.97,5,PLATINUM,494
570,Germany,Male,42,0,107856.57,2,1,0,127528.84,3,PLATINUM,628
608,Germany,Female,40,8,121729.42,1,0,0,61164.45,4,DIAMOND,802
543,France,Male,43,9,0.0,2,1,1,78858.07,5,SILVER,380
667,Spain,Female,40,1,146502.07,1,1,0,19162.89,3,DIAMOND,230
591,Germany,Female,34,4,150635.3,1,1,1,72274.84,5,PLATINUM,940
586,France,Male,64,1,0.0,2,1,1,53710.23,1,DIAMOND,794
363,Spain,Female,28,6,146098.43,3,1,0,100615.14,2,SILVER,324
652,Germany,Male,36,9,150956.71,1,0,0,72350.17,2,GOLD,507
823,Spain,Female,46,3,81576.75,1,1,1,28370.95,1,SILVER,621
650,Spain,Male,61,1,152968.73,1,0,1,82970.69,5,DIAMOND,683
583,Spain,Male,47,5,102562.23,1,1,0,92708.1,3,SILVER,948
634,Germany,Female,56,3,116251.24,1,0,1,42429.88,4,GOLD,964
661,France,Male,39,5,0.0,2,0,0,181461.46,5,GOLD,514
681,France,Female,18,1,98894.39,1,1,1,9596.4,1,GOLD,553
534,France,Male,52,1,0.0,3,1,1,104035.41,5,SILVER,278
535,Spain,Female,49,7,115309.75,1,1,0,111421.77,5,GOLD,885
613,France,Male,40,7,124339.9,1,0,0,193309.58,3,DIAMOND,611
705,France,Male,32,7,0.0,2,1,0,7921.57,3,DIAMOND,425
676,France,Female,34,8,100359.54,1,0,0,46038.28,1,GOLD,444
846,France,Female,38,5,0.0,1,1,1,187616.16,3,PLATINUM,225
751,France,Female,48,4,0.0,1,0,1,30165.06,3,DIAMOND,591
635,Germany,Female,28,3,81623.67,2,1,1,156791.36,1,DIAMOND,659
772,Spain,Male,30,4,78653.05,1,1,0,1790.48,2,DIAMOND,949
665,France,Male,35,8,110934.54,1,1,0,169287.99,1,PLATINUM,487
604,France,Female,71,2,0.0,2,1,1,49506.82,2,DIAMOND,687
710,France,Female,32,3,0.0,1,1,0,94790.34,1,SILVER,373
569,Spain,Male,31,1,115406.97,1,0,0,145528.22,2,GOLD,992
750,Germany,Male,40,5,168286.81,3,1,0,20451.99,4,GOLD,523
588,France,Male,30,3,115007.08,1,0,0,176858.5,1,PLATINUM,572
714,Spain,Male,33,8,122017.19,1,0,0,162515.17,5,DIAMOND,504
692,France,Female,36,3,79551.12,1,0,1,178267.07,2,SILVER,591
638,Spain,Male,35,1,0.0,2,1,0,165370.66,2,SILVER,456
631,Spain,Male,55,9,99685.06,1,1,0,114474.98,1,DIAMOND,932
693,France,Female,43,4,152341.55,1,1,0,9241.78,5,SILVER,299
551,Germany,Male,54,5,102994.04,1,1,0,176680.16,2,DIAMOND,289
528,Spain,Male,40,4,0.0,2,1,0,25399.7,3,GOLD,345
654,France,Male,55,3,87485.67,1,1,1,3299.01,3,DIAMOND,668
528,France,Female,36,1,156948.41,1,1,1,149912.28,2,GOLD,711
683,France,Male,30,4,114779.35,1,0,0,183171.47,1,SILVER,403
674,France,Female,28,3,0.0,1,1,0,51536.99,5,PLATINUM,409
850,France,Female,35,6,81684.97,1,1,0,824.0,5,SILVER,576
780,Germany,Male,51,4,126725.25,1,1,0,195259.31,3,DIAMOND,744
745,France,Male,47,5,0.0,2,0,0,145789.71,1,PLATINUM,637
650,Germany,Female,35,3,165982.43,2,1,1,24482.16,2,PLATINUM,306
516,France,Female,42,8,56228.25,1,1,0,46857.52,1,DIAMOND,608
724,France,Male,30,10,0.0,2,1,1,54265.55,1,DIAMOND,315
779,Spain,Female,34,5,0.0,2,0,1,111676.63,1,SILVER,945
523,France,Male,22,8,123374.46,1,1,1,124906.59,4,PLATINUM,862
464,Germany,Female,42,3,85679.25,1,1,1,164104.74,3,SILVER,665
728,Germany,Male,45,3,108924.33,2,1,0,84300.4,4,PLATINUM,947
743,France,Male,36,4,0.0,2,1,1,190911.02,3,GOLD,739
643,Spain,Female,20,0,133313.34,1,1,1,3965.69,2,DIAMOND,948
850,France,Male,35,3,162442.35,1,1,0,183566.78,3,GOLD,801
620,Germany,Male,35,0,76989.97,1,1,1,17242.79,4,PLATINUM,739
825,Spain,Female,32,1,0.0,2,1,1,42935.15,1,PLATINUM,359
749,France,Female,33,1,74385.98,1,1,0,20164.47,2,DIAMOND,675
686,Spain,Male,39,10,136258.06,1,0,0,89199.51,2,PLATINUM,232
672,Germany,Female,21,3,165878.76,2,1,1,164537.17,2,DIAMOND,412
558,Germany,Female,32,1,108262.87,1,1,1,6935.31,3,PLATINUM,259
784,Germany,Male,38,1,138515.02,1,1,1,171768.76,2,PLATINUM,942
736,France,Female,29,9,0.0,2,0,0,176152.7,2,PLATINUM,790
650,Spain,Male,41,9,0.0,2,0,1,191599.67,4,PLATINUM,693
553,France,Male,37,1,0.0,1,1,0,30461.55,5,DIAMOND,623
748,Spain,Male,39,3,0.0,2,1,1,123998.52,2,PLATINUM,511
605,France,Male,33,9,128152.82,1,0,0,147822.81,1,DIAMOND,432
718,Spain,Male,34,5,113922.44,2,1,0,30772.22,2,DIAMOND,503
733,France,Male,36,5,0.0,2,1,1,109127.54,5,SILVER,513
461,Germany,Female,74,1,186445.31,2,1,1,196767.83,3,GOLD,885
591,France,Female,42,10,0.0,2,0,0,171099.22,5,GOLD,260
693,France,Female,28,8,0.0,2,1,1,158545.25,1,PLATINUM,846
832,France,Female,29,5,0.0,2,1,0,178779.52,5,PLATINUM,922
532,Spain,Female,37,5,0.0,2,0,1,6761.84,5,DIAMOND,527
628,Germany,Male,33,8,152143.89,1,1,1,32174.03,5,SILVER,694
675,France,Female,32,2,155663.31,1,1,0,97658.66,2,SILVER,655
525,France,Male,33,1,112833.35,1,0,1,175178.56,3,PLATINUM,590
756,France,Male,31,10,122647.32,1,0,0,61666.87,1,GOLD,280
707,France,Female,33,2,58036.33,1,1,1,83335.78,1,GOLD,911
551,France,Male,31,1,0.0,2,1,1,185105.44,4,SILVER,275
604,Spain,Male,41,3,0.0,1,0,0,11819.84,4,PLATINUM,536
678,Spain,Female,40,3,128398.38,1,1,0,168658.3,3,DIAMOND,893
665,France,Female,38,5,0.0,2,1,0,156439.56,4,PLATINUM,837
680,Spain,Female,58,8,0.0,2,1,1,65708.5,5,GOLD,743
701,Germany,Male,36,7,95448.32,2,1,0,189085.07,1,PLATINUM,692
741,Spain,Male,35,6,74371.49,1,0,0,99595.67,2,SILVER,295
704,Germany,Female,39,1,124640.51,1,1,0,116511.12,5,DIAMOND,565
685,Spain,Male,39,9,0.0,2,1,1,18826.06,3,GOLD,632
573,Spain,Male,38,4,0.0,2,1,1,196517.43,5,PLATINUM,533
775,France,Male,28,9,111167.7,1,1,0,149331.01,5,SILVER,684
633,Spain,Male,27,3,0.0,2,1,0,44008.91,1,SILVER,612
646,Germany,Female,44,2,113063.83,1,0,0,53072.49,3,SILVER,661
691,France,Male,37,9,149405.18,1,1,1,146411.6,5,DIAMOND,562
489,France,Male,38,8,0.0,2,0,1,196990.79,1,DIAMOND,821
539,Spain,Male,36,6,0.0,3,1,1,118959.64,3,PLATINUM,841
646,France,Female,46,4,0.0,3,1,0,93251.42,3,PLATINUM,470
609,France,Male,77,1,0.0,1,0,1,18708.76,4,PLATINUM,590
671,France,Female,31,6,0.0,2,1,1,15846.42,1,GOLD,508
487,Spain,Female,31,1,0.0,2,1,0,158750.13,3,SILVER,546
633,France,Female,29,7,169988.35,1,1,0,4272.0,3,DIAMOND,613
607,Germany,Male,32,9,144272.07,2,1,0,176580.63,3,GOLD,797
710,Spain,Female,30,10,0.0,2,1,0,19500.1,5,PLATINUM,420
579,France,Female,26,10,162482.76,1,1,1,18458.2,3,DIAMOND,895
593,France,Female,33,0,95927.04,1,1,0,199478.05,2,DIAMOND,270
787,France,Male,33,1,126588.81,2,0,1,62163.53,1,GOLD,251
571,Germany,Male,25,6,82506.72,2,1,0,167705.07,3,DIAMOND,624
712,France,Male,33,2,182888.08,1,1,0,3061.0,1,SILVER,278
798,France,Male,28,3,0.0,2,1,0,2305.27,2,GOLD,632
544,Germany,Male,37,2,79731.91,1,1,1,57558.95,4,DIAMOND,866
706,France,Male,30,3,98415.37,1,1,1,110520.48,3,PLATINUM,635
636,France,Male,35,9,95478.17,1,0,0,169286.74,2,PLATINUM,413
743,France,Male,39,6,0.0,2,1,0,44265.28,5,SILVER,240
539,France,Female,29,4,0.0,2,1,1,100919.19,5,SILVER,281
584,Spain,Female,37,8,0.0,2,0,1,100835.19,2,SILVER,937
543,France,Male,64,4,0.0,2,1,1,148305.82,5,GOLD,701
683,Germany,Female,35,5,95698.79,1,0,1,182566.76,1,PLATINUM,986
744,Spain,Female,30,1,124037.28,1,1,1,142210.94,5,DIAMOND,334
757,Germany,Female,34,9,101861.36,2,0,0,187011.96,5,PLATINUM,903
675,France,Female,39,6,0.0,2,0,0,83419.15,4,DIAMOND,367
500,Germany,Male,44,9,160838.13,2,1,0,196261.64,2,SILVER,978
573,France,Female,23,2,0.0,1,1,0,122964.18,4,PLATINUM,554
751,Germany,Female,37,0,151218.98,1,1,1,109309.29,4,GOLD,794
679,Spain,Female,26,3,76554.06,1,1,1,184800.27,5,GOLD,795
625,Spain,Female,31,8,0.0,2,1,0,151843.54,2,SILVER,617
697,Spain,Male,43,10,128226.37,1,0,0,188486.94,3,DIAMOND,761
638,France,Female,43,3,145860.98,1,1,1,142763.51,3,GOLD,578
666,Germany,Male,31,3,123212.08,2,1,1,112157.31,1,PLATINUM,981
640,France,Male,55,10,132436.34,1,1,0,978.66,3,PLATINUM,890
602,Germany,Male,38,2,71667.97,2,0,0,137111.89,3,DIAMOND,280
767,Germany,Male,23,2,139542.82,1,0,1,28038.28,3,DIAMOND,347
733,Germany,Male,31,6,157791.07,2,0,0,177994.81,5,SILVER,845
696,Germany,Female,27,2,96129.32,2,1,1,5983.7,1,PLATINUM,459
717,Spain,Male,35,1,0.0,3,0,0,174770.14,3,GOLD,810
629,France,Male,59,9,113657.83,1,1,1,116848.79,2,SILVER,968
606,Spain,Male,42,10,0.0,2,1,0,177938.52,2,PLATINUM,230
748,France,Female,20,7,0.0,2,0,0,10792.42,4,GOLD,725
649,Spain,Male,36,8,0.0,2,1,0,161668.15,3,GOLD,354
780,Germany,Female,37,10,95196.26,1,1,0,126310.39,3,PLATINUM,834
492,France,Male,35,4,141359.37,2,1,0,39519.53,3,PLATINUM,807
850,Spain,Female,24,1,0.0,2,0,1,69052.87,3,SILVER,888
691,France,Male,34,8,133936.04,2,1,0,91359.79,1,SILVER,861
619,France,Female,30,7,70729.17,1,1,1,160948.87,1,DIAMOND,962
648,France,Male,26,9,162923.85,1,1,0,98368.24,5,GOLD,922
787,Germany,Female,42,2,74483.97,2,0,1,44273.91,3,GOLD,569
627,France,Male,32,10,0.0,2,1,0,103287.62,4,DIAMOND,534
659,Germany,Female,30,8,154159.51,1,1,0,40441.1,4,DIAMOND,426
681,France,Female,63,7,0.0,2,1,1,55054.48,1,PLATINUM,665
613,France,Male,40,4,0.0,1,0,0,151325.24,5,PLATINUM,828
789,Spain,Female,40,4,0.0,2,1,0,137402.27,2,SILVER,787
770,France,Female,70,9,110738.89,1,1,0,22666.77,3,PLATINUM,467
661,Germany,Female,35,5,150725.53,2,0,1,113656.85,1,GOLD,770
533,Spain,Female,52,7,0.0,1,0,1,194113.99,5,DIAMOND,590
642,France,Male,32,3,0.0,2,1,1,88698.83,1,SILVER,350
605,France,Female,62,4,111065.93,2,0,1,125660.99,1,PLATINUM,868
699,Germany,Female,51,2,92246.14,2,0,1,91346.03,5,PLATINUM,268
850,France,Female,37,3,212778.2,1,0,1,69372.88,2,SILVER,661
850,France,Female,35,1,211774.31,1,1,0,188574.12,2,PLATINUM,757
532,Germany,Male,52,9,137755.76,1,1,0,163191.99,2,GOLD,401
652,Spain,Male,37,7,0.0,2,1,0,68789.93,4,GOLD,932
625,France,Male,36,9,108546.16,3,1,0,133807.77,5,GOLD,330
630,Germany,Female,25,7,79656.81,1,1,0,93524.22,4,PLATINUM,784
765,Germany,Female,34,8,136729.51,2,0,0,47058.21,2,DIAMOND,762
707,France,Male,47,3,0.0,2,1,0,174303.29,5,GOLD,791
573,France,Male,52,8,0.0,2,0,1,178229.04,2,SILVER,481
650,Germany,Female,48,7,138232.24,1,1,0,57594.78,4,DIAMOND,783
767,Spain,Male,37,7,0.0,2,1,1,24734.25,4,GOLD,234
600,Germany,Female,39,7,88477.36,2,1,0,58632.37,5,GOLD,877
623,France,Male,43,1,0.0,2,1,1,146379.3,2,SILVER,508
592,France,Male,29,7,0.0,2,1,1,91196.67,5,GOLD,624
549,France,Male,37,2,112541.54,2,0,0,47432.43,4,SILVER,233
664,Spain,Male,44,7,77526.66,3,0,0,57338.56,5,DIAMOND,339
604,Spain,Female,35,7,147285.52,1,1,1,57807.05,5,PLATINUM,1000
531,France,Male,44,3,0.0,2,1,1,34416.79,5,PLATINUM,924
505,Germany,Female,37,6,159863.9,2,0,1,125307.87,1,GOLD,421
510,France,Male,44,6,0.0,2,1,1,175518.31,3,SILVER,736
520,Germany,Male,43,3,150805.17,3,0,1,25333.03,2,GOLD,857
647,Spain,Female,26,8,109958.15,1,1,1,136592.24,2,GOLD,271
713,Spain,Female,26,4,122857.46,2,1,0,144682.17,1,PLATINUM,709
464,Germany,Male,33,8,164284.72,2,1,1,3710.34,4,GOLD,406
745,France,Female,55,9,110123.59,1,0,1,51548.14,5,GOLD,765
774,France,Female,26,5,0.0,2,1,1,64716.08,2,GOLD,862
782,France,Male,36,5,81210.72,2,0,1,108003.38,2,SILVER,942
766,Germany,Male,30,4,127786.28,2,1,1,28879.3,1,SILVER,491
537,Spain,Female,38,1,0.0,2,0,1,41233.97,5,PLATINUM,818
573,France,Female,36,1,0.0,1,1,1,56905.38,1,SILVER,417
571,France,Male,49,4,180614.04,1,0,0,523.0,3,DIAMOND,651
501,Germany,Male,40,5,114655.58,1,0,0,126535.92,4,GOLD,844
809,Spain,Female,48,2,0.0,1,1,0,160976.85,1,GOLD,994
520,Germany,Male,34,8,120018.86,2,1,1,343.38,5,SILVER,249
850,France,Male,56,7,131317.48,1,1,1,119175.45,3,SILVER,657
786,France,Male,35,3,0.0,2,1,0,92712.97,3,PLATINUM,529
659,Germany,Male,34,9,134464.58,2,1,0,178833.34,3,SILVER,413
685,Germany,Male,57,7,101868.51,1,0,1,113483.96,4,DIAMOND,911
477,Spain,Female,48,2,129120.64,1,0,1,26475.79,3,GOLD,238
731,Spain,Male,25,8,96950.21,1,1,0,97877.92,5,PLATINUM,448
687,France,Female,35,1,110752.15,2,1,1,47921.22,5,GOLD,529
796,Spain,Male,32,5,102773.15,2,0,1,117832.88,2,GOLD,630
817,Germany,Male,58,3,114327.59,2,1,1,42831.11,3,DIAMOND,262
637,France,Female,44,2,0.0,2,1,0,149665.65,2,GOLD,348
690,Spain,Male,32,2,76087.98,1,0,1,151822.66,1,PLATINUM,308
581,France,Male,41,8,0.0,2,0,0,29737.14,3,GOLD,927
757,Spain,Female,44,9,0.0,2,1,0,177528.92,3,GOLD,579
675,France,Male,39,7,0.0,2,0,1,36267.21,5,GOLD,316
623,Spain,Male,41,2,142412.13,1,1,0,28778.98,4,DIAMOND,729
654,Germany,Female,32,1,114510.85,1,1,1,126143.23,4,GOLD,224
729,France,Male,30,9,0.0,2,1,0,151869.35,1,DIAMOND,807
589,Spain,Female,27,4,0.0,2,1,0,144181.48,2,GOLD,908
655,France,Female,36,2,147149.59,1,1,1,87816.86,5,GOLD,680
619,Germany,Male,41,3,147974.16,2,1,0,170518.83,3,PLATINUM,699
771,France,Female,66,7,143773.07,1,1,1,130827.88,2,DIAMOND,625
481,Spain,Female,37,8,0.0,2,1,0,44215.86,5,DIAMOND,266
577,Spain,Male,43,8,79757.21,1,1,0,135650.72,3,SILVER,270
553,France,Male,41,1,0.0,2,1,0,90607.31,2,PLATINUM,534
637,Germany,Male,51,1,104682.83,1,1,0,55266.96,3,GOLD,302
590,Spain,Female,44,3,139432.37,1,1,0,62222.81,4,PLATINUM,816
648,France,Female,37,7,0.0,2,1,0,194238.92,4,PLATINUM,472
605,France,Female,28,6,0.0,2,0,0,159508.52,1,DIAMOND,468
673,France,Male,41,5,0.0,1,1,1,65657.29,5,PLATINUM,458
498,France,Male,34,2,0.0,2,1,1,148528.24,1,DIAMOND,549
554,France,Male,24,10,0.0,1,0,0,92180.62,5,SILVER,398
617,France,Female,26,2,165947.99,2,0,1,168834.38,5,GOLD,319
562,Germany,Male,35,3,142296.13,1,0,1,177112.7,3,DIAMOND,836
641,France,Female,37,2,0.0,2,1,0,3939.87,2,SILVER,512
660,France,Male,63,8,137841.53,1,1,1,42790.29,2,GOLD,985
542,France,Female,42,1,0.0,1,1,1,178256.58,2,GOLD,600
509,France,Male,18,7,102983.91,1,1,0,171770.58,5,DIAMOND,434
496,Spain,Female,43,3,0.0,2,0,1,199505.53,1,SILVER,494
615,Spain,Male,61,9,0.0,2,1,0,150227.85,4,DIAMOND,683
599,Spain,Male,42,6,0.0,2,1,0,113868.4,4,SILVER,837
695,Spain,Female,39,5,0.0,2,0,0,102763.69,3,DIAMOND,320
545,France,Female,32,6,0.0,2,1,1,52067.37,5,SILVER,277
678,France,Female,60,10,117738.81,1,1,0,147489.76,4,DIAMOND,599
478,France,Female,32,6,71187.24,1,1,1,110593.62,3,GOLD,248
746,France,Male,35,2,172274.01,1,1,0,22374.97,3,PLATINUM,950
633,Germany,Female,29,8,104944.1,1,1,1,97684.46,4,DIAMOND,769
646,Germany,Male,46,1,170826.55,2,1,0,45041.32,2,PLATINUM,689
804,Spain,Male,33,7,76548.6,1,0,1,98453.45,2,GOLD,994
661,Spain,Female,42,3,0.0,2,1,0,35989.41,3,PLATINUM,465
477,Germany,Female,24,2,95675.62,2,0,0,162699.7,3,PLATINUM,355
754,Spain,Female,27,8,0.0,2,0,0,121821.16,3,DIAMOND,307
718,Spain,Male,45,3,105266.32,2,1,1,193724.51,5,SILVER,372
686,Germany,Male,39,3,129626.19,2,1,1,103220.56,5,PLATINUM,813
667,Germany,Female,39,4,83765.35,2,1,0,118358.54,3,PLATINUM,609
752,France,Female,41,8,0.0,2,1,0,139844.04,1,SILVER,300
506,Germany,Female,59,3,190353.08,1,1,0,78365.75,4,PLATINUM,797
714,France,Male,37,9,148466.93,2,0,1,151280.96,3,SILVER,936
796,Spain,Male,41,8,107525.07,1,1,0,18510.41,2,SILVER,606
681,Spain,Male,30,2,111093.01,1,1,0,68985.99,5,PLATINUM,691
680,France,Male,34,9,0.0,2,1,1,95686.6,4,PLATINUM,221
553,Spain,Male,42,7,0.0,2,1,0,7680.23,3,SILVER,869
653,Spain,Female,38,9,149571.94,1,1,0,118383.18,1,SILVER,896
648,Germany,Female,32,8,157138.99,3,1,0,190994.48,5,PLATINUM,984
751,France,Female,48,9,0.0,1,1,0,137508.42,3,SILVER,702
850,France,Male,61,1,0.0,1,1,0,53067.83,2,GOLD,372
702,France,Male,26,2,71281.29,1,1,1,108747.12,5,PLATINUM,296
676,France,Female,34,1,63095.01,1,1,1,40645.81,3,SILVER,974
617,Germany,Female,37,4,116471.43,2,1,0,175324.74,3,SILVER,984
633,France,Male,25,1,0.0,1,1,0,100598.98,4,SILVER,230
849,France,Male,27,0,0.0,2,0,1,157891.86,1,SILVER,626
492,Germany,Female,30,10,77168.87,2,0,1,146700.22,5,GOLD,552
662,France,Female,36,4,166909.2,2,1,0,138871.12,5,GOLD,970
656,Spain,Female,40,10,167878.5,1,0,1,151887.16,5,PLATINUM,806
649,Spain,Female,36,6,86607.39,1,0,0,19825.09,3,PLATINUM,998
713,France,Female,42,3,0.0,2,0,0,82565.01,2,SILVER,521
761,France,Female,26,1,0.0,2,1,1,199409.19,5,PLATINUM,497
699,Spain,Male,40,2,0.0,1,1,0,78387.32,2,DIAMOND,231
699,France,Male,64,9,113109.52,1,1,0,27980.8,2,SILVER,787
641,Germany,Male,42,3,121765.37,2,1,1,166516.84,5,SILVER,433
625,France,Male,34,6,0.0,2,0,0,197283.2,5,PLATINUM,503
777,France,Female,42,5,147531.82,1,1,1,38819.45,3,DIAMOND,498
714,Germany,Male,21,6,86402.52,2,0,0,27330.59,4,GOLD,910
597,France,Female,41,4,145809.53,2,1,1,52319.26,5,SILVER,447
686,Spain,Male,38,7,111484.88,1,1,1,76076.2,4,DIAMOND,784
753,France,Female,43,5,0.0,2,1,0,109881.71,5,SILVER,834
721,France,Male,41,7,0.0,2,0,1,61018.85,1,SILVER,453
821,Germany,Female,31,2,68927.57,1,1,1,25445.0,4,GOLD,369
771,France,Female,57,4,0.0,1,0,0,85876.67,4,SILVER,652
520,Spain,Female,42,6,0.0,2,1,1,34410.55,2,SILVER,922
452,France,Male,35,4,148172.44,1,1,1,4175.68,3,GOLD,939
682,France,Female,33,8,74963.5,1,1,1,32770.56,4,DIAMOND,359
697,France,Female,25,4,165686.11,2,1,0,15467.98,5,DIAMOND,694
660,Spain,Male,38,6,109869.32,1,1,1,154641.91,3,PLATINUM,688
587,France,Male,47,6,71026.77,1,1,0,57962.41,1,PLATINUM,678
521,France,Male,38,5,110641.18,1,0,1,136507.69,4,SILVER,815
753,France,Male,33,5,122568.05,2,1,1,82820.85,4,GOLD,491
725,Germany,Female,39,5,116803.8,1,1,0,124052.97,2,GOLD,763
760,France,Male,39,6,178585.46,1,1,0,67131.3,3,DIAMOND,790
730,Spain,Male,38,5,118866.36,1,1,1,163317.5,1,DIAMOND,308
698,France,Male,37,8,0.0,2,0,0,145004.39,4,DIAMOND,422
582,France,Male,41,1,40488.76,1,1,0,128528.83,4,GOLD,734
595,Germany,Female,25,7,106570.34,2,0,1,177025.79,3,GOLD,506
598,France,Female,40,2,171178.25,1,1,0,137980.58,1,SILVER,949
744,Spain,Male,44,5,120654.68,1,1,0,82290.81,4,DIAMOND,790
617,France,Male,34,1,61687.33,2,1,0,105965.25,4,DIAMOND,419
501,Spain,Male,43,6,104533.24,1,0,0,81123.59,2,DIAMOND,723
632,Germany,Male,48,6,126066.26,1,1,0,64345.61,3,PLATINUM,517
664,France,Male,43,9,189026.53,2,1,1,56099.86,3,GOLD,616
695,France,Male,49,9,159458.53,1,1,0,135841.35,5,GOLD,360
546,Spain,Male,42,7,139070.51,1,1,1,86945.0,3,DIAMOND,451
630,France,Female,36,8,126598.99,2,1,1,134407.93,2,PLATINUM,970
580,Spain,Male,67,3,153946.14,1,1,1,7418.92,5,PLATINUM,221
744,France,Female,44,3,0.0,2,1,1,189016.14,4,PLATINUM,862
664,Germany,Male,26,7,116244.14,2,1,1,95145.14,2,GOLD,837
850,Germany,Male,56,1,169743.83,1,0,0,155850.4,1,DIAMOND,757
850,Spain,Female,36,2,155180.56,2,0,0,169415.54,2,DIAMOND,419
758,Germany,Male,32,4,162657.64,2,1,1,115525.13,2,GOLD,708
773,France,Male,25,1,124532.78,2,0,1,11723.57,4,GOLD,692
544,France,Female,21,10,161525.96,2,1,0,9262.77,2,PLATINUM,458
535,France,Male,38,2,119272.29,1,0,0,195896.59,5,SILVER,346
756,Germany,Female,26,5,155143.52,1,0,1,135034.57,1,DIAMOND,518
750,France,Male,43,6,113882.31,1,1,1,74564.41,5,SILVER,526
682,Germany,Female,43,7,111094.05,2,1,1,64679.3,2,GOLD,571
663,France,Male,39,4,0.0,1,1,0,76884.05,1,DIAMOND,900
822,Germany,Female,46,3,115074.02,2,1,0,26249.86,4,GOLD,649
569,Germany,Male,35,2,109196.66,3,1,0,109393.19,1,DIAMOND,529
589,France,Male,29,2,0.0,2,0,1,98320.27,5,DIAMOND,885
528,Germany,Female,62,7,133201.17,1,0,0,168507.68,1,DIAMOND,866
529,Spain,Male,31,6,0.0,1,1,0,10625.91,4,DIAMOND,491
784,Spain,Male,48,7,0.0,2,1,1,182609.97,1,DIAMOND,354
480,France,Female,40,7,0.0,1,1,0,170332.67,1,GOLD,751
445,Spain,Male,62,1,64119.38,1,1,1,76569.64,5,PLATINUM,561
538,Spain,Female,42,9,0.0,1,0,0,152855.96,4,SILVER,641
713,France,Male,53,6,115029.4,1,0,0,191521.32,2,PLATINUM,338
711,France,Female,39,3,152462.79,1,1,0,90305.97,5,PLATINUM,851
430,France,Male,35,1,118894.22,1,0,0,2923.61,5,SILVER,873
773,France,Female,40,10,0.0,2,0,1,69303.15,3,PLATINUM,826
596,Spain,Male,57,6,0.0,2,1,1,72402.0,1,DIAMOND,627
684,Spain,Female,36,5,174180.39,1,1,0,119830.08,1,DIAMOND,364
734,Spain,Female,39,6,92126.26,2,0,0,112973.34,5,SILVER,872
616,Germany,Female,45,6,128352.59,3,1,1,144000.59,5,DIAMOND,584
522,Germany,Female,37,3,95022.57,1,1,1,129107.59,3,SILVER,534
502,Germany,Female,40,7,117304.29,1,0,0,196278.32,1,DIAMOND,674
622,Germany,Male,42,9,115766.26,1,0,0,72155.85,3,PLATINUM,483
684,France,Male,34,9,0.0,2,1,1,65257.57,5,SILVER,263
490,France,Female,35,7,107749.03,1,1,1,3937.37,5,PLATINUM,960
519,France,Male,42,8,0.0,2,1,1,101485.72,4,SILVER,427
589,France,Male,36,8,114435.47,1,1,0,26955.72,5,SILVER,688
608,France,Male,42,5,0.0,2,1,0,178504.29,4,DIAMOND,403
748,France,Male,40,0,0.0,1,0,0,60416.76,4,SILVER,724
553,Germany,Female,25,7,128524.19,2,1,0,20682.46,5,PLATINUM,941
729,France,Male,44,6,0.0,2,1,0,151733.43,3,GOLD,807
850,France,Female,34,9,92899.27,2,1,0,97465.89,4,SILVER,783
635,France,Female,78,6,47536.4,1,1,1,119400.08,4,GOLD,896
579,Spain,Male,22,3,118680.57,1,1,1,49829.8,5,SILVER,433
841,France,Male,34,4,0.0,2,1,0,141582.66,3,DIAMOND,572
651,France,Female,56,4,0.0,1,0,0,84383.22,1,PLATINUM,517
714,Germany,Male,29,6,92887.13,1,1,1,69578.49,2,SILVER,576
689,France,Male,22,4,136444.25,1,1,0,51980.25,1,DIAMOND,919
723,Germany,Female,68,3,110357.0,1,0,0,141977.54,1,PLATINUM,761
663,Spain,Male,31,4,103430.11,2,0,1,36479.27,4,GOLD,992
753,Germany,Male,30,1,110824.52,1,1,1,57896.27,3,DIAMOND,989
611,France,Female,30,9,88594.14,1,1,0,196332.45,4,GOLD,883
556,France,Female,61,2,117419.35,1,1,1,94153.83,3,PLATINUM,789
763,Spain,Female,32,10,95153.77,1,0,1,81310.1,2,GOLD,816
741,Germany,Female,36,0,127675.39,2,1,0,74260.16,3,SILVER,283
766,France,Male,32,6,185714.28,1,1,1,102502.5,5,GOLD,807
743,France,Male,42,7,77002.2,2,1,1,80428.42,2,PLATINUM,993
603,Spain,Female,56,5,90778.76,2,1,0,162223.67,4,PLATINUM,975
559,Spain,Male,67,9,125919.35,1,1,0,175910.95,1,SILVER,770
536,Spain,Male,53,2,143923.96,1,1,0,2019.78,1,DIAMOND,572
603,France,Male,44,9,0.0,1,1,0,138328.24,5,DIAMOND,696
765,Germany,Male,43,4,148962.76,1,0,1,173878.87,3,GOLD,873
801,France,Male,42,6,0.0,2,1,1,95804.33,1,SILVER,361
815,Spain,Female,39,6,0.0,1,1,1,85167.88,4,DIAMOND,818
620,France,Male,22,0,0.0,1,1,0,32589.45,3,GOLD,911
757,France,Male,47,3,130747.1,1,1,0,143829.54,1,SILVER,303
577,France,Male,37,2,127261.35,1,1,0,56185.05,3,SILVER,392
621,Germany,Female,30,2,101014.08,2,1,1,165257.31,3,SILVER,730
727,Germany,Male,39,5,80615.46,2,0,0,180962.32,3,GOLD,892
557,France,Female,32,3,123502.53,1,1,1,69826.8,4,DIAMOND,723
532,Germany,Male,24,8,142755.25,1,0,0,34231.48,1,DIAMOND,699
477,Germany,Female,36,3,117700.86,1,0,0,74042.0,3,GOLD,775
623,France,Female,57,7,71481.79,2,1,1,84421.34,3,DIAMOND,847
643,France,Female,31,3,167949.48,1,1,0,143162.34,2,GOLD,906
801,France,Male,38,5,0.0,2,1,0,66256.27,3,PLATINUM,940
532,France,Male,44,3,148595.55,1,1,0,74838.64,1,PLATINUM,955
576,Germany,Male,44,9,119530.52,1,1,0,119056.68,4,SILVER,802
637,Spain,Male,43,8,0.0,1,1,0,12156.93,5,DIAMOND,317
699,Spain,Male,43,2,136487.86,2,1,0,82815.93,4,PLATINUM,237
688,Germany,Male,35,5,111578.18,1,0,0,166165.93,1,PLATINUM,384
718,France,Male,36,9,0.0,1,1,0,45909.87,1,DIAMOND,939
756,Spain,Male,30,2,145127.85,1,0,0,7554.68,2,SILVER,774
540,France,Male,48,0,148116.48,1,0,0,116973.48,3,GOLD,274
425,Spain,Female,22,7,169649.73,2,0,1,136365.0,2,GOLD,619
552,Spain,Male,42,4,0.0,2,0,0,195692.3,3,SILVER,785
645,France,Male,41,7,0.0,1,0,1,28667.56,1,SILVER,892
814,France,Female,31,6,87772.52,1,1,0,188516.45,3,SILVER,870
575,France,Female,54,9,68332.96,1,1,1,144390.75,5,DIAMOND,435
690,Germany,Male,31,2,137260.45,2,1,0,55387.28,5,SILVER,516
625,France,Female,36,8,129944.39,2,0,0,198914.8,1,DIAMOND,991
723,Germany,Male,37,3,94661.53,2,1,0,121239.65,2,SILVER,279
730,France,Female,22,9,65763.57,1,1,1,145792.01,5,SILVER,447
656,France,Male,46,9,143267.14,2,0,0,193099.43,1,GOLD,717
829,Germany,Female,37,3,103457.76,1,0,0,1114.12,3,PLATINUM,287
550,France,Female,40,8,150490.32,1,0,0,166468.21,4,DIAMOND,572
569,France,Male,28,7,0.0,2,1,0,73977.23,1,GOLD,688
645,Germany,Male,28,7,117466.03,2,1,1,34490.06,4,DIAMOND,554
746,France,Female,21,8,166883.07,2,0,1,194563.65,3,GOLD,261
593,Spain,Male,32,10,158537.42,1,1,0,166850.57,5,SILVER,584
794,France,Male,46,6,0.0,2,1,0,195325.74,4,PLATINUM,838
780,Germany,Male,34,5,94108.54,2,1,0,177235.21,5,PLATINUM,581
744,Spain,Female,46,1,0.0,3,1,1,177431.59,4,PLATINUM,846
468,France,Female,22,1,76318.64,1,1,1,194783.12,5,GOLD,819
582,France,Male,39,5,0.0,2,1,1,129892.93,4,DIAMOND,343
534,France,Female,34,7,121551.58,2,1,1,70179.0,3,SILVER,351
665,France,Female,41,8,96147.55,1,1,0,137037.97,3,PLATINUM,280
637,France,Male,41,2,0.0,2,0,1,102515.42,4,GOLD,325
684,Germany,Male,29,8,127269.75,1,0,1,79495.01,4,PLATINUM,742
673,Spain,Female,57,4,0.0,2,1,1,49684.09,1,SILVER,428
681,Spain,Male,65,7,134714.7,2,0,1,190419.81,3,GOLD,854
782,France,Male,34,9,0.0,1,1,0,183021.06,2,GOLD,441
676,France,Male,23,1,107787.47,1,0,1,116378.82,5,SILVER,597
850,Germany,Female,32,0,116968.91,1,0,0,175094.62,2,PLATINUM,442
795,France,Female,40,2,101891.1,1,1,1,183044.86,4,GOLD,461
600,Spain,Female,50,6,94684.27,1,1,1,50488.91,3,DIAMOND,981
681,Germany,Male,38,6,181804.34,2,1,1,57517.71,1,SILVER,309
850,Germany,Male,40,4,166082.15,2,0,1,44406.17,1,SILVER,563
660,France,Male,38,4,0.0,2,0,0,88080.43,3,GOLD,490
721,France,Male,41,2,0.0,2,1,0,168219.75,4,SILVER,672
622,Spain,Male,42,9,0.0,2,1,0,119127.06,5,SILVER,884
800,France,Female,40,5,97764.41,1,1,0,98640.15,3,PLATINUM,889
500,France,Male,45,2,109162.82,1,1,1,126145.08,5,PLATINUM,277
590,France,Male,40,8,0.0,2,1,0,62933.03,4,GOLD,741
767,Spain,Male,47,5,0.0,1,1,0,121964.46,5,GOLD,273
586,France,Male,27,5,130231.8,2,1,1,192427.16,3,PLATINUM,298
850,Germany,Female,40,4,97990.49,2,0,0,106691.02,1,PLATINUM,251
593,France,Male,50,6,171740.69,1,0,0,20893.61,4,SILVER,602
682,Spain,Female,50,10,128039.01,1,1,1,102260.16,4,SILVER,947
428,France,Female,31,2,0.0,2,1,0,54487.43,3,PLATINUM,221
805,Germany,Male,24,6,143221.35,2,1,0,186035.72,5,DIAMOND,545
728,France,Male,38,1,115934.74,1,1,1,139059.05,5,GOLD,672
687,France,Female,35,3,99587.43,1,1,1,1713.1,5,SILVER,827
685,France,Male,23,8,0.0,2,1,1,112239.03,2,SILVER,543
527,Germany,Female,30,6,126663.51,1,1,1,162267.91,4,SILVER,617
675,France,Female,49,0,0.0,1,1,1,80496.71,4,SILVER,448
420,Germany,Female,34,1,135549.9,1,0,0,149471.13,3,DIAMOND,974
616,France,Male,40,9,0.0,2,0,0,93717.55,1,SILVER,752
583,Germany,Female,54,6,115988.86,1,1,0,57553.98,5,DIAMOND,878
535,France,Female,29,5,0.0,2,0,1,52709.55,2,SILVER,292
632,Germany,Female,35,2,150561.03,2,0,0,64722.61,1,GOLD,506
544,France,Male,30,4,73218.89,1,0,1,126796.69,2,SILVER,846
639,France,Female,38,5,0.0,2,0,0,93716.38,2,PLATINUM,539
559,Spain,Male,38,3,145874.35,1,1,0,56311.39,2,SILVER,707
645,Germany,Male,47,9,152076.93,1,1,0,121840.2,3,GOLD,309
525,Spain,Female,57,2,145965.33,1,1,1,64448.36,5,PLATINUM,337
749,Spain,Female,46,9,66582.81,1,1,0,78753.12,1,PLATINUM,968
602,Germany,Female,26,8,113674.2,1,1,0,197861.16,3,DIAMOND,368
616,Spain,Male,71,4,0.0,2,1,1,173599.38,5,GOLD,954
673,France,Male,39,7,82255.51,2,1,0,109545.56,4,PLATINUM,984
712,France,Male,35,7,124616.23,1,1,1,69320.97,3,PLATINUM,744
678,Germany,Female,54,1,123699.28,2,0,1,105221.76,1,GOLD,664
641,France,Female,38,3,0.0,2,1,0,116466.19,4,DIAMOND,975
677,France,Female,56,0,119963.45,1,0,0,158325.87,2,SILVER,522
544,Germany,Male,44,2,108895.93,1,0,0,69228.2,3,DIAMOND,408
727,France,Male,35,5,136364.46,1,0,0,142754.71,1,PLATINUM,549
520,France,Male,34,3,0.0,2,1,1,104703.96,5,DIAMOND,867
701,France,Male,51,9,0.0,2,0,0,61961.57,2,DIAMOND,577
611,Germany,Male,37,1,117524.72,2,0,1,161064.29,5,DIAMOND,299
580,Germany,Female,33,7,131647.01,2,0,0,79775.19,2,PLATINUM,769
841,Spain,Male,41,1,0.0,2,0,1,193093.77,5,SILVER,842
645,France,Male,19,9,128514.84,1,0,0,175969.19,5,GOLD,796
751,Spain,Male,33,4,79281.61,1,1,0,117547.76,4,GOLD,599
678,Spain,Female,40,4,113794.22,1,1,0,16618.76,4,PLATINUM,831
605,Germany,Male,28,10,113690.83,1,1,0,33114.24,5,DIAMOND,943
620,France,Male,42,4,0.0,2,1,0,6232.31,5,GOLD,402
716,Germany,Female,39,10,115301.31,1,1,0,43527.4,5,DIAMOND,465
668,Germany,Female,32,10,92041.87,1,1,1,43595.9,2,SILVER,995
729,Germany,Male,46,5,117837.43,1,1,0,104016.61,5,GOLD,924
705,Germany,Female,54,3,125889.3,3,1,0,96013.5,2,PLATINUM,674
480,Spain,Male,47,8,75408.33,1,1,0,25887.89,4,SILVER,556
512,Spain,Male,36,1,0.0,1,0,1,135482.26,4,PLATINUM,795
527,France,Female,31,1,112203.25,1,1,0,182266.01,3,GOLD,903
614,Spain,Female,36,1,44054.84,1,1,1,73329.08,4,SILVER,869
458,Germany,Male,44,7,84386.57,1,1,0,178642.73,5,DIAMOND,466
838,Spain,Female,40,6,61671.19,1,0,1,150659.35,3,GOLD,228
708,Spain,Male,40,8,83015.71,1,1,0,101089.76,3,DIAMOND,699
410,Germany,Female,50,2,102278.79,2,1,0,89822.48,5,PLATINUM,749
642,Germany,Male,41,4,157777.58,1,1,0,67484.6,5,DIAMOND,720
604,Germany,Male,36,10,113546.3,1,1,1,134875.37,1,DIAMOND,582
736,Germany,Female,26,0,84587.9,1,0,1,188037.76,5,DIAMOND,879
666,Germany,Female,21,1,121827.43,2,1,1,99818.31,2,DIAMOND,516
726,France,Male,34,3,0.0,2,1,0,196288.46,3,PLATINUM,544
628,Spain,Female,55,7,0.0,3,1,0,85890.75,3,DIAMOND,791
754,Spain,Male,39,6,170184.99,2,1,0,89593.26,2,DIAMOND,380
417,France,Male,34,7,0.0,2,1,0,55003.79,4,SILVER,969
667,Spain,Male,39,7,167557.12,1,1,1,41183.02,1,DIAMOND,385
690,France,Male,33,5,0.0,2,1,0,138017.68,3,PLATINUM,787
706,Spain,Male,68,4,114386.85,1,1,1,28601.68,5,DIAMOND,269
614,France,Female,43,6,0.0,2,1,1,109041.53,1,PLATINUM,318
673,France,Male,31,1,108345.22,1,0,1,38802.03,3,GOLD,878
601,France,Male,40,10,127847.86,1,0,0,173245.68,1,GOLD,376
750,Spain,Male,22,3,121681.82,1,1,0,128643.35,2,SILVER,852
614,France,Female,35,1,0.0,2,1,1,3342.62,1,GOLD,519
766,Germany,Male,44,3,116822.7,1,0,0,197643.24,1,PLATINUM,544
430,France,Male,38,9,0.0,2,1,1,12050.77,5,SILVER,573
609,Spain,Female,43,6,86053.52,2,1,1,113276.46,5,PLATINUM,529
604,France,Male,53,8,144453.75,1,1,0,190998.96,3,DIAMOND,985
850,France,Female,55,10,98488.08,1,1,0,155879.57,4,SILVER,814
373,France,Male,42,7,0.0,1,1,0,77786.37,3,GOLD,986
503,Germany,Male,30,10,136622.55,2,0,0,47310.24,3,PLATINUM,303
613,Spain,Male,35,4,123557.65,2,0,1,170903.4,3,SILVER,438
679,Spain,Male,33,4,96110.22,1,1,0,1173.23,2,SILVER,681
498,Germany,Male,45,7,109200.74,2,0,1,165990.44,5,PLATINUM,662
774,France,Male,60,5,85891.55,1,1,0,74135.48,5,GOLD,540
438,France,Male,60,7,78391.17,1,0,1,49424.6,4,GOLD,262
530,Spain,Male,44,6,0.0,2,0,0,55893.37,5,SILVER,333
615,France,Male,30,8,0.0,2,0,0,3183.15,2,GOLD,436
731,France,Female,47,1,115414.19,3,0,0,191734.67,3,GOLD,611
598,France,Male,35,8,114212.6,1,1,1,74322.85,2,PLATINUM,629
712,Spain,Female,29,7,77919.78,1,1,0,122547.58,3,SILVER,983
711,France,Female,41,3,145754.91,1,1,1,101455.07,3,PLATINUM,244
746,France,Male,58,3,0.0,3,1,1,80344.96,3,SILVER,488
561,France,Female,31,1,81480.27,2,1,1,65234.6,1,DIAMOND,666
588,France,Female,21,8,0.0,2,1,1,110114.19,5,PLATINUM,834
525,Spain,Female,60,7,0.0,2,0,1,168034.9,1,GOLD,895
667,France,Male,24,4,0.0,2,0,0,180329.83,3,SILVER,392
645,Spain,Female,49,5,110132.55,3,0,1,187689.91,3,GOLD,390
800,Spain,Male,38,1,0.0,2,1,0,51553.43,5,DIAMOND,959
814,Germany,Male,29,1,131968.57,2,1,1,147693.92,2,PLATINUM,545
634,France,Female,37,7,51582.5,2,1,1,184312.88,5,GOLD,902
749,Spain,Female,43,1,124209.02,1,1,1,167179.48,4,PLATINUM,608
766,France,Female,27,7,158786.67,2,0,1,47579.25,3,GOLD,711
692,France,Female,36,3,0.0,2,1,1,8282.22,5,SILVER,767
716,Spain,Male,33,2,0.0,2,1,1,92916.53,1,PLATINUM,531
511,France,Female,30,5,0.0,2,1,0,143994.86,4,SILVER,248
668,France,Female,35,6,102482.76,1,1,1,53994.64,3,SILVER,421
680,Germany,Male,30,4,108300.27,2,0,1,44384.57,3,DIAMOND,860
711,France,Male,38,4,123345.85,1,1,0,141827.83,2,GOLD,572
692,France,Male,33,9,0.0,1,1,0,113505.93,3,PLATINUM,272
636,Spain,Male,52,4,111284.53,1,0,1,32936.44,2,PLATINUM,858
520,France,Female,29,8,95947.76,1,1,0,4696.44,5,GOLD,617
707,Spain,Male,44,3,0.0,2,1,1,135077.01,2,DIAMOND,682
619,France,Female,38,3,0.0,2,0,1,116467.35,1,PLATINUM,348
681,Germany,Female,48,8,139480.18,1,1,1,163581.67,1,GOLD,420
728,Germany,Female,33,9,150412.14,2,1,0,170764.08,2,DIAMOND,499
642,France,Male,40,8,109219.83,1,1,0,52827.51,5,SILVER,520
754,Germany,Male,65,1,136186.44,1,1,1,121529.59,4,SILVER,413
791,Germany,Female,42,10,113657.41,2,0,1,139946.68,1,SILVER,634
718,France,Male,33,7,102874.28,1,0,0,117841.06,5,SILVER,504
663,France,Male,34,7,0.0,2,1,1,180427.24,3,SILVER,912
477,France,Female,30,6,131286.46,1,1,0,194144.45,2,DIAMOND,325
567,France,Male,54,9,96402.96,1,0,0,52035.29,1,PLATINUM,376
806,Germany,Male,31,10,138653.51,1,1,0,190803.37,3,GOLD,662
659,Spain,Male,78,2,151675.65,1,0,1,49978.67,5,GOLD,364
512,France,Male,51,6,144953.31,1,1,1,165035.17,2,PLATINUM,339
591,Spain,Male,39,8,0.0,2,0,0,42392.24,1,GOLD,302
648,Germany,Female,42,8,121980.56,2,1,0,4027.02,1,GOLD,238
494,Spain,Male,67,5,0.0,2,1,1,85890.16,2,GOLD,408
672,France,Male,28,4,167268.98,1,1,1,169469.3,3,DIAMOND,698
441,France,Male,60,1,140614.15,1,0,1,174381.23,4,SILVER,227
705,Spain,Female,47,3,63488.7,1,0,1,28640.92,4,DIAMOND,555
802,Spain,Male,51,7,0.0,1,0,1,40855.79,3,SILVER,590
686,Germany,Male,43,2,134896.03,1,1,1,97847.05,4,PLATINUM,541
700,France,Male,38,8,134811.3,1,1,0,1299.75,1,DIAMOND,903
509,Germany,Female,29,0,107712.57,2,1,1,92898.17,2,SILVER,831
760,Germany,Female,34,6,58003.41,1,1,0,90346.1,5,SILVER,785
627,Spain,Female,55,6,0.0,1,0,0,91943.94,3,SILVER,396
794,France,Male,35,6,0.0,2,1,1,68730.91,3,GOLD,934
616,France,Male,29,9,0.0,1,1,1,166984.44,2,PLATINUM,310
635,Spain,Female,35,7,0.0,2,1,1,65951.65,2,GOLD,318
850,France,Female,62,1,124678.35,1,1,0,70916.0,4,GOLD,616
628,France,Male,36,3,0.0,2,1,1,8742.91,4,PLATINUM,276
615,France,Female,23,4,0.0,2,1,0,196476.19,5,SILVER,773
583,France,Female,29,10,0.0,2,1,1,111285.85,4,SILVER,574
850,Germany,Male,49,8,98649.55,1,1,0,119174.88,5,PLATINUM,568
576,Germany,Female,71,6,140273.47,1,1,1,193135.25,4,PLATINUM,785
731,Spain,Male,70,3,0.0,2,1,1,141180.66,2,DIAMOND,409
548,France,Female,33,1,80107.83,2,0,1,82245.67,3,GOLD,524
455,France,Female,27,5,155879.09,2,0,0,70774.97,3,SILVER,967
692,France,Male,30,2,0.0,2,0,1,130486.57,4,DIAMOND,751
669,France,Male,43,1,163159.85,1,0,1,15602.8,5,PLATINUM,952
726,France,Male,37,2,132057.92,2,1,0,34743.98,1,DIAMOND,953
694,Spain,Male,31,5,0.0,1,1,0,35593.18,2,PLATINUM,636
596,France,Male,47,6,0.0,1,1,0,74835.65,2,GOLD,458
587,France,Female,36,1,134997.49,2,1,0,44688.08,1,PLATINUM,675
626,Germany,Female,47,2,103108.8,1,0,1,166475.44,3,GOLD,279
684,Spain,Female,36,4,0.0,1,1,0,117038.96,1,SILVER,718
495,Germany,Male,39,8,120252.02,2,1,1,10160.23,1,GOLD,781
635,Spain,Female,38,1,0.0,2,1,0,90605.05,4,GOLD,399
613,Spain,Male,37,3,171653.17,1,0,1,5353.12,4,DIAMOND,512
612,France,Female,38,1,0.0,2,1,1,9209.21,2,SILVER,673
751,Germany,Female,51,7,148074.79,1,1,0,146411.41,5,SILVER,518
850,Spain,Female,45,5,174088.3,4,1,0,5669.31,1,GOLD,240
813,Germany,Female,36,6,98088.09,1,0,1,26687.22,2,GOLD,233
672,Spain,Male,33,2,0.0,2,1,1,182738.0,4,SILVER,609
683,France,Female,26,7,0.0,2,1,0,86619.77,4,DIAMOND,687
632,France,Female,49,5,167962.7,1,0,0,140201.21,3,DIAMOND,614
657,France,Female,37,2,0.0,2,1,1,7667.48,2,DIAMOND,398
568,France,Male,28,5,145105.64,2,1,0,185489.11,5,GOLD,975
681,Spain,Male,38,2,99811.44,2,1,0,23531.5,1,DIAMOND,568
489,France,Male,34,5,0.0,1,0,0,43540.59,5,PLATINUM,583
735,France,Male,55,6,134140.68,1,1,0,2267.88,4,DIAMOND,425
641,Germany,Male,32,5,122947.92,1,1,1,99154.86,1,SILVER,977
491,France,Female,68,3,107571.61,1,0,1,113695.99,4,PLATINUM,786
618,France,Male,39,2,91068.56,1,1,0,26578.69,2,GOLD,244
684,Spain,Female,41,1,134177.06,1,0,0,177506.66,1,PLATINUM,456
799,France,Male,70,8,70416.75,1,1,1,36483.52,4,PLATINUM,958
752,Spain,Female,31,4,144637.86,2,1,0,40496.72,1,DIAMOND,383
633,France,Male,59,5,0.0,1,1,1,137273.97,2,SILVER,532
771,Spain,Female,47,3,72664.0,2,1,1,107874.39,4,GOLD,862
785,Germany,Female,33,5,136624.6,2,1,1,169117.74,3,PLATINUM,368
706,Spain,Female,42,8,95386.82,1,1,1,75732.25,5,SILVER,734
537,France,Female,53,3,0.0,1,1,1,91406.62,4,PLATINUM,238
583,France,Male,24,9,135125.28,1,0,0,89801.9,5,SILVER,304
766,Germany,Male,37,2,99660.13,2,0,1,147700.78,2,GOLD,498
684,Germany,Female,46,3,102955.14,2,1,0,154137.33,2,PLATINUM,986
536,Spain,Male,40,9,0.0,2,1,1,11959.03,2,SILVER,238
735,Germany,Male,46,2,106344.95,1,1,0,114371.33,4,DIAMOND,287
619,France,Female,55,0,0.0,3,0,0,60810.64,1,DIAMOND,734
573,France,Female,37,6,0.0,2,1,0,193995.37,4,PLATINUM,326
636,France,Male,34,8,0.0,2,1,0,38570.13,1,SILVER,474
747,Spain,Male,41,9,0.0,1,1,0,32430.94,1,PLATINUM,717
434,Germany,Male,55,8,109339.17,2,1,0,96405.88,3,GOLD,629
719,Spain,Female,40,9,0.0,2,1,0,182224.14,1,GOLD,238
732,France,Male,41,8,0.0,2,1,1,170886.17,3,PLATINUM,568
518,Germany,Female,35,8,141665.63,1,0,1,192776.64,3,GOLD,701
816,France,Male,31,8,0.0,2,1,1,28407.4,4,SILVER,834
677,Spain,Female,43,3,133214.88,2,1,1,95936.84,5,DIAMOND,865
713,France,Female,59,3,0.0,2,1,1,62700.08,5,SILVER,245
587,Spain,Female,34,1,0.0,2,1,1,97932.68,4,DIAMOND,749
586,Germany,Female,56,9,100781.75,2,1,1,54448.41,3,PLATINUM,877
611,Germany,Female,41,2,114206.84,1,1,0,164061.6,1,DIAMOND,645
675,France,Male,28,9,0.0,1,1,0,134110.93,2,DIAMOND,817
791,Germany,Female,35,7,52436.2,1,1,0,161051.75,2,SILVER,650
683,Germany,Female,39,2,47685.47,2,1,1,86019.48,4,SILVER,649
578,Germany,Male,37,1,135650.88,1,1,0,199428.19,1,PLATINUM,995
712,France,Male,29,3,102540.61,1,1,1,189680.79,1,PLATINUM,415
640,Germany,Female,31,10,118613.34,1,1,0,168469.65,3,DIAMOND,573
559,France,Male,52,2,0.0,1,1,0,129013.59,3,DIAMOND,899
832,Spain,Female,34,6,138190.13,2,0,1,146511.2,2,PLATINUM,424
708,Germany,Male,21,8,133974.36,2,1,0,50294.09,5,GOLD,959
850,Germany,Female,66,0,127120.62,1,0,1,118929.64,1,PLATINUM,617
610,France,Male,40,9,0.0,1,1,1,149602.54,3,SILVER,613
803,France,Female,32,9,192122.84,1,1,1,54277.45,1,SILVER,521
639,Spain,Female,35,5,136526.26,2,1,0,59653.03,4,GOLD,616
609,Spain,Male,32,4,99883.16,1,1,1,120594.85,3,PLATINUM,887
603,Spain,Female,42,8,91611.12,1,0,0,144675.3,3,DIAMOND,416
501,France,Female,29,8,0.0,2,1,0,112664.24,5,SILVER,222
411,France,Female,35,2,0.0,2,1,1,93825.78,3,PLATINUM,639
833,France,Male,47,2,0.0,2,1,1,182247.77,5,SILVER,418
644,France,Male,48,8,0.0,2,0,1,44965.54,4,DIAMOND,930
850,Germany,Female,26,8,123126.29,1,1,0,74425.41,5,DIAMOND,240
753,France,Male,48,4,0.0,2,0,1,146821.42,2,DIAMOND,933
580,France,Female,23,5,113923.81,2,0,0,196241.43,4,PLATINUM,590
593,Spain,Male,31,8,112713.34,1,1,1,176868.89,2,GOLD,710
537,France,Male,39,2,0.0,2,1,1,137651.6,2,SILVER,413
431,Germany,Male,42,8,120822.86,2,1,0,126153.24,5,GOLD,712
809,France,Male,36,9,68881.59,2,0,1,109135.11,5,DIAMOND,795
740,Germany,Female,40,2,122295.17,2,1,1,30812.84,2,GOLD,318
677,Spain,Female,34,10,171671.9,1,1,1,50777.77,1,DIAMOND,392
703,France,Male,28,2,81173.83,2,0,1,162812.16,2,PLATINUM,388
647,Germany,Female,35,3,166518.63,2,1,0,147930.46,4,PLATINUM,507
705,Germany,Female,31,9,110941.93,2,1,0,163484.8,3,DIAMOND,468
605,France,Female,30,9,135422.31,1,0,1,186418.85,5,DIAMOND,241
515,Spain,Male,40,10,121355.99,1,1,0,138360.29,5,GOLD,870
804,France,Male,25,7,108396.67,1,1,0,128276.95,1,DIAMOND,399
724,Germany,Male,31,2,160997.54,2,0,1,64831.36,4,DIAMOND,406
502,Germany,Female,33,6,125241.17,2,1,1,158736.07,2,DIAMOND,742
444,France,Male,45,6,0.0,1,1,0,130009.85,4,GOLD,669
641,France,Female,40,9,0.0,1,0,0,151648.66,5,GOLD,832
710,France,Male,38,3,130588.82,1,1,1,154997.64,4,GOLD,290
671,Germany,Male,51,3,96891.46,1,1,0,176403.33,3,PLATINUM,654
763,Spain,Female,32,8,0.0,2,1,0,16725.53,4,GOLD,490
631,Germany,Female,22,6,139129.92,1,1,1,63747.51,1,GOLD,357
547,Germany,Male,32,8,155726.85,1,1,0,67789.99,2,SILVER,309
655,Spain,Male,38,9,0.0,1,0,1,90490.33,5,PLATINUM,544
708,Spain,Male,46,7,68799.72,1,1,1,39704.14,5,PLATINUM,287
602,France,Male,23,7,113758.48,2,0,0,84077.6,4,DIAMOND,719
653,France,Female,38,8,102133.38,1,1,1,166520.96,3,SILVER,795
707,France,Female,36,6,0.0,1,0,0,98810.78,3,PLATINUM,552
669,France,Male,50,9,201009.64,1,1,0,158032.5,2,PLATINUM,346
573,Germany,Male,35,9,134498.54,2,1,1,119924.8,3,GOLD,479
663,France,Male,40,6,156218.19,1,0,1,33607.72,5,SILVER,375
525,France,Male,26,7,153644.39,1,1,1,63197.88,1,SILVER,988
675,Spain,Male,32,10,0.0,2,1,0,191545.65,3,GOLD,610
705,Spain,Male,46,7,0.0,2,1,0,117273.35,2,GOLD,946
679,France,Male,30,9,0.0,2,1,0,157871.55,5,PLATINUM,460
493,France,Female,46,4,0.0,2,1,0,1907.66,1,SILVER,498
681,France,Male,38,3,0.0,2,1,1,112491.96,1,DIAMOND,861
760,Spain,Male,38,3,91241.85,1,0,1,80682.35,5,GOLD,840
610,France,Female,45,1,0.0,2,1,1,199657.46,3,DIAMOND,571
730,Spain,Male,29,2,0.0,2,1,0,14174.09,4,GOLD,523
821,France,Female,40,1,0.0,2,1,0,194273.12,5,SILVER,935
505,Germany,Male,29,3,145541.56,2,1,1,58019.95,1,SILVER,701
590,Spain,Female,29,2,166930.76,2,1,0,122487.73,3,SILVER,768
599,France,Male,30,9,105443.68,1,1,1,121124.53,3,DIAMOND,259
764,France,Female,24,7,0.0,2,1,0,186105.99,1,SILVER,410
511,Spain,Female,66,4,0.0,1,1,0,1643.11,5,SILVER,549
750,Germany,Female,52,6,107467.56,1,1,0,126233.18,5,DIAMOND,644
599,Germany,Male,36,3,128960.21,2,1,1,40318.33,4,DIAMOND,662
669,Germany,Female,35,4,108269.2,2,1,0,174969.92,5,DIAMOND,404
772,France,Male,34,9,0.0,2,1,0,170980.86,1,SILVER,870
729,Germany,Male,39,6,127415.85,1,1,1,184977.2,3,SILVER,902
587,Germany,Female,45,8,134980.74,1,1,1,123309.57,1,SILVER,314
631,France,Female,34,4,124379.14,1,1,0,106892.91,1,SILVER,461
675,France,Male,34,1,124619.33,2,0,1,163667.56,1,PLATINUM,674
475,France,Female,57,1,0.0,2,1,0,89248.99,2,GOLD,372
542,France,Male,34,8,101116.06,1,1,0,196395.05,4,SILVER,987
666,Spain,Male,43,5,0.0,2,1,0,29346.1,2,SILVER,464
619,Germany,Male,38,10,84651.79,1,1,1,184754.26,4,SILVER,591
806,France,Female,32,3,63763.49,1,1,0,156593.09,1,GOLD,411
452,Germany,Male,52,1,98443.14,2,0,0,92033.98,5,SILVER,821
829,Germany,Male,28,3,132405.52,3,1,0,104889.2,1,PLATINUM,536
620,Spain,Male,42,9,121490.05,1,1,1,29296.74,4,PLATINUM,828
540,Spain,Male,39,2,0.0,2,1,0,81995.92,4,DIAMOND,868
592,Spain,Male,45,8,84692.5,1,0,1,67214.02,5,DIAMOND,551
630,France,Male,67,5,0.0,2,1,1,27330.27,3,SILVER,556
565,Germany,Male,59,9,69129.59,1,1,1,170705.53,5,PLATINUM,558
527,Spain,Female,36,6,0.0,2,1,1,102280.29,5,DIAMOND,823
850,France,Female,37,7,153147.75,1,1,1,152235.3,5,GOLD,867
667,Germany,Male,33,9,124573.33,2,0,0,683.37,3,PLATINUM,899
548,Germany,Female,33,0,101084.36,1,1,0,42749.85,5,DIAMOND,860
660,Germany,Female,39,5,135134.99,1,1,0,173683.0,1,DIAMOND,816
565,France,Male,55,4,118803.35,2,1,1,128124.7,2,GOLD,535
581,Spain,Male,30,0,53291.86,1,0,0,196582.28,1,PLATINUM,314
839,France,Female,51,3,0.0,1,1,1,69101.23,5,PLATINUM,704
636,Spain,Female,29,6,157576.47,2,1,1,101102.39,1,PLATINUM,332
530,Spain,Female,22,7,0.0,2,1,0,104170.48,5,PLATINUM,516
763,Spain,Female,37,6,0.0,2,1,1,149705.25,5,SILVER,799
850,France,Female,28,2,0.0,2,1,1,38773.74,2,PLATINUM,887
554,France,Female,43,10,0.0,2,1,0,149629.13,4,GOLD,870
731,Spain,Male,42,9,101043.63,1,1,1,192175.52,4,PLATINUM,882
637,Germany,Male,43,1,135645.29,2,0,1,101382.86,5,GOLD,823
720,Germany,Male,23,0,187861.18,2,1,1,104120.17,4,GOLD,664
750,France,Male,37,3,0.0,2,1,0,16870.2,2,SILVER,809
504,Germany,Female,43,7,102365.49,1,1,0,194690.77,4,SILVER,940
654,Spain,Male,40,5,105683.63,1,1,0,173617.09,5,DIAMOND,250
668,Spain,Male,25,8,0.0,2,1,1,135112.09,2,SILVER,765
848,Germany,Male,31,4,90018.45,2,1,0,193132.98,2,PLATINUM,795
678,France,Female,46,1,0.0,2,0,0,82106.19,4,PLATINUM,908
643,Germany,Male,41,7,154902.66,1,1,1,49667.28,3,PLATINUM,654
596,Spain,Male,29,2,0.0,2,1,1,1591.19,2,DIAMOND,224
712,Spain,Male,45,6,112994.65,1,0,0,198398.68,1,SILVER,847
734,France,Male,37,3,80387.81,1,0,1,77272.62,5,SILVER,350
650,France,Female,64,7,142028.36,1,1,0,32275.09,3,PLATINUM,602
697,Spain,Male,56,5,110802.03,1,1,1,50230.31,1,DIAMOND,238
756,Germany,Female,39,3,100717.85,3,1,1,73406.04,1,SILVER,439
824,Germany,Male,60,8,134250.17,3,0,0,153046.16,4,GOLD,244
557,France,Female,28,7,146445.24,2,1,0,184317.74,1,GOLD,743
598,Spain,Male,41,8,0.0,2,1,1,161954.43,3,PLATINUM,779
543,France,Female,42,5,0.0,2,0,0,101905.34,2,SILVER,266
516,France,Male,46,2,0.0,2,1,1,169122.54,4,GOLD,786
557,Germany,Male,68,2,100194.44,1,1,1,38596.34,1,GOLD,888
774,France,Female,32,4,0.0,2,0,0,114899.13,2,GOLD,464
759,France,Female,39,6,0.0,2,1,1,140497.67,4,SILVER,500
756,France,Male,40,1,94773.11,1,1,0,114279.63,4,PLATINUM,585
850,Spain,Male,39,8,0.0,2,1,1,37090.44,3,DIAMOND,995
641,France,Female,42,6,0.0,2,0,0,121138.77,2,PLATINUM,697
468,France,Male,36,3,61636.97,1,0,0,107787.42,4,GOLD,928
612,Germany,Female,58,1,149641.53,1,1,1,115161.28,5,GOLD,405
774,France,Female,28,1,71264.02,2,0,1,68759.57,5,GOLD,461
681,Germany,Male,37,8,73179.34,2,1,1,25292.53,4,GOLD,242
562,France,Male,62,3,0.0,2,1,0,105986.01,2,GOLD,845
643,Germany,Male,33,7,98630.31,2,1,1,40250.82,4,PLATINUM,762
584,Spain,Female,59,1,0.0,1,0,1,130260.11,1,PLATINUM,462
592,Spain,Male,37,9,0.0,3,1,1,10656.89,1,DIAMOND,413
689,Spain,Male,38,2,0.0,1,1,1,82709.8,5,DIAMOND,621
679,Spain,Female,35,8,119182.73,1,0,0,121210.09,3,SILVER,369
548,Spain,Male,44,8,0.0,1,1,0,16989.77,1,SILVER,693
651,France,Female,39,6,0.0,1,1,0,24176.44,1,SILVER,283
842,Spain,Female,44,2,112652.08,2,1,0,126644.98,5,DIAMOND,939
675,Spain,Male,66,5,115654.47,2,1,1,131970.86,2,GOLD,785
707,Spain,Female,35,3,56674.48,1,1,0,17987.4,4,DIAMOND,845
471,Spain,Female,28,5,0.0,2,1,1,22356.97,1,PLATINUM,583
746,Spain,Male,30,1,112666.67,1,0,0,11710.4,1,DIAMOND,585
790,Germany,Male,24,7,107418.27,1,0,1,160450.21,1,PLATINUM,726
501,France,Female,39,9,117301.66,1,0,0,182025.95,5,SILVER,721
748,France,Female,26,1,77780.29,1,0,1,183049.41,3,GOLD,340
718,France,Male,29,2,0.0,1,1,0,126336.72,1,GOLD,422
671,France,Female,38,6,132129.72,1,0,1,76068.95,1,SILVER,593
484,Germany,Male,40,7,106901.42,2,0,0,118045.98,2,PLATINUM,396
469,Germany,Male,38,9,113599.42,1,0,0,11950.29,3,DIAMOND,880
690,France,Male,21,8,0.0,2,1,1,155782.89,2,DIAMOND,545
494,Spain,Male,27,2,0.0,2,1,0,22404.64,2,DIAMOND,488
605,France,Female,51,9,104760.82,1,1,1,165574.54,1,PLATINUM,675
750,Spain,Female,37,2,113817.06,1,0,0,88333.74,5,DIAMOND,998
850,France,Female,71,4,0.0,2,1,1,107236.87,3,PLATINUM,518
660,Germany,Female,37,2,133200.09,1,0,0,71433.88,4,DIAMOND,700
601,France,Male,44,1,100486.18,2,1,1,62678.53,1,GOLD,650
552,France,Female,38,9,134105.01,1,0,0,57850.1,2,SILVER,751
590,France,Male,43,7,81076.8,2,1,1,182627.25,1,DIAMOND,253
697,France,Male,63,7,148368.02,1,0,0,118862.08,5,DIAMOND,505
605,France,Male,32,9,0.0,2,1,1,55724.24,5,SILVER,446
593,Germany,Female,41,4,119703.1,2,1,1,109783.29,3,GOLD,814
701,Spain,Male,59,7,0.0,2,0,1,27597.59,4,SILVER,387
568,Germany,Female,29,2,129177.01,2,0,1,104617.99,3,DIAMOND,893
850,France,Female,42,3,0.0,2,1,1,176883.42,2,GOLD,634
415,France,Male,46,9,134950.19,3,0,0,178587.36,2,DIAMOND,621
699,Germany,Male,32,1,123906.22,3,1,1,127443.82,1,SILVER,896
503,Spain,Male,32,9,100262.88,2,1,1,157921.25,1,DIAMOND,685
653,Spain,Female,36,3,0.0,2,0,0,110525.6,2,PLATINUM,504
792,France,Male,19,7,143390.51,1,1,0,33282.84,4,DIAMOND,391
581,France,Female,55,6,0.0,1,1,1,22442.13,1,SILVER,913
617,France,Female,30,8,0.0,1,1,1,92621.9,3,GOLD,829
513,France,Male,30,5,0.0,2,1,0,162523.66,2,DIAMOND,444
465,France,Male,25,2,78247.31,2,1,1,10472.31,2,GOLD,945
677,France,Male,58,9,0.0,1,0,1,168650.4,5,GOLD,817
565,France,Female,40,2,0.0,2,1,1,129956.13,3,SILVER,520
545,France,Male,47,8,105792.49,1,0,1,67830.2,5,SILVER,830
613,France,Female,27,5,125167.74,1,1,0,199104.52,3,SILVER,819
578,France,Female,40,7,0.0,2,0,0,102233.73,4,GOLD,924
808,France,Female,33,2,103516.87,1,1,0,113907.8,1,SILVER,834
482,France,Male,55,5,97318.25,1,0,1,78416.14,5,GOLD,408
650,France,Female,43,6,0.0,2,1,1,16301.91,1,GOLD,489
769,Spain,Male,39,9,0.0,1,1,1,47722.79,3,PLATINUM,851
690,Germany,Male,44,9,100368.63,2,0,0,35342.33,3,DIAMOND,652
525,Spain,Female,47,6,118560.0,1,1,0,82522.61,4,PLATINUM,375
611,France,Male,35,10,0.0,1,1,1,23598.23,5,SILVER,927
850,Spain,Male,22,3,0.0,1,1,1,144385.54,4,PLATINUM,495
627,France,Female,21,7,98993.02,1,1,1,169156.64,4,DIAMOND,456
528,France,Male,30,2,128262.72,2,1,0,50771.16,2,PLATINUM,791
790,Spain,Male,46,2,131365.37,2,1,1,180290.68,5,GOLD,242
749,Spain,Male,36,7,0.0,2,0,0,80134.65,3,DIAMOND,936
590,France,Male,47,3,0.0,2,1,0,171774.5,1,DIAMOND,398
584,Germany,Female,37,10,134171.8,4,1,1,70927.11,2,DIAMOND,395
516,Spain,Female,65,9,102541.1,1,1,0,181490.42,4,PLATINUM,933
638,Germany,Male,50,1,102645.48,1,1,0,168359.98,2,DIAMOND,663
596,France,Female,33,1,138162.81,1,1,0,85412.54,2,DIAMOND,776
748,France,Female,39,3,157371.54,1,0,1,97734.3,1,PLATINUM,510
826,Spain,Male,41,5,146466.46,2,0,0,180934.67,3,GOLD,984
776,France,Female,31,2,0.0,2,1,1,112349.51,3,DIAMOND,304
598,France,Male,64,1,0.0,2,1,0,195635.3,1,PLATINUM,839
794,France,Male,30,8,0.0,2,1,1,24113.91,3,DIAMOND,368
683,France,Male,31,2,0.0,2,0,1,77326.78,2,DIAMOND,791
769,France,Female,31,6,117852.26,2,1,0,147668.64,5,DIAMOND,533
651,Germany,Female,41,4,133432.59,1,0,1,151303.48,3,SILVER,807
520,France,Male,49,5,121197.64,1,1,0,72577.33,4,PLATINUM,502
594,France,Male,38,4,0.0,2,0,0,186884.04,1,SILVER,477
583,Germany,Male,27,4,105907.42,2,1,1,195732.04,5,PLATINUM,267
714,Germany,Male,54,4,137986.58,2,0,1,51308.54,2,PLATINUM,809
451,France,Female,36,2,0.0,2,1,1,180142.42,1,GOLD,465
709,France,Female,40,9,131569.63,1,1,1,103970.58,1,DIAMOND,295
495,France,Male,30,10,129755.99,1,0,0,172749.65,2,DIAMOND,753
615,France,Male,35,7,0.0,2,1,0,150784.29,1,GOLD,948
775,France,Male,52,8,109922.61,1,1,1,96823.32,4,SILVER,347
552,France,Male,36,8,0.0,2,0,0,132547.02,4,SILVER,498
705,France,Male,32,3,0.0,2,0,0,129576.99,2,DIAMOND,789
850,Germany,Female,31,3,51293.47,1,0,0,35534.68,1,PLATINUM,580
685,Spain,Male,43,4,97392.18,2,1,0,43956.83,1,PLATINUM,689
659,Spain,Male,27,4,0.0,2,1,0,99341.87,4,PLATINUM,613
541,France,Male,39,7,0.0,2,1,0,19823.02,5,PLATINUM,781
680,France,Male,37,4,0.0,2,1,0,61240.87,3,SILVER,801
705,Germany,Male,44,3,105934.96,1,1,0,82463.69,3,PLATINUM,351
735,France,Male,34,1,141796.43,1,1,0,45858.49,4,GOLD,602
788,Spain,Male,34,6,156478.62,1,0,1,181196.76,3,DIAMOND,760
523,France,Female,40,2,102967.41,1,1,0,128702.1,1,PLATINUM,606
751,France,Male,47,5,142669.93,2,1,0,162760.96,3,PLATINUM,627
714,France,Male,34,10,0.0,2,1,1,80234.14,3,DIAMOND,688
570,France,Male,32,9,117337.54,2,0,1,62810.91,4,DIAMOND,1000
699,Spain,Male,35,2,167455.66,2,1,1,55324.49,3,GOLD,936
516,France,Female,45,4,0.0,1,1,0,95273.73,5,SILVER,255
630,France,Male,26,7,129837.72,2,0,1,197001.15,1,DIAMOND,716
663,Germany,Male,28,8,123674.28,2,1,1,87985.2,1,SILVER,925
767,France,Female,34,8,0.0,2,1,0,94767.77,1,GOLD,911
724,Germany,Male,31,9,138166.3,1,1,0,12920.43,5,PLATINUM,376
590,France,Male,43,8,0.0,2,1,1,143628.31,2,SILVER,363
741,France,Male,32,8,0.0,2,1,0,143598.7,4,DIAMOND,870
573,Spain,Female,44,4,0.0,1,1,1,94862.93,4,PLATINUM,920
777,France,Male,29,2,0.0,2,1,0,124489.88,2,DIAMOND,695
781,France,Male,33,3,89276.48,1,1,0,6959.0,4,DIAMOND,953
789,France,Male,31,4,175477.15,1,1,1,172832.9,1,DIAMOND,702
585,Spain,Female,44,4,0.0,2,0,1,101728.46,4,DIAMOND,762
554,France,Female,38,4,137654.05,2,1,1,172629.67,2,PLATINUM,326
509,Germany,Male,32,9,170661.47,1,1,1,21646.2,4,SILVER,994
634,Germany,Female,29,8,130036.21,2,0,1,69849.55,3,GOLD,713
531,Spain,Male,37,1,143407.29,2,0,1,84402.46,1,SILVER,556
605,Spain,Female,29,3,116805.82,1,0,0,4092.75,5,PLATINUM,851
713,Germany,Male,40,3,114446.84,2,1,1,87308.18,4,DIAMOND,391
775,France,Male,42,6,133970.22,2,0,1,187839.9,1,GOLD,278
568,France,Male,33,7,0.0,2,1,0,143450.61,1,PLATINUM,392
655,France,Female,51,3,0.0,2,0,1,15801.02,1,SILVER,629
794,France,Male,24,10,146126.75,1,1,1,88992.05,1,GOLD,431
657,Germany,Male,25,2,171770.55,1,1,0,22745.5,4,GOLD,487
430,Germany,Female,66,6,135392.31,2,1,1,172852.06,1,DIAMOND,886
614,Germany,Male,32,7,99462.8,2,1,1,51117.06,5,PLATINUM,238
654,France,Male,29,4,132954.64,1,1,1,146715.07,3,SILVER,810
712,France,Male,32,9,100606.02,1,1,0,165693.06,1,DIAMOND,542
627,France,Female,35,7,0.0,2,0,1,193022.44,1,GOLD,978
678,Germany,Female,25,10,76968.12,2,0,1,131501.72,1,GOLD,365
637,France,Male,27,1,0.0,2,1,0,91291.2,4,GOLD,304
599,Germany,Male,46,9,123444.72,1,1,1,31368.08,3,DIAMOND,726
533,Germany,Male,38,4,70362.52,2,1,1,104189.46,2,SILVER,975
527,Spain,Male,53,8,0.0,1,1,1,51711.57,1,SILVER,488
590,Spain,Male,37,6,169902.92,1,1,1,128256.18,3,GOLD,987
824,France,Male,45,3,129209.48,1,0,0,60151.77,2,DIAMOND,907
782,France,Female,33,2,94493.03,1,0,1,101866.39,3,PLATINUM,324
601,Spain,Female,20,9,122446.61,2,1,0,86791.9,3,PLATINUM,605
716,France,Male,38,4,0.0,2,1,0,189678.7,3,GOLD,756
600,France,Male,46,10,95502.21,1,0,0,19842.18,2,DIAMOND,363
768,Germany,Female,43,2,129264.05,2,0,0,19150.14,3,SILVER,343
780,France,Female,43,0,0.0,1,0,1,15705.27,1,DIAMOND,245
628,France,Female,31,6,175443.75,1,1,0,113167.17,2,GOLD,559
681,Germany,Male,31,4,97338.19,2,0,0,48226.76,4,SILVER,675
763,Germany,Female,61,1,66101.89,1,1,1,143981.27,2,PLATINUM,366
581,Spain,Male,34,1,0.0,2,0,1,81175.25,3,SILVER,602
829,Spain,Female,26,8,101440.36,2,1,1,19324.5,5,DIAMOND,596
682,Spain,Female,47,10,134032.01,1,1,0,144290.97,3,DIAMOND,725
583,France,Female,27,1,125406.58,1,1,1,110784.42,1,PLATINUM,992
714,Germany,Male,28,7,77776.39,1,1,0,177737.07,3,DIAMOND,264
779,Spain,Female,55,0,133295.98,1,1,0,22832.71,2,DIAMOND,384
619,France,Male,27,1,154483.98,1,1,0,156394.74,2,SILVER,431
681,France,Female,41,0,120549.29,2,1,0,175722.31,5,SILVER,257
572,France,Female,38,7,0.0,2,1,1,133122.62,1,PLATINUM,739
608,Spain,Male,27,4,153325.1,1,1,1,199953.33,3,SILVER,778
701,France,Male,39,2,0.0,2,1,1,82526.92,4,DIAMOND,812
590,Spain,Male,34,0,65812.35,2,0,1,160346.3,3,PLATINUM,967
845,Germany,Female,43,3,152063.59,2,1,0,97910.06,1,DIAMOND,443
542,Spain,Male,32,2,131945.94,1,0,1,159737.56,3,SILVER,406
681,France,Male,43,3,66338.68,1,1,1,18772.5,5,DIAMOND,350
646,Spain,Male,25,5,182876.88,2,1,1,42537.59,1,GOLD,989
607,France,Female,31,1,102523.88,1,1,1,166792.71,2,GOLD,492
742,France,Male,32,6,160485.16,1,1,0,29023.03,5,GOLD,295
648,Spain,Female,43,7,81153.82,1,1,1,144532.85,5,PLATINUM,890
712,France,Female,31,7,0.0,2,1,0,170333.38,4,SILVER,754
675,Spain,Male,36,9,106190.55,1,0,1,22994.32,4,SILVER,749
634,Germany,Female,37,7,143258.85,2,1,0,192721.98,2,DIAMOND,760
569,Spain,Female,34,3,0.0,1,1,0,133997.53,1,PLATINUM,824
517,Spain,Male,39,3,0.0,2,0,1,12465.51,5,PLATINUM,805
705,Germany,Male,42,8,166685.92,2,1,1,55313.51,4,GOLD,283
625,France,Female,39,5,0.0,2,1,0,32615.21,2,SILVER,269
728,France,Female,34,6,90425.15,2,1,1,11597.69,1,SILVER,439
476,Germany,Female,34,8,111905.43,1,0,1,197221.81,3,PLATINUM,832
724,Germany,Female,48,6,110463.25,2,1,1,80552.11,1,PLATINUM,356
850,Germany,Female,33,2,83415.04,1,0,1,74917.64,3,PLATINUM,271
507,France,Male,33,7,0.0,2,1,1,85411.01,2,PLATINUM,675
546,Germany,Female,52,1,106074.89,1,1,1,23548.45,3,PLATINUM,579
625,France,Female,36,3,0.0,2,1,0,41295.1,2,PLATINUM,841
648,Spain,Male,32,8,0.0,1,1,0,133653.38,4,SILVER,687
809,Germany,Male,50,10,118098.62,1,1,1,100720.02,4,DIAMOND,833
648,France,Female,38,2,0.0,2,0,1,9551.49,1,SILVER,565
658,Germany,Male,31,2,77082.65,2,0,0,13482.28,4,PLATINUM,620
646,Germany,Male,32,8,105397.8,1,1,0,78111.84,1,PLATINUM,311
602,Germany,Male,35,7,90602.42,2,1,1,51695.41,3,GOLD,764
767,Spain,Male,47,2,0.0,1,1,0,48161.18,3,GOLD,580
470,Spain,Male,34,9,0.0,2,0,1,89013.67,4,DIAMOND,568
628,France,Male,30,8,89182.09,1,1,1,13126.9,3,GOLD,228
557,Spain,Male,36,1,113110.26,1,1,0,98413.1,3,DIAMOND,512
459,Germany,Male,46,7,110356.42,1,1,0,4969.13,1,PLATINUM,997
833,France,Male,30,1,0.0,2,1,0,141860.62,5,DIAMOND,380
543,Germany,Female,25,1,146566.01,1,0,1,161407.48,3,PLATINUM,706
699,France,Male,40,7,0.0,1,0,1,152876.13,3,DIAMOND,497
487,France,Male,37,6,0.0,2,1,1,126477.41,2,SILVER,701
602,France,Male,31,7,155271.83,1,1,1,179446.31,4,GOLD,836
584,France,Male,35,9,0.0,2,1,0,192381.21,3,GOLD,490
563,Spain,Female,46,8,106171.68,1,1,0,163145.5,3,GOLD,672
534,Spain,Male,51,3,0.0,2,0,1,20856.31,5,GOLD,253
850,Spain,Male,30,2,0.0,2,0,1,27937.12,1,PLATINUM,663
713,France,Female,39,10,0.0,2,1,1,126263.97,5,PLATINUM,238
560,France,Female,35,1,0.0,2,1,0,3701.63,5,DIAMOND,901
741,France,Male,38,9,0.0,2,1,0,14379.01,5,GOLD,347
758,France,Female,30,3,141581.08,1,1,0,156249.06,2,SILVER,797
512,France,Female,30,6,0.0,2,1,0,88827.31,2,GOLD,471
528,Spain,Female,32,0,68138.37,1,1,1,170309.19,2,SILVER,871
591,France,Male,35,7,183027.25,1,1,1,56028.79,2,PLATINUM,723
676,Spain,Female,30,5,0.0,2,0,1,157888.5,4,SILVER,608
715,Germany,Female,32,3,104857.19,2,1,0,114149.8,2,PLATINUM,573
584,France,Male,35,3,146311.58,1,1,1,105443.47,1,GOLD,292
508,France,Male,26,7,205962.0,1,1,0,156424.4,1,DIAMOND,954
558,France,Male,38,8,113000.92,1,1,1,152872.39,2,GOLD,784
826,France,Female,30,5,0.0,2,0,1,157397.57,1,SILVER,342
637,France,Female,21,10,125712.2,1,0,0,175072.47,4,PLATINUM,402
456,Spain,Male,32,9,147506.25,1,1,1,135399.21,3,DIAMOND,454
717,France,Female,41,3,135756.96,1,1,1,103706.41,2,SILVER,801
698,Germany,Female,51,2,111018.98,1,1,0,86410.28,4,DIAMOND,751
490,Spain,Female,48,8,155413.06,1,1,0,187921.3,3,GOLD,319
751,Germany,Male,36,5,73194.99,1,1,1,89222.66,3,PLATINUM,301
562,Spain,Male,41,5,165445.04,2,1,0,85787.31,4,GOLD,766
612,France,Male,32,3,121394.42,1,1,0,164081.42,1,PLATINUM,588
594,France,Male,40,9,122417.17,2,0,1,190882.69,5,SILVER,394
684,Germany,Female,63,3,81245.79,1,1,0,69643.31,2,PLATINUM,870
537,Spain,Female,33,7,136082.0,1,1,0,62746.54,3,SILVER,808
499,Germany,Male,36,5,131142.53,2,1,0,174918.46,5,PLATINUM,941
680,France,Female,37,10,123806.28,1,1,0,81776.84,4,GOLD,997
613,Spain,Male,34,3,0.0,1,1,1,41724.72,2,GOLD,474
605,Spain,Female,48,10,150315.92,1,0,1,133486.36,4,GOLD,653
637,Germany,Male,40,9,154309.67,1,1,1,125334.16,3,PLATINUM,659
639,Spain,Male,38,9,130233.14,1,1,1,81861.1,4,PLATINUM,345
509,Spain,Male,38,2,0.0,1,0,0,168460.12,2,GOLD,450
685,France,Male,33,6,0.0,1,1,0,58458.26,4,DIAMOND,993
718,France,Female,39,3,0.0,2,1,1,145355.11,2,PLATINUM,709
679,Spain,Female,40,7,0.0,2,1,1,163757.29,2,GOLD,610
702,Spain,Female,38,2,0.0,1,1,1,161888.63,2,GOLD,364
644,Spain,Male,49,10,0.0,2,1,1,145089.64,4,SILVER,511
655,France,Female,32,2,0.0,1,1,1,71047.51,2,DIAMOND,506
596,Spain,Female,76,9,134208.25,1,1,1,13455.43,5,DIAMOND,374
716,France,Female,44,1,0.0,1,1,1,152108.47,4,GOLD,453
587,Germany,Female,44,5,125584.17,2,1,1,41852.24,5,SILVER,228
602,Germany,Male,32,7,184715.86,2,1,0,113781.99,5,GOLD,879
541,Germany,Male,40,7,95710.11,2,1,0,49063.42,1,PLATINUM,834
482,Germany,Female,48,2,69329.47,1,0,0,102640.52,5,DIAMOND,910
766,Spain,Male,41,6,99208.46,2,1,0,62402.38,4,GOLD,224
684,France,Female,43,7,0.0,2,1,0,131093.99,5,PLATINUM,358
689,Spain,Female,38,6,121021.05,1,1,1,12182.15,3,SILVER,946
512,France,Male,40,5,0.0,2,1,1,146457.83,3,DIAMOND,435
711,France,Female,25,7,0.0,3,1,1,9679.28,3,PLATINUM,865
631,Spain,Male,29,3,0.0,2,1,1,197963.46,3,DIAMOND,463
606,Germany,Male,48,4,132403.56,1,0,0,36091.91,2,SILVER,239
692,France,Male,54,5,0.0,2,1,1,88721.84,3,PLATINUM,552
638,France,Female,36,6,0.0,1,1,0,164247.51,4,DIAMOND,932
508,France,Male,49,7,122451.46,2,1,1,75808.1,3,GOLD,881
509,Spain,Male,41,7,126683.8,1,0,1,114775.53,3,PLATINUM,824
661,France,Female,34,0,0.0,2,1,0,185555.63,5,SILVER,996
576,France,Female,29,5,108541.04,1,1,1,126469.09,5,DIAMOND,843
731,France,Female,30,5,0.0,2,1,0,189528.72,4,SILVER,418
607,Spain,Male,36,8,158261.68,1,1,1,76744.72,5,GOLD,863
606,Germany,Male,65,10,126306.64,3,0,0,7861.68,5,DIAMOND,591
745,France,Male,46,2,122220.19,1,1,1,118024.1,3,DIAMOND,781
732,Spain,Male,54,0,134249.7,1,0,1,13404.4,4,PLATINUM,304
642,France,Male,38,3,0.0,2,0,0,171463.83,2,GOLD,737
586,France,Male,29,3,0.0,2,1,1,142238.54,2,GOLD,1000
540,Germany,Female,42,9,87271.41,2,1,0,172572.64,1,PLATINUM,978
617,Germany,Female,39,5,83348.89,3,1,0,7953.62,3,PLATINUM,994
657,Germany,Female,48,5,143595.87,1,0,0,101314.65,4,PLATINUM,944
702,Germany,Female,23,7,98775.23,1,1,0,114603.96,5,GOLD,291
661,Spain,Male,39,6,132628.98,1,0,0,38812.67,5,DIAMOND,581
735,France,Male,50,2,0.0,2,0,1,147075.69,3,GOLD,863
700,Germany,Male,35,4,95853.39,2,1,0,192933.37,5,GOLD,862
625,France,Female,51,7,136294.97,1,1,0,38867.46,1,PLATINUM,833
641,Germany,Male,35,2,103711.56,1,0,1,192464.21,2,PLATINUM,267
642,Spain,Male,34,8,0.0,1,1,0,72085.1,3,GOLD,323
716,France,Male,31,8,109578.04,2,1,1,51503.51,1,DIAMOND,393
682,Germany,Male,36,5,72373.62,2,1,0,36895.99,2,GOLD,505
756,France,Female,42,9,0.0,2,1,0,35673.42,2,DIAMOND,752
601,France,Male,74,2,0.0,2,0,1,51554.58,5,DIAMOND,564
592,Germany,Male,33,2,156570.86,1,1,1,37140.2,1,PLATINUM,376
550,Germany,Male,35,9,129847.75,2,1,0,197325.4,2,SILVER,921
673,Spain,Female,32,0,0.0,1,1,1,72873.33,4,GOLD,726
611,France,Male,38,7,0.0,1,1,1,63202.0,2,DIAMOND,447
524,France,Male,30,1,0.0,2,1,0,126812.85,3,DIAMOND,706
631,Germany,Male,37,8,138292.64,2,0,0,152422.91,3,DIAMOND,647
555,Spain,Male,27,5,0.0,2,0,0,96398.51,3,GOLD,506
727,Spain,Female,31,0,0.0,1,1,0,121751.04,2,SILVER,274
669,France,Male,46,3,0.0,2,0,1,8487.75,2,SILVER,665
850,France,Male,40,1,76914.21,1,1,0,174183.44,2,DIAMOND,810
626,Germany,Male,27,4,115084.53,2,0,1,26907.43,3,GOLD,258
672,France,Female,34,8,0.0,2,1,1,16245.25,5,SILVER,923
850,France,Female,30,3,0.0,2,1,0,116692.8,5,SILVER,451
645,Spain,Female,55,1,133676.65,1,0,1,17095.49,5,SILVER,557
660,Germany,Female,52,4,86891.84,1,1,0,90877.76,4,DIAMOND,753
458,Germany,Female,28,2,171932.26,2,1,1,9578.24,4,GOLD,582
618,France,Female,21,2,125682.79,1,0,0,57762.0,1,PLATINUM,783
792,Spain,Female,40,7,0.0,1,1,0,141652.2,1,DIAMOND,538
817,France,Female,55,10,117561.49,1,1,0,95941.55,3,GOLD,226
540,Spain,Female,28,6,84121.04,1,0,1,80698.54,3,SILVER,939
645,France,Male,25,0,174400.36,1,1,0,42669.37,5,GOLD,600
648,Spain,Female,31,5,0.0,2,1,1,5199.02,2,DIAMOND,980
743,France,Male,40,8,68155.59,1,1,0,94876.65,1,GOLD,413
529,France,Male,43,6,93616.35,2,0,0,98348.66,5,GOLD,286
669,Germany,Female,42,1,103873.39,1,1,0,148611.52,2,SILVER,964
511,France,Male,45,5,68375.27,1,1,0,193160.25,1,DIAMOND,351
562,Germany,Male,31,2,112708.2,1,0,1,186370.3,5,SILVER,249
605,Spain,Male,41,5,103154.66,1,0,0,143203.78,1,GOLD,380
664,Spain,Male,41,7,123428.69,1,1,1,164924.11,2,PLATINUM,315
534,France,Male,41,9,0.0,2,1,0,13871.34,2,DIAMOND,222
712,France,Female,29,3,87375.78,2,0,0,166194.53,2,SILVER,584
781,France,Male,38,2,117810.79,1,0,1,65632.33,3,SILVER,399
605,France,Male,41,10,0.0,2,0,1,97213.09,5,DIAMOND,411
487,France,Male,24,7,133628.09,2,1,1,98570.01,4,GOLD,223
634,Germany,Female,31,8,76798.92,1,0,0,196021.73,4,DIAMOND,373
563,France,Male,22,3,137583.04,1,0,1,5791.85,2,SILVER,628
685,Germany,Female,44,2,119657.53,1,1,0,145387.05,4,DIAMOND,646
628,France,Female,31,5,0.0,1,0,0,147963.07,1,DIAMOND,404
797,Germany,Male,32,1,151922.94,1,1,0,8877.06,2,GOLD,848
567,Spain,Male,43,2,115643.58,2,0,0,174606.35,2,DIAMOND,754
654,Germany,Male,37,5,112146.12,1,1,0,75927.35,3,GOLD,705
779,France,Male,27,1,0.0,2,1,1,190623.02,1,SILVER,620
557,Germany,Female,38,2,129893.56,1,0,0,102076.03,2,PLATINUM,823
632,Spain,Female,29,7,80922.75,1,1,0,7820.78,2,SILVER,434
650,France,Male,37,9,0.0,2,1,0,17974.08,2,SILVER,994
620,Spain,Male,36,7,169312.72,1,1,0,45414.09,3,DIAMOND,579
596,Spain,Female,29,6,0.0,2,1,0,116696.77,2,SILVER,447
656,France,Male,38,10,0.0,1,1,1,136521.82,1,SILVER,894
782,Germany,Male,42,7,126428.38,1,1,0,39830.1,1,GOLD,367
514,France,Female,46,3,106511.85,1,1,0,55072.32,5,GOLD,478
730,France,Female,47,7,0.0,1,1,0,33373.26,2,PLATINUM,504
619,Germany,Female,31,2,56116.3,2,0,0,2181.94,2,GOLD,972
597,France,Female,29,1,132144.35,1,1,0,158086.33,1,DIAMOND,718
600,France,Female,38,9,0.0,2,1,1,58855.85,5,PLATINUM,700
510,France,Male,32,9,103324.78,1,1,1,46127.7,3,GOLD,244
848,Spain,Male,22,7,120811.89,1,1,1,185510.34,5,GOLD,295
643,France,Male,45,5,0.0,1,1,0,142513.5,3,GOLD,730
645,Germany,Female,37,2,136925.09,2,0,1,153400.24,3,PLATINUM,739
735,Spain,Male,38,7,86131.71,2,0,0,93478.96,5,PLATINUM,692
656,Spain,Male,47,1,0.0,2,1,1,197961.93,5,SILVER,402
580,France,Female,65,9,106804.26,3,1,0,107890.69,3,GOLD,950
648,Germany,Male,34,3,95039.73,2,1,1,147055.87,3,DIAMOND,681
741,France,Female,44,7,0.0,2,1,1,190534.76,4,PLATINUM,843
611,Germany,Female,36,10,103294.56,1,1,0,160548.12,4,PLATINUM,296
737,France,Male,43,0,80090.93,1,1,0,39920.0,5,SILVER,394
654,Spain,Male,34,5,0.0,2,1,0,159311.46,3,PLATINUM,527
805,Germany,Female,33,3,105663.56,2,0,1,33330.89,3,SILVER,709
763,France,Male,67,1,149436.73,2,0,1,106282.74,3,GOLD,340
757,Germany,Male,33,1,122088.67,1,1,0,42581.09,2,DIAMOND,419
544,France,Female,29,1,118560.55,1,1,1,164137.36,3,GOLD,796
624,France,Male,37,0,0.0,2,0,0,112104.55,5,GOLD,925
586,Spain,Female,57,3,0.0,2,0,1,6057.81,4,PLATINUM,839
640,France,Female,33,1,167298.42,1,0,1,145381.65,1,SILVER,892
666,France,Male,51,2,148222.65,1,0,0,156953.54,2,DIAMOND,595
707,France,Female,40,5,0.0,2,1,0,41052.82,2,DIAMOND,763
683,France,Male,43,2,112499.42,2,1,0,30375.18,1,SILVER,469
730,Spain,Male,62,5,112181.08,1,0,1,61513.87,4,DIAMOND,916
678,France,Female,22,4,174852.89,1,1,1,28149.06,3,PLATINUM,333
558,France,Male,32,5,73494.21,1,0,0,136301.1,3,DIAMOND,655
610,France,Male,41,6,0.0,3,0,0,56118.81,2,PLATINUM,813
720,France,Male,44,3,86102.27,1,1,0,180134.88,2,DIAMOND,481
733,Spain,Male,35,8,102918.38,1,1,1,45959.86,5,PLATINUM,899
753,France,Male,92,3,121513.31,1,0,1,195563.99,3,PLATINUM,307
526,Germany,Male,58,9,190298.89,2,1,1,191263.76,1,DIAMOND,889
603,Spain,Male,24,1,165149.13,2,1,0,21858.28,1,PLATINUM,872
680,France,Male,44,7,108724.98,1,0,1,72330.46,4,GOLD,973
667,Spain,Male,56,2,168883.08,1,0,1,18897.78,2,PLATINUM,321
612,Spain,Male,33,5,69478.57,1,1,0,8973.67,1,PLATINUM,836
614,Spain,Male,36,5,0.0,2,1,0,130610.78,1,GOLD,877
519,Germany,Female,21,1,151701.45,3,1,1,170138.68,1,SILVER,623
518,Germany,Male,29,9,125961.74,2,1,0,160303.08,3,DIAMOND,586
603,France,Male,45,9,0.0,1,0,0,148516.79,5,PLATINUM,593
670,Germany,Female,35,2,79585.96,1,0,1,198802.9,1,PLATINUM,817
729,Spain,Female,34,9,53299.96,2,1,1,42855.97,3,PLATINUM,929
587,Germany,Male,35,5,121863.61,1,1,1,23481.69,2,DIAMOND,260
535,France,Male,30,6,103804.97,1,1,1,125710.53,3,PLATINUM,553
638,France,Female,42,7,165679.92,1,0,0,32916.29,3,GOLD,717
701,Spain,Male,35,10,159693.9,2,1,1,71173.64,3,DIAMOND,752
697,Germany,Female,74,3,108071.36,2,1,1,16445.79,3,DIAMOND,525
589,France,Male,38,2,0.0,1,1,0,79915.28,2,SILVER,985
850,France,Male,31,1,96399.31,2,1,0,106534.15,5,PLATINUM,318
636,Germany,Female,31,9,80844.69,2,1,1,74641.9,4,SILVER,379
581,Germany,Male,31,6,116891.72,1,1,0,107137.3,2,SILVER,258
650,France,Male,34,4,106005.54,1,0,1,142995.32,4,PLATINUM,387
653,France,Male,44,8,0.0,2,1,1,154639.72,3,PLATINUM,382
700,Spain,Female,46,5,56580.95,2,0,1,45424.13,2,SILVER,868
602,France,Female,35,8,0.0,2,1,1,152843.53,2,PLATINUM,677
721,France,Male,42,4,102936.72,1,0,0,1187.88,2,DIAMOND,791
850,Spain,Male,51,3,109799.55,2,1,1,12457.76,3,PLATINUM,974
689,France,Male,34,1,165312.27,1,1,0,155495.63,3,DIAMOND,326
625,Germany,Male,56,0,148507.24,1,1,0,46824.08,3,PLATINUM,410
613,Germany,Female,20,0,117356.19,1,0,0,113557.7,4,DIAMOND,637
508,Germany,Female,41,5,82161.7,2,1,0,187776.49,1,DIAMOND,231
638,France,Female,32,0,0.0,2,1,0,160129.99,2,SILVER,530
577,Spain,Female,44,8,115557.0,1,0,1,127506.76,1,DIAMOND,336
538,Germany,Female,42,4,80380.24,1,1,0,119216.46,1,DIAMOND,374
683,France,Male,25,4,0.0,2,1,0,152698.24,3,PLATINUM,637
637,Germany,Female,55,1,123378.2,1,1,0,81431.99,3,DIAMOND,525
573,Germany,Male,31,0,134644.19,1,1,1,70381.49,5,SILVER,603
676,France,Male,29,7,131959.86,1,0,0,189268.81,2,SILVER,304
593,France,Female,46,7,98752.51,1,1,0,145560.38,3,SILVER,442
648,Spain,Female,28,9,102282.61,1,1,1,157891.11,1,DIAMOND,472
661,Spain,Female,28,7,95357.49,1,0,0,102297.15,5,GOLD,508
690,France,Female,26,5,157624.84,1,1,1,49599.27,5,DIAMOND,881
571,France,Female,42,4,108825.34,3,1,0,55558.51,1,DIAMOND,866
699,France,Male,34,2,117468.67,1,1,0,185227.42,5,GOLD,825
472,France,Male,19,9,0.0,2,1,0,3453.4,5,PLATINUM,745
692,Germany,Male,45,6,142084.04,4,1,0,188305.85,5,DIAMOND,322
569,Spain,Male,41,2,0.0,2,1,0,134272.57,5,SILVER,991
631,Germany,Female,32,2,146810.99,2,1,1,180990.29,1,GOLD,378
776,France,Female,29,5,0.0,2,1,1,143301.49,1,GOLD,580
726,France,Female,24,6,0.0,2,1,1,54724.03,4,GOLD,477
850,Germany,Male,61,3,141784.02,1,1,1,92053.75,1,SILVER,781
750,France,Male,38,5,151532.4,1,1,1,46555.15,2,SILVER,377
479,France,Male,47,1,0.0,1,1,0,95270.83,4,DIAMOND,782
610,Spain,Male,29,9,0.0,3,0,1,83912.24,5,SILVER,691
624,Germany,Female,52,0,133723.43,1,0,0,4859.59,5,SILVER,500
681,France,Male,46,0,105969.42,1,1,0,5771.56,4,GOLD,386
631,France,Male,29,7,0.0,2,0,1,125877.22,3,DIAMOND,617
723,Spain,Male,30,1,0.0,3,1,0,164647.72,3,SILVER,421
719,France,Female,22,7,114415.84,1,1,1,177497.4,2,GOLD,739
721,France,Male,46,1,115764.32,2,0,0,102950.79,3,DIAMOND,804
434,Spain,Male,33,3,0.0,1,1,1,2739.71,5,PLATINUM,556
605,Germany,Female,43,8,125338.8,2,1,0,23970.13,2,SILVER,998
656,Spain,Male,69,6,163975.09,1,1,1,36108.5,3,SILVER,836
709,Spain,Female,35,1,111827.27,2,1,0,12674.68,3,DIAMOND,716
605,France,Male,52,1,63349.75,1,1,0,108887.44,2,DIAMOND,437
516,France,Female,46,6,62212.29,1,0,1,171681.86,2,GOLD,937
630,Spain,Female,31,1,0.0,2,1,1,169802.73,4,PLATINUM,402
850,France,Female,34,2,0.0,2,1,1,171706.66,4,SILVER,589
602,France,Female,25,0,0.0,2,1,1,101274.17,1,PLATINUM,502
530,Germany,Female,42,0,99948.45,1,0,1,97338.62,4,DIAMOND,478
401,Germany,Male,48,8,128140.17,1,1,0,175753.55,2,GOLD,382
701,France,Female,41,2,0.0,1,1,0,47856.78,4,GOLD,916
677,France,Female,24,0,148298.59,2,0,0,182913.95,5,SILVER,339
615,Spain,Female,41,9,109013.23,1,1,0,196499.96,1,PLATINUM,561
734,Spain,Female,37,2,130404.92,1,0,0,34548.74,2,DIAMOND,434
633,Germany,Male,58,2,128137.42,2,1,0,147635.33,4,PLATINUM,681
606,Spain,Male,30,8,180307.73,2,1,1,1914.41,3,SILVER,567
684,Spain,Male,24,8,143582.89,1,1,1,22527.27,4,GOLD,559
809,France,Female,24,4,0.0,2,1,0,193518.76,1,GOLD,507
520,Germany,Female,31,3,108914.17,1,1,1,183572.39,3,SILVER,560
621,Spain,Male,53,9,170491.84,1,1,0,35588.07,3,PLATINUM,777
850,Spain,Male,71,10,69608.14,1,1,0,97893.4,2,SILVER,786
846,France,Female,34,10,142388.61,2,0,1,68393.64,5,SILVER,451
490,France,Female,40,1,0.0,1,1,1,49594.19,2,DIAMOND,229
684,Germany,Male,37,1,126817.13,2,1,1,29995.83,1,GOLD,511
486,Germany,Male,37,9,115217.99,2,1,0,144995.33,1,GOLD,882
740,France,Male,36,7,0.0,1,1,1,13177.4,5,SILVER,466
547,France,Female,48,1,179380.74,2,0,1,69263.1,3,DIAMOND,672
759,Spain,Female,35,7,147936.42,1,1,1,106785.7,4,SILVER,312
660,France,Male,35,7,0.0,2,1,0,13218.6,5,GOLD,759
667,Germany,Female,42,10,64404.26,2,0,0,26022.37,5,DIAMOND,577
502,Germany,Male,33,5,174673.65,2,1,0,33300.56,5,DIAMOND,419
551,Germany,Male,50,1,121399.98,1,0,1,84508.44,2,DIAMOND,713
643,Spain,Male,34,3,83132.09,1,1,1,21360.88,2,DIAMOND,893
540,Spain,Male,37,0,120825.7,1,1,0,28257.89,2,GOLD,540
690,Spain,Male,36,10,0.0,2,1,0,55902.93,2,GOLD,876
532,France,Male,43,9,0.0,2,0,0,190573.91,3,PLATINUM,559
619,Spain,Male,38,3,96143.47,1,0,0,98994.92,3,DIAMOND,759
616,Spain,Female,44,7,193213.02,2,1,1,137392.77,1,GOLD,364
734,Spain,Female,39,3,92636.96,2,1,1,125671.29,2,SILVER,659
708,Germany,Female,42,8,192390.52,2,1,0,823.36,2,SILVER,307
647,Germany,Male,51,4,131156.76,1,1,0,29883.63,3,GOLD,531
521,Spain,Female,34,7,70731.07,1,1,1,20243.97,2,GOLD,773
504,Germany,Male,56,9,104217.3,1,0,0,55857.48,4,GOLD,359
790,Spain,Male,20,8,0.0,2,1,0,168152.76,5,GOLD,425
681,France,Male,59,4,122781.51,1,0,1,140166.95,2,DIAMOND,401
732,Germany,Female,61,9,94867.18,2,1,1,157527.6,3,GOLD,507
739,Spain,Female,27,8,98926.4,1,1,1,106969.98,2,GOLD,474
792,Germany,Female,59,9,101609.77,1,0,0,161479.19,5,DIAMOND,779
709,France,Male,38,5,0.0,2,1,1,81452.29,1,DIAMOND,649
655,Spain,Female,56,5,0.0,2,1,1,41782.7,2,PLATINUM,979
602,France,Male,34,5,0.0,2,1,1,77414.45,2,DIAMOND,743
655,Spain,Female,28,3,113811.85,2,0,1,76844.23,5,PLATINUM,890
547,Germany,Male,41,3,151191.31,1,1,0,175295.89,2,SILVER,945
595,Germany,Male,32,8,131081.66,2,1,1,69428.79,1,GOLD,972
621,France,Male,32,1,0.0,2,1,1,168779.47,5,GOLD,781
736,Germany,Female,36,8,103914.17,1,1,1,110035.88,4,GOLD,666
432,France,Male,42,9,152603.45,1,1,0,110265.24,3,DIAMOND,437
657,France,Female,41,5,95858.37,1,1,1,68255.88,2,DIAMOND,529
666,Germany,Female,36,3,129118.5,2,0,0,139435.12,1,DIAMOND,940
523,Spain,Male,34,7,0.0,2,1,0,62030.06,4,DIAMOND,566
691,France,Male,30,9,0.0,1,1,0,49594.02,1,GOLD,789
427,Germany,Male,42,1,75681.52,1,1,1,57098.0,5,SILVER,418
569,Spain,Male,35,3,116969.35,1,0,0,94488.82,1,GOLD,413
815,Spain,Male,28,6,0.0,2,0,1,185547.71,2,SILVER,276
850,Germany,Male,29,1,154640.41,1,1,1,164039.51,4,DIAMOND,838
577,France,Female,46,1,0.0,1,1,1,158750.53,4,SILVER,800
705,Germany,Male,41,4,72252.64,2,1,1,142514.66,2,GOLD,710
575,France,Male,40,5,0.0,2,1,1,122488.59,3,PLATINUM,251
717,France,Female,36,5,0.0,2,1,1,145551.6,5,SILVER,412
731,France,Male,33,4,0.0,2,1,1,74945.11,3,GOLD,383
776,France,Female,31,5,0.0,2,1,0,92647.94,2,DIAMOND,597
516,Spain,Male,50,5,0.0,1,0,1,146145.93,5,GOLD,509
562,Germany,Female,31,9,117153.0,1,1,1,108675.01,4,PLATINUM,759
709,France,Male,37,7,0.0,1,1,0,159486.76,5,SILVER,981
529,France,Female,31,7,0.0,2,1,1,175697.87,3,SILVER,578
704,France,Female,40,6,95452.89,1,0,1,179964.55,1,PLATINUM,701
466,France,Female,36,5,119540.15,1,0,1,80603.99,1,PLATINUM,513
631,Spain,Male,23,3,0.0,2,1,0,13813.24,4,GOLD,234
725,France,Male,31,8,0.0,2,1,1,59650.42,5,DIAMOND,594
655,Spain,Female,36,1,135515.76,1,1,0,86013.96,4,DIAMOND,779
811,France,Male,31,7,117799.28,1,1,1,182372.35,4,SILVER,885
641,France,Male,65,6,38340.02,1,1,0,32607.77,3,DIAMOND,537
548,France,Female,36,3,0.0,1,1,0,65996.9,5,SILVER,409
665,Spain,Male,41,8,0.0,2,1,0,132152.32,2,GOLD,251
703,France,Male,36,2,0.0,2,1,0,108790.95,2,SILVER,433
759,France,Male,41,9,0.0,2,0,1,190294.12,4,GOLD,498
621,Spain,Male,50,3,163085.79,1,0,1,131048.36,5,PLATINUM,710
773,Germany,Female,42,8,152324.66,2,1,0,171733.22,4,GOLD,628
711,France,Male,64,4,0.0,2,1,1,3185.67,1,GOLD,949
792,France,Female,42,0,99045.93,2,1,0,47160.01,3,GOLD,758
699,Germany,Female,41,1,200117.76,2,1,0,94142.35,2,SILVER,706
726,France,Male,31,9,0.0,2,1,1,106117.3,3,GOLD,624
668,France,Male,72,2,0.0,2,1,1,70783.61,5,DIAMOND,658
520,Spain,Female,63,5,162278.32,1,1,1,34765.33,5,SILVER,998
798,France,Female,60,6,96956.1,1,1,0,31907.44,1,SILVER,703
709,Spain,Female,37,8,0.0,3,1,0,71738.56,5,PLATINUM,277
502,Germany,Female,42,0,132002.7,1,0,1,28204.98,3,SILVER,403
780,France,Male,34,1,0.0,1,1,1,64804.04,1,PLATINUM,885
605,Spain,Female,57,2,0.0,3,1,0,66652.75,3,PLATINUM,502
560,Spain,Female,27,7,124995.98,1,1,1,114669.79,5,SILVER,457
765,France,Male,51,3,123372.3,1,1,1,115429.32,4,SILVER,259
694,Spain,Male,39,0,107042.74,1,1,1,102284.2,4,PLATINUM,297
622,Germany,Female,52,9,111973.97,1,1,1,162756.29,2,GOLD,918
623,France,Male,28,7,0.0,1,0,0,129526.57,4,SILVER,223
629,France,Male,39,2,129669.32,2,1,0,82774.07,4,DIAMOND,716
490,France,Female,37,3,116465.53,1,0,1,24435.77,5,SILVER,645
650,Germany,Female,45,9,152367.21,3,1,0,150835.21,3,PLATINUM,760
599,France,Male,34,8,0.0,2,1,1,174196.68,4,GOLD,524
559,France,Male,45,8,24043.45,1,0,1,169781.45,5,DIAMOND,851
770,France,Female,33,4,0.0,1,1,0,26080.54,4,DIAMOND,577
491,France,Male,33,5,83134.3,1,1,0,187946.55,1,PLATINUM,686
637,Germany,Female,46,2,143500.82,1,1,0,166996.46,2,DIAMOND,372
802,France,Female,39,7,120145.96,2,0,1,59497.01,5,GOLD,327
590,France,Female,60,6,147751.75,1,1,0,88206.04,3,SILVER,289
540,France,Female,40,3,165298.12,1,0,1,199862.75,4,GOLD,656
556,Spain,Male,38,8,0.0,2,0,0,417.41,3,GOLD,632
630,Spain,Male,41,7,107511.52,1,0,1,46156.87,5,SILVER,419
512,France,Female,31,7,0.0,2,0,0,49326.07,2,SILVER,538
446,France,Female,51,4,105056.13,1,0,0,70613.52,2,DIAMOND,731
725,Germany,Male,45,8,116917.07,1,0,0,173464.43,5,GOLD,489
671,Germany,Female,47,7,114603.76,2,1,0,153194.32,4,SILVER,499
601,France,Male,38,4,60013.81,1,1,1,38020.05,3,SILVER,895
737,France,Male,45,10,0.0,2,1,0,1364.54,5,GOLD,531
659,Spain,Male,60,2,0.0,1,1,0,177480.45,2,GOLD,365
602,France,Male,32,10,0.0,2,1,1,116052.92,3,PLATINUM,592
485,France,Male,41,2,100254.76,2,1,1,12706.67,5,PLATINUM,849
749,Germany,Male,47,9,110022.74,1,0,1,135655.29,3,GOLD,634
668,Germany,Female,37,6,167864.4,1,1,0,115638.29,4,SILVER,529
597,Spain,Female,26,7,0.0,2,1,0,110253.2,4,SILVER,235
714,France,Male,35,3,0.0,2,1,1,95623.28,2,PLATINUM,253
695,Spain,Female,31,8,0.0,2,0,1,131644.41,5,DIAMOND,941
551,Spain,Male,76,2,128410.71,2,1,1,181718.73,1,SILVER,716
645,Germany,Female,31,1,128927.93,1,1,1,2850.01,4,PLATINUM,847
664,France,Male,40,7,125608.72,1,1,0,122073.48,2,PLATINUM,458
724,Germany,Female,53,1,139687.66,2,1,1,12913.92,2,DIAMOND,371
551,France,Male,42,1,50194.59,1,1,1,23399.58,1,PLATINUM,621
646,France,Male,36,6,124445.52,1,1,0,88481.32,2,SILVER,621
724,Germany,Male,36,6,94615.11,2,1,1,10627.21,3,GOLD,607
644,France,Male,31,5,0.0,2,1,1,41872.17,4,GOLD,782
636,France,Female,38,1,0.0,1,1,0,45015.38,3,DIAMOND,360
628,Germany,Female,30,9,132351.29,2,1,1,74169.13,2,GOLD,736
718,France,Female,41,1,0.0,2,0,1,27509.52,4,PLATINUM,982
635,France,Female,33,5,0.0,2,1,0,122949.71,5,DIAMOND,977
645,France,Male,42,6,0.0,1,0,0,149807.01,1,GOLD,750
747,Germany,Male,37,9,135776.36,3,1,0,85470.45,4,PLATINUM,965
771,France,Male,32,5,62321.62,1,1,1,40920.59,5,DIAMOND,626
786,France,Female,62,8,0.0,1,1,1,165702.64,2,SILVER,765
598,Spain,Male,44,8,0.0,2,1,0,148487.9,4,SILVER,909
712,France,Female,27,2,133009.51,1,1,0,126809.15,5,PLATINUM,584
500,Spain,Female,47,8,128486.11,1,1,0,179227.12,4,SILVER,641
738,Spain,Male,35,3,0.0,1,1,1,15650.73,2,DIAMOND,766
601,France,Female,38,0,0.0,2,1,0,165196.65,4,PLATINUM,657
679,Germany,Female,30,4,77949.69,1,1,1,121151.46,4,SILVER,791
736,France,Male,43,4,202443.47,1,1,0,72375.03,4,GOLD,494
673,France,Male,37,4,0.0,2,0,0,163563.07,3,DIAMOND,333
672,France,Female,43,4,92599.55,2,1,1,167336.78,4,GOLD,274
558,Germany,Male,41,2,124227.14,1,1,1,111184.67,3,SILVER,476
667,Spain,Female,39,2,0.0,2,1,0,40721.24,5,PLATINUM,308
483,France,Male,27,1,77805.66,1,1,1,2101.89,2,PLATINUM,279
552,France,Male,29,10,0.0,2,1,0,12186.83,3,DIAMOND,333
534,France,Male,29,7,174851.9,1,1,1,79178.31,1,DIAMOND,342
688,France,Female,54,9,0.0,1,1,0,191212.63,5,GOLD,746
513,France,Male,40,3,141004.46,1,1,0,105028.46,3,SILVER,904
582,Germany,Female,40,3,110150.43,1,1,1,191757.65,1,GOLD,686
617,France,Male,74,10,0.0,2,1,1,53949.98,3,SILVER,957
792,Spain,Male,36,5,92140.15,1,0,1,67468.67,3,SILVER,328
793,France,Male,32,2,0.0,2,1,0,193817.63,2,DIAMOND,442
528,Spain,Male,23,7,104744.89,1,1,0,170262.97,5,GOLD,517
666,Germany,Male,33,2,124125.26,1,1,0,81884.8,4,SILVER,459
560,Spain,Female,26,3,116576.45,1,1,0,157567.37,4,PLATINUM,440
562,France,Male,42,2,100238.35,1,0,0,86797.41,5,PLATINUM,709
667,France,Male,36,9,0.0,2,1,1,40062.29,4,SILVER,472
611,France,Male,64,9,0.0,2,1,1,53277.15,3,GOLD,483
542,Spain,Male,43,6,113567.94,1,1,0,89543.25,5,SILVER,237
711,Germany,Male,34,4,133467.77,2,1,1,42976.64,5,DIAMOND,267
650,France,Male,37,5,106967.18,1,0,0,24495.03,5,PLATINUM,652
702,Spain,Female,26,4,135219.57,1,0,1,59747.63,4,DIAMOND,267
430,Germany,Female,38,8,153058.64,1,1,0,99377.27,2,SILVER,393
628,Spain,Male,40,10,0.0,2,1,0,103832.58,2,SILVER,401
564,Germany,Female,33,2,115761.51,1,0,1,112350.21,2,PLATINUM,792
675,Spain,Male,35,8,0.0,2,1,0,29062.25,2,PLATINUM,329
684,Spain,Male,34,9,100628.0,2,1,1,190263.78,2,PLATINUM,451
650,France,Female,31,1,160566.11,2,0,0,27073.81,1,DIAMOND,404
442,France,Male,34,4,0.0,2,1,0,68343.08,5,DIAMOND,529
784,France,Male,38,5,136712.91,1,0,1,169920.92,4,GOLD,707
677,France,Female,72,8,0.0,2,1,1,153604.44,2,PLATINUM,341
527,Germany,Female,41,10,136733.24,1,1,1,57589.29,4,DIAMOND,661
652,Germany,Male,27,2,166527.88,2,0,1,146007.7,1,SILVER,917
521,France,Male,27,4,121325.84,1,1,1,164223.7,3,PLATINUM,575
761,Germany,Male,62,5,98854.34,1,0,0,86920.97,3,DIAMOND,327
634,Germany,Male,27,3,107027.52,1,1,0,173425.68,1,PLATINUM,610
579,Germany,Male,49,4,169377.31,1,1,1,123535.05,1,PLATINUM,650
699,Spain,Male,34,8,0.0,1,1,1,76510.46,2,PLATINUM,403
562,France,Male,75,5,87140.85,1,1,1,39351.64,4,GOLD,389
595,France,Male,31,4,0.0,2,1,0,189995.86,2,PLATINUM,511
546,France,Female,52,2,0.0,1,1,0,137332.37,4,SILVER,325
521,France,Male,37,2,0.0,2,1,1,86372.24,5,SILVER,942
694,France,Male,60,9,0.0,1,1,1,57088.97,4,GOLD,647
689,Germany,Male,33,2,161814.64,2,1,0,169381.9,3,PLATINUM,292
715,France,Male,28,7,160376.61,1,0,0,196853.11,5,DIAMOND,987
487,France,Female,53,10,89550.85,1,0,1,90076.85,3,SILVER,575
548,France,Female,28,8,116755.5,2,1,1,158585.17,1,GOLD,519
715,France,Female,38,0,0.0,2,1,1,332.81,2,DIAMOND,493
468,Spain,Male,28,3,0.0,2,1,0,170661.02,2,GOLD,306
614,Germany,Female,31,7,120599.38,2,1,1,46163.44,3,DIAMOND,906
696,France,Male,44,8,161889.79,1,0,0,75562.47,4,GOLD,786
604,France,Male,33,3,0.0,1,1,0,42171.13,1,PLATINUM,756
585,France,Female,35,2,0.0,2,1,0,98621.04,2,DIAMOND,622
619,France,Female,40,10,0.0,1,1,1,147093.84,3,DIAMOND,298
582,Spain,Male,33,6,0.0,2,0,1,72970.93,4,DIAMOND,475
703,France,Male,44,6,98862.54,1,1,0,151516.7,4,PLATINUM,407
673,France,Male,30,1,64097.75,1,1,1,77783.35,5,DIAMOND,936
845,Spain,Female,52,0,0.0,1,1,0,31726.76,4,DIAMOND,408
561,France,Male,28,7,0.0,2,1,0,7797.01,5,PLATINUM,933
680,France,Male,23,5,140007.19,1,0,1,31714.08,3,GOLD,808
757,Germany,Female,43,5,131433.33,2,1,1,3497.43,1,GOLD,468
797,France,Female,55,10,0.0,4,1,1,49418.87,1,GOLD,248
681,France,Female,29,2,148143.84,1,1,1,52021.39,5,SILVER,394
793,Spain,Male,25,3,100913.57,1,0,0,10579.72,5,SILVER,793
733,Spain,Female,38,5,0.0,2,1,1,1271.51,2,PLATINUM,770
643,Spain,Male,43,1,0.0,2,1,1,145764.4,5,GOLD,307
671,Spain,Female,34,10,0.0,1,1,0,23235.38,5,SILVER,991
719,France,Male,32,9,146605.27,1,1,1,77119.45,2,GOLD,603
531,France,Female,37,1,0.0,1,1,0,4606.97,1,GOLD,427
783,Spain,Female,59,9,126224.87,1,1,1,4423.63,2,DIAMOND,841
523,France,Male,39,3,0.0,2,1,0,6726.53,1,PLATINUM,907
689,Spain,Female,31,4,0.0,2,1,1,136610.02,5,PLATINUM,840
805,Germany,Male,50,9,130023.38,1,1,0,62989.82,2,GOLD,246
624,France,Male,80,3,0.0,1,1,1,65801.44,1,PLATINUM,387
638,Spain,Female,55,2,155828.22,1,0,1,108987.25,2,SILVER,381
692,Spain,Male,46,2,0.0,2,1,1,105983.09,1,PLATINUM,345
727,Germany,Male,45,6,114422.85,2,1,1,104678.78,5,PLATINUM,346
573,France,Female,26,4,129109.02,1,0,0,149814.68,4,PLATINUM,743
585,France,Female,30,6,0.0,2,1,1,137757.69,5,PLATINUM,874
674,Germany,Female,44,4,131593.85,1,0,1,171345.02,2,GOLD,558
579,Germany,Male,31,2,90547.48,2,1,1,18800.13,1,GOLD,304
470,France,Male,35,1,96473.59,1,0,0,5962.3,5,SILVER,752
794,France,Female,62,9,123681.32,3,1,0,173586.63,5,SILVER,247
623,France,Female,37,4,140211.88,1,1,1,93832.33,3,PLATINUM,271
619,Germany,Female,42,8,132796.04,3,1,1,191821.35,5,SILVER,845
550,France,Male,44,9,0.0,2,1,0,26257.01,4,SILVER,296
625,Germany,Female,55,8,118772.71,4,0,0,135853.62,1,PLATINUM,532
539,Spain,Male,38,6,0.0,1,1,1,152880.07,3,SILVER,219
652,Germany,Female,47,0,126597.89,2,1,1,38798.79,1,PLATINUM,696
779,France,Male,62,10,119096.55,1,0,1,116977.89,1,GOLD,644
571,Spain,Female,31,3,0.0,2,1,1,194667.92,2,PLATINUM,492
656,Germany,Female,27,3,150905.03,2,1,0,16998.72,4,GOLD,839
527,France,Male,32,0,0.0,1,1,0,109523.88,3,SILVER,987
577,France,Male,36,3,121092.47,2,0,1,143783.46,4,PLATINUM,702
695,Spain,Male,46,3,122549.64,1,1,1,56297.85,3,SILVER,520
715,Germany,Female,34,9,102277.52,1,0,0,177852.57,2,SILVER,338
525,Spain,Male,33,5,0.0,2,1,0,161002.29,1,GOLD,780
665,France,Male,28,8,191402.82,2,1,0,83238.4,4,SILVER,320
620,Germany,Female,25,1,137712.01,1,1,1,76197.05,5,GOLD,631
553,Spain,Male,47,3,116528.15,1,0,0,145704.19,2,DIAMOND,918
617,France,Female,35,5,0.0,2,0,1,13066.3,4,PLATINUM,882
559,Germany,Female,36,1,104356.94,2,0,1,54184.06,5,GOLD,969
670,France,Male,33,6,88294.6,1,1,0,66979.06,4,PLATINUM,222
479,France,Male,40,1,0.0,2,0,0,114996.43,3,SILVER,909
850,France,Male,41,3,0.0,2,1,0,128892.36,3,SILVER,775
731,France,Male,31,1,132512.26,1,1,1,185466.85,3,SILVER,960
809,Germany,Female,42,6,64497.94,3,0,1,182436.81,5,PLATINUM,883
567,France,Male,59,3,0.0,2,1,0,25843.7,2,SILVER,947
449,France,Male,52,6,0.0,2,0,1,123622.0,3,PLATINUM,995
818,France,Male,36,4,0.0,2,1,1,8037.03,2,GOLD,266
628,Germany,Female,61,1,97361.66,1,1,1,149922.38,5,GOLD,657
601,Germany,Female,26,7,105514.69,2,1,0,50070.59,5,GOLD,525
590,Spain,Female,34,6,0.0,2,1,0,171021.44,4,PLATINUM,360
715,France,Male,40,7,0.0,1,1,1,141359.11,5,GOLD,776
687,France,Male,35,9,0.0,2,0,1,73133.82,5,PLATINUM,900
678,Spain,Female,49,8,0.0,2,0,1,98090.69,3,DIAMOND,401
719,Spain,Male,35,3,122964.88,1,1,1,138231.7,4,DIAMOND,411
469,Spain,Female,31,6,0.0,1,1,0,146213.75,3,DIAMOND,219
650,Spain,Female,25,3,86605.5,3,1,0,16649.31,2,GOLD,653
615,France,Female,35,2,97440.02,2,1,1,139816.1,3,SILVER,287
528,Germany,Male,32,2,99092.45,1,0,1,111149.98,5,PLATINUM,859
701,Germany,Male,32,5,102500.34,1,0,0,106287.77,5,PLATINUM,763
717,France,Female,28,1,90537.16,1,0,1,74800.99,3,GOLD,448
655,Germany,Female,36,10,122314.39,1,1,0,9181.66,4,PLATINUM,517
620,Spain,Male,21,9,0.0,2,0,0,154882.79,4,SILVER,400
537,Spain,Male,30,1,103138.17,1,1,1,96555.42,4,SILVER,498
819,France,Male,38,9,122334.26,2,1,1,181507.44,1,SILVER,586
617,France,Female,35,2,104508.1,1,1,1,147636.46,5,PLATINUM,757
593,France,Male,31,9,0.0,2,0,1,20492.16,2,DIAMOND,568
613,Germany,Female,45,9,142765.24,2,1,0,34749.65,3,SILVER,647
628,France,Female,46,1,46870.43,4,1,0,31272.14,1,DIAMOND,826
607,Germany,Male,36,8,143421.74,1,1,0,97879.02,1,SILVER,641
545,Spain,Female,33,7,173331.52,1,1,0,150452.88,4,DIAMOND,716
624,Germany,Female,35,0,180303.24,2,1,0,163587.9,5,DIAMOND,501
613,Germany,Male,33,3,155736.42,2,1,1,57751.21,4,PLATINUM,633
760,France,Male,37,7,0.0,1,0,0,32863.24,3,DIAMOND,546
609,France,Female,53,6,0.0,2,1,1,124218.27,3,GOLD,645
568,Germany,Male,26,1,112930.28,2,1,0,22095.73,5,GOLD,438
746,Spain,Male,36,2,0.0,2,1,1,16436.56,5,DIAMOND,718
625,France,Female,58,10,53772.73,1,1,1,192072.1,5,SILVER,428
725,France,Male,39,4,160652.45,2,1,0,57643.55,1,GOLD,571
599,France,Male,58,4,0.0,1,0,0,176407.15,2,GOLD,818
744,France,Male,36,10,0.0,2,1,1,182867.84,5,SILVER,632
633,France,Female,26,8,124281.84,1,1,1,60116.57,3,DIAMOND,663
718,France,Female,25,7,0.0,2,1,0,30380.12,2,PLATINUM,237
579,Spain,Male,37,5,152212.88,2,0,0,120219.14,3,SILVER,299
687,Spain,Female,36,5,0.0,1,1,0,17696.22,4,SILVER,630
697,France,Male,36,7,0.0,2,1,1,74760.32,2,DIAMOND,471
617,France,Female,34,0,131244.65,2,1,0,183229.02,5,DIAMOND,933
640,Spain,Female,32,6,118879.35,2,1,1,19131.71,2,PLATINUM,869
660,Spain,Male,31,1,84560.04,1,1,1,137784.25,1,PLATINUM,357
722,France,Male,40,6,0.0,2,1,1,111893.09,2,GOLD,846
769,France,Female,27,2,0.0,1,1,1,57876.05,4,SILVER,801
429,France,Male,60,7,0.0,2,1,1,163691.48,5,DIAMOND,778
645,Germany,Male,41,2,93925.3,1,1,0,123982.14,2,PLATINUM,751
658,France,Male,36,8,174060.46,1,1,1,94925.62,1,GOLD,603
723,Germany,Male,52,5,131694.97,1,0,1,92873.5,4,SILVER,949
850,Germany,Male,39,3,124548.99,2,1,1,120380.12,2,DIAMOND,243
643,France,Female,46,6,0.0,2,0,0,106781.59,4,DIAMOND,597
519,France,Female,38,7,125328.56,1,1,0,188225.67,4,PLATINUM,545
647,Spain,Male,32,9,80958.36,1,1,1,128590.73,4,GOLD,540
624,France,Female,71,4,170252.05,3,1,1,73679.59,2,GOLD,858
573,Germany,Female,47,4,152522.47,1,0,1,164038.07,4,GOLD,273
728,France,Male,37,3,122689.51,2,0,0,106977.53,4,GOLD,950
546,Spain,Female,45,2,0.0,1,0,0,197789.83,4,DIAMOND,603
685,Spain,Male,38,4,0.0,2,1,1,35884.91,4,DIAMOND,966
617,Spain,Male,42,0,70105.87,1,1,1,120830.73,3,SILVER,702
850,France,Male,37,4,126872.6,1,1,0,197266.58,1,DIAMOND,951
670,France,Male,25,7,0.0,2,1,1,144723.38,2,GOLD,940
809,Spain,Male,80,8,0.0,2,0,1,34164.05,3,DIAMOND,311
732,France,Female,43,6,0.0,2,1,0,65731.53,3,PLATINUM,767
773,Spain,Female,39,4,0.0,2,0,1,182081.45,2,GOLD,545
676,France,Female,32,5,0.0,2,1,1,75465.41,5,DIAMOND,862
747,France,Male,27,10,0.0,2,0,0,13007.89,2,PLATINUM,970
446,France,Male,32,8,0.0,2,0,0,133292.94,2,SILVER,444
539,France,Male,20,0,83459.86,1,1,1,146752.67,4,DIAMOND,814
601,France,Female,46,3,98202.76,1,0,0,137763.93,5,GOLD,642
502,France,Male,30,4,0.0,2,1,1,66263.87,4,DIAMOND,396
666,France,Female,59,5,0.0,2,1,1,185123.09,2,DIAMOND,892
676,Spain,Male,27,4,0.0,1,0,1,107955.67,1,PLATINUM,490
659,France,Female,32,9,0.0,2,1,1,93155.75,1,PLATINUM,428
678,Spain,Female,39,6,0.0,1,0,1,185366.56,4,GOLD,965
776,Germany,Female,32,4,109421.13,2,1,1,126517.46,1,SILVER,296
632,France,Female,36,7,0.0,2,1,1,52526.65,5,DIAMOND,257
627,France,Male,31,8,128131.73,1,1,0,96131.47,3,PLATINUM,757
805,Spain,Male,26,2,0.0,2,1,1,25042.1,1,SILVER,387
572,France,Female,39,2,0.0,2,1,1,555.28,5,PLATINUM,967
477,Germany,Female,39,4,182491.57,1,1,0,185830.72,3,SILVER,333
579,Spain,Male,37,4,0.0,2,1,1,32246.63,3,SILVER,464
837,Germany,Male,35,0,144037.6,1,1,0,145325.32,5,DIAMOND,860
571,France,Male,32,5,131354.25,1,1,0,125256.53,1,PLATINUM,607
655,France,Male,37,6,109093.41,2,1,0,1775.52,5,SILVER,804
714,France,Male,52,4,100755.66,1,1,1,186775.25,3,DIAMOND,429
771,Spain,Male,45,0,139825.56,1,0,0,170984.97,5,GOLD,727
814,Germany,Male,44,8,95488.82,2,0,0,107013.59,4,DIAMOND,474
741,Spain,Male,39,7,143637.58,2,0,1,174227.66,4,PLATINUM,437
694,France,Male,38,1,0.0,2,0,1,156858.2,5,PLATINUM,918
755,Germany,Female,45,7,135643.0,1,0,0,143619.52,3,PLATINUM,265
537,Germany,Female,46,5,100727.5,1,0,1,140857.76,3,DIAMOND,649
643,France,Male,62,9,0.0,2,0,0,155870.82,5,PLATINUM,652
699,Germany,Male,59,3,106819.65,1,0,1,163570.25,5,SILVER,557
704,France,Male,39,2,111525.02,1,1,0,199484.96,4,SILVER,368
798,Germany,Female,39,6,119787.76,1,1,1,164248.33,2,GOLD,558
685,Spain,Male,40,7,74896.92,1,1,0,198694.2,5,PLATINUM,692
582,France,Male,52,2,151457.88,1,0,1,40893.61,5,DIAMOND,889
641,France,Female,52,4,0.0,1,1,0,90964.54,1,SILVER,742
850,Spain,Female,45,4,114347.85,2,1,1,109089.04,4,SILVER,744
536,France,Female,61,8,65190.29,1,1,1,64308.49,2,DIAMOND,390
711,France,Male,28,8,0.0,2,1,1,64286.39,2,GOLD,997
672,France,Female,53,9,169406.33,4,1,1,147311.47,4,DIAMOND,232
590,Spain,Female,37,0,64345.21,1,0,1,61759.33,5,GOLD,282
687,France,Male,34,5,128270.56,1,1,0,191092.62,3,GOLD,908
756,France,Female,23,1,112568.31,1,1,1,113408.11,5,DIAMOND,965
611,France,Male,53,3,83568.26,1,0,0,1235.49,4,GOLD,765
651,Germany,Female,42,1,116646.76,1,1,0,44731.8,2,DIAMOND,658
686,Spain,Female,35,4,0.0,2,1,1,159676.55,2,GOLD,624
591,Spain,Female,40,1,86376.29,1,0,1,136767.16,4,SILVER,356
721,Spain,Male,57,1,0.0,1,1,1,195940.96,4,PLATINUM,226
576,France,Male,63,9,70655.48,1,0,0,78955.8,2,GOLD,615
604,France,Female,56,0,62732.65,1,0,1,124954.56,3,GOLD,948
712,France,Male,34,8,114088.32,1,1,0,92794.61,4,DIAMOND,319
833,France,Female,34,3,144751.81,1,0,0,166472.81,3,SILVER,908
599,Germany,Male,33,2,51949.95,2,1,0,85045.92,3,DIAMOND,541
707,France,Female,44,6,0.0,2,1,1,192542.17,4,GOLD,463
799,Germany,Male,31,9,154586.92,1,0,1,88604.89,4,SILVER,665
655,France,Male,38,4,0.0,2,0,0,110527.71,1,GOLD,437
729,Germany,Female,42,4,97495.8,2,0,0,2002.5,3,GOLD,583
597,Spain,Female,33,2,0.0,2,1,1,4700.66,3,GOLD,955
519,France,Female,21,1,146329.57,2,1,1,194867.27,5,PLATINUM,398
579,Spain,Male,33,1,0.0,2,1,1,54816.57,3,SILVER,528
655,France,Male,27,2,131691.33,1,1,0,49480.66,1,DIAMOND,411
621,France,Male,27,4,137003.68,1,1,0,21254.06,4,SILVER,609
542,Spain,Male,35,2,174894.53,1,1,1,22314.55,4,DIAMOND,380
737,Germany,Female,40,2,162485.8,2,1,0,149381.32,2,SILVER,449
781,France,Female,27,5,0.0,2,0,0,72969.9,2,PLATINUM,905
639,Spain,Male,28,8,0.0,2,1,0,126561.07,5,PLATINUM,249
712,Germany,Male,27,8,113174.21,2,1,0,147261.58,4,GOLD,622
579,France,Female,38,4,175739.36,1,1,1,193130.55,1,DIAMOND,539
516,Spain,Female,33,3,0.0,2,1,1,58685.59,2,PLATINUM,692
703,Spain,Male,36,7,135095.47,1,1,0,143859.66,2,SILVER,764
559,Spain,Male,25,5,0.0,2,1,1,163221.22,3,SILVER,897
625,Germany,Female,37,4,142711.81,1,1,0,35625.41,2,SILVER,251
649,Germany,Male,78,4,68345.86,2,1,1,142566.75,2,PLATINUM,446
616,Spain,Female,36,6,0.0,1,1,1,12916.32,1,DIAMOND,906
677,Germany,Female,26,6,98723.67,1,0,1,151146.67,5,GOLD,425
682,France,Female,27,1,97893.2,1,1,0,166144.98,5,DIAMOND,635
552,Spain,Male,55,3,0.0,1,1,1,40333.94,4,SILVER,466
642,Germany,Female,40,6,129502.49,2,0,1,86099.23,4,GOLD,269
781,Spain,Male,35,1,0.0,2,0,0,42117.9,1,PLATINUM,423
632,Germany,Female,50,5,107959.39,1,1,1,6985.34,5,SILVER,344
615,France,Male,34,1,83503.11,2,1,1,73124.53,3,DIAMOND,805
808,France,Male,45,7,118626.55,2,1,0,147132.46,1,SILVER,559
592,France,Female,31,2,84102.11,2,0,1,116385.24,1,PLATINUM,677
591,France,Male,49,3,0.0,2,1,0,50123.44,2,GOLD,560
705,France,Female,38,3,123894.43,1,1,0,21177.1,4,PLATINUM,319
632,France,Female,44,3,133793.89,1,1,1,34607.14,1,SILVER,621
677,Spain,Male,40,7,95312.8,1,1,1,62944.75,1,DIAMOND,978
754,Germany,Male,35,6,98585.94,2,0,1,106116.84,3,PLATINUM,765
611,France,Female,40,2,125879.29,1,1,0,93203.43,4,PLATINUM,319
606,Germany,Male,38,3,99897.53,1,0,0,37054.65,5,PLATINUM,226
821,Germany,Female,37,5,106453.53,2,0,1,127413.0,5,GOLD,798
672,Germany,Female,23,10,110741.56,1,1,0,80778.5,4,SILVER,455
597,Germany,Female,22,6,101528.61,1,1,0,70529.0,2,SILVER,793
693,Germany,Male,46,2,104763.41,1,1,1,62368.33,5,GOLD,872
659,France,Female,44,9,23503.31,1,0,1,169862.01,4,GOLD,275
666,Spain,Female,47,5,0.0,1,0,0,166650.9,3,SILVER,988
527,France,Male,31,4,0.0,1,1,0,169361.89,4,GOLD,371
651,France,Male,35,2,86911.8,1,1,0,174094.24,5,PLATINUM,849
487,Spain,Female,36,1,140137.15,1,1,0,194073.33,2,DIAMOND,677
850,Spain,Male,39,6,133214.13,1,0,1,20769.88,5,PLATINUM,681
501,France,Male,40,4,125832.2,1,1,1,100433.83,3,DIAMOND,923
598,Germany,Male,59,8,118210.42,2,0,0,60192.14,4,DIAMOND,622
796,France,Male,30,2,137262.71,2,1,0,62905.29,1,SILVER,935
527,Germany,Male,58,3,137318.42,1,1,1,126144.96,4,PLATINUM,379
521,France,Female,77,6,0.0,2,1,1,49054.1,4,DIAMOND,366
731,Germany,Female,49,4,88826.07,1,1,1,33759.41,2,DIAMOND,489
581,Spain,Female,24,10,159203.71,1,1,1,102517.83,4,DIAMOND,766
660,Germany,Female,29,6,180520.29,1,1,1,123850.58,2,SILVER,988
728,France,Female,28,4,142243.54,2,1,0,33074.51,4,SILVER,903
556,France,Male,26,4,0.0,1,1,0,195167.38,4,SILVER,727
642,France,Male,35,2,133161.95,1,0,1,122254.86,3,GOLD,460
472,France,Male,31,4,58662.92,2,0,1,73322.0,1,GOLD,437
494,France,Male,30,3,85704.95,1,0,1,27886.06,2,PLATINUM,520
724,France,Female,29,6,0.0,2,0,1,64729.51,5,SILVER,957
431,France,Male,37,0,120764.08,1,1,1,117023.08,2,SILVER,389
624,Germany,Female,48,3,122388.38,2,0,0,30020.09,2,PLATINUM,300
584,France,Female,44,5,95671.75,2,1,1,106564.88,2,SILVER,662
576,Spain,Male,26,8,0.0,2,0,1,34101.06,4,PLATINUM,341
551,Germany,Female,30,2,143340.44,1,1,0,145796.49,2,DIAMOND,911
636,Germany,Female,37,9,157098.52,1,1,1,153535.27,3,SILVER,638
545,Germany,Female,37,8,114754.08,1,1,0,136050.44,5,GOLD,958
508,France,Male,35,1,86893.28,1,0,0,59374.82,2,SILVER,408
668,Spain,Male,38,1,147904.31,1,1,1,69370.05,3,SILVER,502
657,France,Female,28,7,0.0,2,0,1,5177.62,5,SILVER,352
671,France,Male,30,2,0.0,1,0,1,102057.86,3,PLATINUM,743
720,Germany,Female,57,1,162082.31,4,0,0,27145.73,5,SILVER,692
575,France,Female,57,8,137936.94,1,1,1,84475.13,5,GOLD,606
835,France,Male,32,8,124993.29,2,1,1,27548.06,5,PLATINUM,827
638,Germany,Male,27,4,135096.05,1,1,1,186523.72,2,DIAMOND,995
724,France,Male,28,5,97612.12,1,1,1,96498.14,2,DIAMOND,898
750,Germany,Male,42,8,151836.36,2,1,0,68695.38,5,GOLD,769
527,Germany,Female,39,9,96748.89,2,1,0,94711.43,2,SILVER,534
597,Spain,Male,38,1,0.0,2,1,0,41303.29,3,DIAMOND,476
561,Spain,Male,34,4,85141.79,2,1,1,29217.37,1,SILVER,866
634,Spain,Male,52,1,0.0,2,1,1,176913.42,4,PLATINUM,928
619,Germany,Female,41,8,142015.76,2,1,0,114323.66,5,DIAMOND,222
742,Germany,Male,55,5,155196.17,1,0,1,121207.66,5,DIAMOND,862
850,France,Female,29,10,0.0,2,1,1,199775.67,5,PLATINUM,335
690,France,Female,26,3,118097.87,1,1,0,61257.83,4,GOLD,979
649,France,Male,33,2,0.0,2,1,0,2010.98,3,DIAMOND,720
722,Spain,Female,29,9,0.0,2,1,1,142033.07,5,PLATINUM,276
525,France,Female,59,6,55328.4,1,1,0,83342.73,4,SILVER,829
850,France,Female,81,1,0.0,2,1,1,59568.24,3,GOLD,886
510,France,Male,65,2,0.0,2,1,1,48071.61,1,SILVER,280
799,France,Female,30,9,0.0,2,1,0,136827.96,5,DIAMOND,888
639,France,Male,32,9,0.0,2,1,0,111340.36,4,GOLD,846
688,France,Female,38,7,123544.21,1,1,1,157664.02,4,PLATINUM,868
567,France,Female,45,4,0.0,2,0,1,121053.19,3,GOLD,525
778,France,Male,24,4,0.0,2,1,1,162809.2,3,DIAMOND,945
804,France,Male,55,7,0.0,2,1,1,118752.6,5,SILVER,914
571,France,Female,53,2,0.0,2,1,0,28045.77,5,SILVER,266
684,France,Male,32,9,100249.41,2,0,1,67599.69,2,SILVER,702
561,France,Male,37,1,100443.36,2,0,1,101693.73,2,GOLD,722
748,France,Male,32,5,154737.88,2,1,1,172638.13,2,PLATINUM,486
525,Spain,Female,37,0,0.0,1,0,1,131521.72,5,SILVER,642
615,Spain,Male,19,5,0.0,2,1,0,159920.92,3,DIAMOND,594
580,France,Male,37,9,0.0,2,0,1,77108.66,1,DIAMOND,537
730,France,Female,32,9,127661.69,1,0,0,60905.51,3,DIAMOND,542
566,Germany,Male,65,4,120100.41,1,1,0,107563.16,2,PLATINUM,842
798,France,Male,32,7,0.0,2,0,1,37731.95,4,GOLD,856
569,France,Male,37,9,178755.84,1,1,0,199929.17,5,GOLD,255
704,Spain,Female,37,9,155619.58,1,1,1,135088.58,5,GOLD,788
691,France,Female,33,6,0.0,2,1,1,100408.31,2,DIAMOND,467
705,Spain,Male,39,6,133261.13,1,1,1,78065.9,4,GOLD,344
489,Germany,Female,46,8,92060.06,1,1,0,147222.95,2,DIAMOND,865
663,Germany,Male,32,8,130627.66,1,1,0,47161.25,4,SILVER,423
543,France,Male,36,4,0.0,2,1,1,141210.5,1,GOLD,354
479,Spain,Male,48,5,87070.23,1,0,1,85646.41,3,SILVER,523
574,Germany,Male,33,3,129834.67,1,1,0,193131.42,5,SILVER,470
686,Germany,Female,27,1,115095.88,2,0,0,78622.46,2,DIAMOND,873
703,Spain,Male,39,6,152685.4,1,0,0,183656.12,2,DIAMOND,994
717,Germany,Female,28,9,82498.14,2,0,0,40437.67,5,GOLD,270
844,France,Female,41,10,76319.64,1,1,1,141175.18,3,PLATINUM,256
809,Spain,Female,33,3,0.0,2,0,1,141426.78,5,GOLD,627
727,France,Male,47,7,0.0,2,1,0,193305.35,4,PLATINUM,284
850,France,Female,38,2,0.0,2,1,0,9015.07,1,SILVER,834
490,Spain,Male,31,3,145260.23,1,0,1,114066.77,4,SILVER,471
599,France,Female,41,1,0.0,2,1,0,96069.82,2,SILVER,458
581,France,Female,27,5,102258.11,2,1,0,194681.6,2,PLATINUM,564
729,France,Female,32,7,38550.06,1,0,1,179230.23,4,DIAMOND,302
646,France,Male,38,7,0.0,2,1,0,1528.4,3,SILVER,462
616,France,Female,31,3,136789.14,1,1,0,59346.4,1,PLATINUM,861
603,France,Male,43,5,127823.93,1,1,1,19483.35,1,SILVER,711
586,France,Male,58,7,151933.63,1,1,0,162960.05,4,SILVER,894
727,Spain,Male,71,8,0.0,1,1,1,198446.91,4,GOLD,869
634,France,Female,41,8,68213.99,1,1,1,6382.46,3,SILVER,911
764,Spain,Female,33,9,168964.77,1,0,1,118982.51,2,GOLD,915
578,Spain,Male,36,1,157267.95,2,1,0,141533.19,5,PLATINUM,940
676,France,Female,41,4,101457.14,1,1,1,79101.67,1,PLATINUM,299
761,France,Male,36,9,127637.92,1,1,1,81062.93,2,GOLD,860
583,France,Female,27,4,0.0,3,1,0,163113.41,1,DIAMOND,484
782,France,Male,33,7,191523.09,1,1,1,167058.75,4,DIAMOND,763
420,Spain,Female,55,4,91893.32,1,1,0,144870.28,3,GOLD,970
645,France,Male,30,1,125739.26,1,1,1,193441.23,2,SILVER,788
511,Spain,Female,40,1,0.0,1,1,1,184118.73,3,PLATINUM,534
614,Spain,Female,37,9,0.0,2,1,1,62023.1,2,SILVER,639
637,France,Male,33,5,0.0,2,1,0,139947.17,5,SILVER,241
599,France,Male,50,3,121159.65,1,0,0,4033.39,2,SILVER,435
496,Spain,Female,44,0,179356.28,2,1,0,2919.21,1,PLATINUM,326
526,France,Male,32,7,125540.05,1,0,0,86786.41,3,PLATINUM,672
647,France,Male,43,9,0.0,2,1,1,78488.39,4,DIAMOND,555
666,Germany,Female,50,7,109062.28,1,1,1,140136.1,5,GOLD,542
627,Spain,Male,41,5,100880.76,1,0,1,134665.25,4,GOLD,395
633,France,Female,37,9,156091.97,1,1,0,72008.61,5,GOLD,519
745,Germany,Female,28,1,111071.36,1,1,0,73275.96,1,PLATINUM,238
574,France,Male,26,8,97460.1,1,1,1,43093.67,5,PLATINUM,241
692,Germany,Female,41,8,130701.29,1,1,0,59354.24,2,SILVER,235
518,France,Female,28,9,85146.36,1,0,0,2803.89,4,SILVER,275
523,France,Female,26,4,0.0,2,1,0,185488.81,3,DIAMOND,602
631,Germany,Male,48,1,106396.48,1,1,1,150661.42,1,SILVER,336
421,Spain,Male,34,6,90723.36,1,1,1,12162.76,5,GOLD,417
748,France,Male,66,8,0.0,1,1,1,163331.65,4,GOLD,671
533,France,Female,39,2,0.0,1,0,1,73669.94,2,GOLD,285
582,France,Male,30,2,0.0,2,1,1,132029.95,2,GOLD,276
769,Germany,Female,45,5,126674.81,1,1,0,124118.71,5,DIAMOND,592
850,France,Male,28,4,0.0,2,1,1,12409.01,5,GOLD,242
510,Germany,Female,50,7,123936.54,1,1,1,23768.01,5,DIAMOND,769
584,Germany,Male,32,8,40172.91,1,1,1,137439.34,5,SILVER,995
529,Spain,Male,35,5,95772.97,1,1,1,112781.5,5,DIAMOND,619
850,Germany,Male,53,2,94078.97,2,1,0,36980.54,4,GOLD,325
600,France,Male,31,8,0.0,2,1,1,121555.51,2,GOLD,930
823,France,Male,38,1,0.0,2,1,0,156603.7,2,SILVER,825
576,France,Female,50,8,0.0,2,1,1,57802.62,4,PLATINUM,905
597,Spain,Female,40,8,101993.12,1,0,1,94774.12,5,SILVER,681
580,Germany,Female,38,1,128218.47,1,1,0,125953.83,5,PLATINUM,951
538,Spain,Female,49,9,141434.04,1,0,0,173779.25,5,GOLD,797
714,Spain,Male,44,7,0.0,1,0,1,6923.11,2,DIAMOND,902
592,Spain,Male,41,0,0.0,2,1,0,65906.07,4,GOLD,576
611,Spain,Female,33,7,0.0,2,1,1,3729.89,1,DIAMOND,976
508,France,Female,25,2,111395.53,1,0,1,48197.06,5,PLATINUM,337
708,France,Female,47,0,126589.12,2,0,1,132730.07,5,GOLD,856
608,France,Male,59,1,0.0,1,1,0,70649.64,4,DIAMOND,585
495,Spain,Female,42,7,0.0,2,0,0,130404.53,3,GOLD,621
561,Spain,Female,33,6,0.0,2,1,0,45261.47,1,DIAMOND,704
765,France,Female,56,1,0.0,1,1,0,13228.93,3,PLATINUM,944
591,France,Female,38,2,142289.28,1,0,1,119638.85,5,PLATINUM,392
588,France,Male,40,5,0.0,2,0,0,100727.68,1,GOLD,394
659,Spain,Male,31,7,149620.88,2,1,1,104533.51,5,SILVER,417
592,Spain,Male,35,6,80285.16,1,1,0,72678.75,5,DIAMOND,653
722,Spain,Female,50,4,132088.59,1,1,1,128262.14,5,DIAMOND,761
496,France,Male,32,4,127845.83,1,1,0,66469.2,4,SILVER,512
644,Germany,Female,51,4,95560.04,1,0,0,72628.84,1,PLATINUM,672
534,France,Male,36,4,120037.96,1,1,0,36275.94,4,PLATINUM,488
564,France,Female,33,4,135946.26,1,1,0,63170.0,3,DIAMOND,696
454,Germany,Female,50,10,92895.56,1,1,0,154344.0,3,DIAMOND,445
716,France,Female,52,7,65971.61,2,1,0,14608.0,2,PLATINUM,450
445,Spain,Male,45,10,0.0,2,0,1,90977.48,1,SILVER,797
764,France,Female,39,5,81042.42,1,0,1,109805.17,4,DIAMOND,225
601,France,Male,32,8,93012.89,1,1,0,86957.42,2,GOLD,799
708,Germany,Female,54,8,145151.4,1,0,1,125311.17,4,PLATINUM,863
760,Germany,Male,29,5,103607.24,2,0,1,86334.64,2,GOLD,588
673,Germany,Female,77,10,76510.52,2,0,1,59595.66,4,GOLD,363
535,Spain,Female,30,5,122924.75,1,0,0,62390.59,4,DIAMOND,244
687,France,Female,36,4,97157.96,1,0,1,63185.05,2,PLATINUM,817
512,France,Female,41,8,145150.28,1,1,0,64869.32,4,SILVER,358
570,France,Female,29,0,0.0,1,1,0,37092.43,1,SILVER,392
651,France,Male,45,2,165901.59,2,1,0,23054.51,1,DIAMOND,834
471,France,Male,42,3,164951.56,1,1,0,190531.77,3,DIAMOND,361
678,France,Male,60,8,185648.56,1,0,0,192156.54,2,PLATINUM,508
584,France,Female,39,2,112687.69,1,1,1,127749.61,4,PLATINUM,857
531,Germany,Female,31,7,117052.82,1,1,0,118508.09,1,SILVER,482
663,France,Male,43,4,87624.03,2,1,0,149401.33,1,PLATINUM,473
520,Germany,Female,45,1,123086.39,1,1,1,41042.4,1,PLATINUM,796
694,France,Male,39,5,77652.4,1,1,1,25407.59,3,GOLD,350
563,Spain,Male,61,1,82182.1,1,1,0,106826.92,1,GOLD,401
719,Germany,Female,42,5,137227.04,3,1,0,149097.38,5,PLATINUM,512
648,Spain,Male,49,5,0.0,1,1,0,149946.43,4,GOLD,549
693,France,Female,39,4,0.0,2,0,1,142331.39,1,PLATINUM,550
510,France,Female,22,3,156834.34,1,0,0,44374.44,2,DIAMOND,821
658,Spain,Male,36,1,0.0,2,0,1,84927.42,1,SILVER,374
731,Germany,Female,43,9,79120.27,1,0,0,548.52,5,DIAMOND,978
745,France,Male,25,5,157993.15,2,1,0,146041.45,1,SILVER,395
807,France,Male,42,7,118274.71,1,1,1,25885.72,3,DIAMOND,899
581,Spain,Female,31,6,0.0,2,1,0,188377.21,1,SILVER,644
513,France,Male,44,1,63562.02,2,0,1,52629.73,4,GOLD,230
606,Spain,Male,35,7,0.0,1,1,0,106837.06,5,SILVER,418
671,France,Female,42,6,0.0,2,1,0,197202.48,5,DIAMOND,393
602,France,Male,33,5,164704.38,1,0,1,180716.1,1,SILVER,342
720,France,Male,71,5,183135.39,2,1,1,197688.5,2,DIAMOND,723
601,Spain,Male,28,6,0.0,2,1,0,14665.28,4,PLATINUM,541
675,Spain,Male,36,3,54098.18,2,0,1,54478.52,4,PLATINUM,432
788,France,Female,41,6,0.0,1,1,1,25571.37,2,SILVER,718
800,France,Female,40,3,75893.11,2,1,0,132562.23,5,PLATINUM,513
562,France,Female,51,1,124662.54,1,1,1,65390.46,5,PLATINUM,446
668,Spain,Female,24,7,173962.32,1,0,0,106457.11,2,SILVER,967
479,Spain,Male,27,2,172463.45,1,1,1,40315.27,3,DIAMOND,704
497,Spain,Male,27,9,75263.16,1,1,1,164825.04,5,GOLD,709
711,France,Male,51,7,0.0,3,1,0,38409.79,2,SILVER,631
533,France,Female,35,8,0.0,2,1,1,187900.12,3,PLATINUM,558
599,Spain,Female,46,7,81742.84,2,1,0,83282.21,3,PLATINUM,381
746,Spain,Male,31,2,113836.27,1,1,1,174815.54,3,SILVER,537
586,France,Male,33,9,0.0,1,1,0,6975.02,5,DIAMOND,871
652,Germany,Female,45,9,110827.49,1,1,1,153383.54,3,PLATINUM,510
673,Germany,Female,41,9,98612.1,1,1,0,151349.35,2,SILVER,868
796,France,Female,45,2,109730.22,1,1,1,123882.73,2,DIAMOND,267
628,Germany,Male,50,4,122227.71,1,0,1,14217.77,4,SILVER,720
624,Spain,Female,28,2,0.0,2,0,1,104353.26,4,GOLD,673
564,Germany,Female,62,5,114931.35,3,0,1,18260.98,3,GOLD,771
724,Germany,Male,30,7,115315.04,1,1,0,15216.53,1,SILVER,985
835,France,Male,28,2,163569.61,2,1,1,154559.28,5,PLATINUM,560
797,France,Female,29,1,0.0,2,1,1,132975.39,2,SILVER,779
548,France,Male,57,6,76165.65,1,1,1,133537.53,2,PLATINUM,816
583,France,Male,38,8,0.0,1,1,0,47848.56,1,PLATINUM,414
555,Spain,Male,32,4,0.0,2,1,1,54405.79,4,DIAMOND,850
657,France,Male,34,3,107136.6,1,1,0,153895.46,2,DIAMOND,798
672,France,Male,43,5,0.0,1,0,0,63833.09,4,GOLD,333
681,France,Female,37,7,69609.85,1,1,1,72127.83,3,SILVER,395
683,France,Male,30,8,110829.52,2,0,0,24938.84,2,PLATINUM,698
738,Germany,Male,35,6,101744.84,1,0,0,85185.44,3,PLATINUM,280
727,France,Female,28,2,110997.76,1,1,0,101433.76,2,DIAMOND,935
507,Germany,Female,46,8,102785.16,1,1,1,70323.68,1,GOLD,633
850,Germany,Female,36,6,143644.16,1,1,0,22102.25,3,PLATINUM,728
576,France,Male,36,6,0.0,2,1,1,48314.0,2,PLATINUM,847
718,Germany,Male,43,5,132615.73,2,1,0,32999.1,3,SILVER,795
689,Spain,Male,40,2,0.0,2,1,1,164768.82,4,GOLD,490
536,Germany,Female,44,4,121898.82,1,0,0,131007.18,2,GOLD,763
693,France,Male,68,4,97705.99,1,1,1,61569.07,1,GOLD,949
621,Spain,Male,42,8,68683.68,1,1,1,74157.71,4,SILVER,642
606,Germany,Female,32,1,106301.85,2,0,1,59061.25,3,GOLD,469
790,Spain,Female,46,9,0.0,1,0,0,14679.81,3,SILVER,258
531,France,Male,29,3,114590.58,1,0,0,75585.48,5,DIAMOND,429
621,Germany,Male,27,1,74298.43,1,1,1,52581.96,5,PLATINUM,281
784,Spain,Male,38,10,122267.85,1,0,0,145759.93,5,PLATINUM,510
667,France,Male,40,8,72945.29,2,1,0,98931.5,3,SILVER,616
586,France,Male,51,2,138553.57,1,1,1,92406.22,4,DIAMOND,832
569,France,Female,43,7,0.0,2,1,1,77703.19,2,SILVER,271
676,France,Female,36,3,91711.59,1,1,1,95393.43,5,PLATINUM,270
458,Spain,Male,36,5,0.0,2,1,0,79723.78,3,SILVER,428
783,Spain,Female,37,1,136689.66,1,1,0,197890.65,1,GOLD,412
646,Germany,Male,24,0,92398.08,1,1,1,18897.29,5,GOLD,887
622,Spain,Female,26,8,0.0,2,1,1,124964.82,1,SILVER,471
535,France,Female,38,0,135919.33,1,1,0,80425.65,2,DIAMOND,915
698,Spain,Female,50,1,0.0,4,1,0,88566.9,3,PLATINUM,341
584,France,Female,35,2,114321.28,2,0,0,15959.01,3,DIAMOND,855
755,Germany,Male,38,4,111096.91,1,1,1,19762.88,5,PLATINUM,764
605,France,Male,52,7,0.0,2,1,1,173952.5,3,PLATINUM,435
778,Germany,Male,41,7,139706.31,1,1,0,63337.19,1,GOLD,417
708,Spain,Female,35,8,122570.69,1,0,0,199005.88,2,SILVER,406
443,Germany,Female,29,9,99027.61,2,1,0,10940.4,5,PLATINUM,390
700,France,Female,26,2,0.0,2,0,0,50051.42,5,DIAMOND,417
588,France,Female,35,0,0.0,2,1,1,155485.24,3,PLATINUM,496
696,France,Female,30,8,0.0,2,1,1,196134.44,3,SILVER,890
542,Germany,Male,33,8,142871.27,2,0,0,77737.86,1,GOLD,888
655,Germany,Male,52,9,144696.75,1,1,1,49025.79,2,DIAMOND,691
480,Germany,Male,44,10,129608.57,1,1,0,5472.7,1,GOLD,775
501,France,Male,35,6,99760.84,1,1,1,13591.52,1,SILVER,310
745,Spain,Female,31,3,124328.84,1,1,1,140451.52,5,GOLD,924
553,France,Male,32,7,64082.09,1,0,1,109159.58,4,SILVER,353
615,France,Female,61,1,104267.7,1,1,0,62845.64,3,GOLD,613
741,Spain,Male,50,1,78737.61,1,1,1,13018.96,3,PLATINUM,261
751,France,Male,43,1,114974.24,1,1,0,125920.54,2,DIAMOND,907
686,Spain,Male,22,5,0.0,2,1,0,158974.45,2,SILVER,968
752,France,Female,36,1,86837.95,1,1,1,105280.55,5,SILVER,615
635,Spain,Female,41,10,0.0,2,1,1,61994.2,5,PLATINUM,883
758,Germany,Female,47,9,95523.16,1,1,0,73294.48,1,DIAMOND,810
498,France,Male,33,1,198113.86,1,1,0,69664.35,2,PLATINUM,694
594,France,Male,37,2,0.0,2,0,1,95864.5,4,DIAMOND,303
544,Spain,Male,30,8,145241.63,1,1,1,80676.83,1,DIAMOND,388
701,France,Male,39,9,140236.98,1,0,1,146651.99,2,PLATINUM,342
682,Spain,Female,54,0,83102.72,2,1,1,54132.93,2,DIAMOND,478
643,France,Female,33,0,137811.75,1,1,1,184856.89,3,GOLD,262
834,Spain,Male,40,7,0.0,2,0,0,45038.74,1,DIAMOND,886
798,France,Male,34,9,154495.79,1,1,0,191395.88,1,PLATINUM,370
775,Spain,Male,29,10,0.0,2,1,1,68143.93,2,DIAMOND,913
623,Germany,Male,42,1,149332.48,2,1,0,100834.22,4,DIAMOND,320
696,France,Male,19,1,110928.51,1,1,1,2766.63,4,PLATINUM,871
767,Germany,Male,20,3,119714.25,2,0,1,150135.38,4,DIAMOND,535
726,Germany,Male,50,9,94504.35,1,0,1,5078.9,1,GOLD,860
737,France,Female,33,4,0.0,2,1,0,115115.32,2,SILVER,270
758,Spain,Female,43,10,0.0,2,1,1,55313.44,2,GOLD,995
842,Spain,Male,46,9,0.0,1,0,0,17268.02,1,SILVER,675
721,France,Female,35,6,118273.83,1,0,1,3086.89,3,GOLD,804
652,Spain,Female,38,6,123081.84,2,1,1,188657.97,5,PLATINUM,305
566,Spain,Male,32,10,147511.26,1,1,1,159891.03,2,GOLD,801
710,Spain,Female,28,6,0.0,1,1,0,48426.98,3,GOLD,406
821,Germany,Male,42,3,87807.29,2,1,1,64613.81,2,SILVER,716
711,Spain,Male,37,2,0.0,2,1,0,83978.86,4,GOLD,407
700,Spain,Male,54,1,79415.67,1,0,1,139735.54,5,PLATINUM,546
640,France,Male,38,9,0.0,2,1,0,88827.67,2,GOLD,812
497,France,Male,41,9,0.0,1,0,0,22074.48,1,PLATINUM,1000
768,France,Male,25,0,78396.08,1,1,1,8316.19,5,DIAMOND,495
779,France,Male,32,10,80728.15,1,1,0,86306.75,5,GOLD,379
613,France,Male,47,6,146034.74,1,1,1,77146.14,2,DIAMOND,793
470,Spain,Female,48,6,140576.11,1,1,1,116971.05,2,DIAMOND,296
584,Germany,Male,33,3,88311.48,2,1,1,177651.38,1,SILVER,882
750,Spain,Female,38,7,97257.41,2,0,1,179883.04,3,DIAMOND,324
638,Spain,Male,44,9,77637.35,2,1,1,111346.22,4,SILVER,343
770,Spain,Male,55,9,63127.41,2,1,0,185211.28,4,SILVER,968
659,France,Female,37,1,151105.68,1,1,1,140934.57,5,SILVER,781
625,France,Male,31,5,0.0,2,0,1,90.07,3,SILVER,855
501,Germany,Male,27,4,95331.83,2,1,0,132104.76,1,DIAMOND,301
579,France,Female,33,1,118392.75,1,1,1,157564.75,1,DIAMOND,793
686,Germany,Female,47,5,170935.94,1,1,0,173179.79,5,GOLD,983
762,Spain,Female,19,6,0.0,2,1,0,55500.17,1,DIAMOND,931
550,France,Female,22,7,139096.85,1,1,0,129890.94,4,DIAMOND,975
625,Spain,Female,49,2,80816.45,1,1,1,20018.79,1,PLATINUM,677
612,Spain,Male,39,5,170288.38,1,1,1,59601.15,4,GOLD,295
645,Spain,Male,45,4,0.0,1,0,1,174916.85,5,PLATINUM,668
597,France,Female,29,5,0.0,2,1,1,174825.57,2,GOLD,347
630,Spain,Male,26,7,0.0,2,1,1,6656.64,2,DIAMOND,776
739,France,Male,41,5,0.0,2,0,0,143882.25,5,PLATINUM,574
513,Spain,Female,31,5,174853.46,1,1,0,84238.63,5,SILVER,640
428,Germany,Female,40,3,129248.11,2,1,0,72876.43,2,SILVER,758
551,France,Female,26,2,144258.52,1,1,0,49778.79,5,DIAMOND,839
729,Spain,Female,42,7,0.0,2,1,0,58268.2,1,PLATINUM,226
770,Germany,Male,45,4,110765.68,1,1,0,26163.74,1,GOLD,550
632,Germany,Male,30,1,58668.02,1,1,1,78670.52,1,GOLD,398
581,Spain,Female,29,8,0.0,2,1,0,46735.19,4,PLATINUM,977
439,Spain,Male,52,3,96196.24,4,1,0,198874.52,1,GOLD,397
716,France,Female,35,8,112808.18,1,0,1,17848.3,1,SILVER,565
736,France,Female,24,0,0.0,2,1,0,109355.73,1,SILVER,446
648,France,Male,42,4,0.0,2,1,0,19283.14,2,GOLD,759
657,France,Male,37,4,82500.28,1,1,1,115260.72,5,SILVER,603
517,France,Male,62,1,43772.66,3,1,0,187756.24,1,SILVER,590
663,France,Female,33,2,0.0,2,1,0,153295.0,4,GOLD,332
668,France,Male,32,7,0.0,2,1,1,777.37,2,GOLD,883
680,France,Male,31,10,113292.17,1,1,1,122639.73,3,GOLD,714
595,Germany,Female,41,2,138878.81,1,0,1,112269.67,5,SILVER,530
707,France,Male,42,2,16893.59,1,1,1,77502.56,3,GOLD,855
492,Germany,Male,51,8,117808.74,2,1,1,67311.12,3,GOLD,263
613,France,Male,36,9,131307.11,1,0,0,83343.73,4,PLATINUM,336
582,France,Male,20,4,0.0,1,1,1,55763.66,5,SILVER,249
662,France,Male,64,0,98848.19,1,0,1,42730.12,1,SILVER,676
462,Germany,Male,34,1,94682.56,2,1,0,138478.2,5,PLATINUM,747
630,Germany,Female,31,2,112373.49,2,1,1,131167.98,3,SILVER,888
727,Germany,Male,36,6,140418.81,1,1,1,113033.73,3,PLATINUM,357
715,France,Male,23,7,139224.92,2,1,0,65057.71,1,DIAMOND,385
534,France,Male,38,3,0.0,1,0,0,143938.27,5,PLATINUM,796
706,Spain,Female,29,1,209490.21,1,1,1,133267.69,2,DIAMOND,243
573,Spain,Male,44,9,0.0,2,1,0,107124.17,2,PLATINUM,760
539,Germany,Female,34,4,91622.42,1,1,1,136603.42,5,PLATINUM,714
651,Spain,Male,47,2,0.0,2,1,1,119808.64,5,PLATINUM,758
632,France,Female,21,1,0.0,2,1,0,84008.66,4,SILVER,948
673,Germany,Female,34,1,127122.79,3,0,1,76703.1,5,DIAMOND,520
491,Germany,Female,57,4,112044.72,1,1,1,41229.73,2,DIAMOND,562
749,Spain,Male,42,9,222267.63,1,0,0,101108.85,4,GOLD,763
645,Spain,Male,44,8,113755.78,2,1,0,149756.71,5,DIAMOND,484
548,France,Female,41,4,82596.8,1,0,1,55672.09,2,SILVER,514
696,France,Male,42,4,0.0,1,0,0,126353.13,3,GOLD,255
654,France,Male,47,10,0.0,2,1,0,170481.98,1,PLATINUM,584
794,Spain,Female,30,1,154970.54,1,0,1,156768.45,4,PLATINUM,441
541,Germany,Male,51,7,90373.28,2,1,0,179861.79,4,PLATINUM,935
536,France,Male,35,8,0.0,2,1,0,64833.28,2,GOLD,345
563,Spain,Male,32,6,0.0,2,1,1,19720.08,4,SILVER,574
823,France,Male,71,5,149105.08,1,0,1,162683.06,5,PLATINUM,915
572,Germany,Male,47,4,99353.42,1,1,0,196549.85,5,SILVER,276
743,France,Female,40,6,0.0,1,1,0,28280.8,2,PLATINUM,744
813,France,Male,32,1,122889.88,1,1,1,26476.18,3,DIAMOND,622
717,France,Female,59,4,0.0,2,1,1,170528.63,1,DIAMOND,359
430,France,Female,60,7,73937.02,1,1,0,161937.62,4,PLATINUM,578
741,Spain,Male,53,3,0.0,2,1,1,38913.68,3,GOLD,245
627,Spain,Male,49,4,111087.5,1,0,1,146680.25,5,SILVER,900
494,Spain,Male,38,7,0.0,2,1,1,6203.66,3,PLATINUM,527
773,Germany,Male,43,8,81844.91,2,1,1,35908.46,5,PLATINUM,368
795,Germany,Female,33,9,130862.43,1,1,1,114935.21,5,GOLD,411
663,Germany,Male,42,7,115930.87,1,1,0,19862.78,4,DIAMOND,809
631,Germany,Female,37,2,121801.72,2,0,1,23146.62,3,GOLD,396
637,Spain,Female,54,5,0.0,1,0,1,150836.98,2,PLATINUM,259
667,Germany,Female,56,8,137464.04,1,1,0,130846.79,3,PLATINUM,235
651,Germany,Male,26,5,147037.32,1,0,0,141763.26,5,SILVER,637
527,Spain,Female,29,2,27755.97,1,1,0,97468.44,3,PLATINUM,525
534,France,Female,55,8,116973.26,3,1,0,122066.5,1,PLATINUM,840
608,France,Male,31,7,79962.92,2,1,0,60901.72,4,SILVER,898
621,Spain,Male,39,8,0.0,2,1,0,36122.96,2,PLATINUM,399
655,France,Female,26,7,106198.5,1,0,1,32020.42,3,DIAMOND,961
466,Germany,Male,41,2,152102.18,2,1,0,181879.56,4,PLATINUM,322
662,Spain,Female,42,6,105021.28,1,1,0,48242.38,4,PLATINUM,313
811,Spain,Male,44,3,0.0,2,0,1,78439.73,5,PLATINUM,859
704,France,Male,23,6,166594.78,1,1,1,155823.2,4,GOLD,881
640,Germany,Male,45,8,120591.19,1,0,0,195123.94,5,GOLD,938
454,Spain,Male,40,2,123177.01,1,1,0,148309.98,1,SILVER,247
752,Spain,Male,36,2,0.0,2,1,1,45570.84,1,SILVER,251
687,France,Male,38,9,122570.87,1,1,1,35608.88,4,DIAMOND,595
594,France,Male,50,7,81310.34,1,1,1,183868.01,4,SILVER,439
755,France,Male,38,9,148912.44,1,1,0,80416.16,3,DIAMOND,416
644,France,Male,28,7,155060.41,1,1,0,29179.52,5,DIAMOND,715
560,France,Male,57,0,0.0,2,0,1,116781.71,1,DIAMOND,615
634,Germany,Male,24,8,103097.85,1,1,1,157577.29,2,GOLD,532
773,France,Male,25,2,135903.33,1,1,0,73656.38,4,PLATINUM,790
683,Germany,Male,73,9,124730.26,1,1,1,51999.5,2,PLATINUM,327
703,France,Female,41,6,109941.51,1,1,0,116267.28,5,SILVER,500
669,France,Female,33,9,0.0,2,0,1,107221.03,2,PLATINUM,689
562,Germany,Male,31,4,127237.25,2,0,1,143317.42,4,DIAMOND,938
737,France,Male,44,7,0.0,2,0,0,57898.58,2,PLATINUM,315
630,Spain,Female,39,7,135483.17,1,1,0,140881.2,1,SILVER,309
774,France,Female,42,3,137781.65,1,0,0,199316.19,1,SILVER,879
628,Spain,Female,22,3,0.0,1,1,0,85426.28,4,DIAMOND,483
678,Germany,Female,51,1,145751.03,1,0,0,109718.44,4,DIAMOND,957
748,Germany,Female,31,1,99557.94,1,1,0,199255.32,1,DIAMOND,425
714,Germany,Female,45,9,106431.97,2,1,1,164117.69,5,DIAMOND,696
609,Germany,Male,33,6,94126.67,1,0,0,93718.16,1,PLATINUM,1000
842,France,Male,29,8,0.0,2,1,1,123437.05,2,DIAMOND,466
573,Germany,Female,35,9,206868.78,2,0,1,102986.15,3,SILVER,940
514,France,Male,38,4,112230.38,1,1,0,16717.11,1,GOLD,336
614,Germany,Female,35,6,128100.28,1,0,0,69454.24,4,PLATINUM,830
774,France,Male,26,2,93844.69,1,1,0,28415.36,1,DIAMOND,282
550,Germany,Male,49,0,108806.96,3,1,0,61446.92,5,SILVER,431
716,France,Female,29,6,0.0,2,1,1,98998.61,2,DIAMOND,545
436,Germany,Male,45,3,104339.11,2,1,1,183540.22,3,DIAMOND,304
516,France,Male,27,9,0.0,1,1,0,142680.64,2,GOLD,445
639,Germany,Female,41,5,98635.77,1,1,0,199970.74,3,PLATINUM,391
551,France,Male,35,7,129717.3,2,0,0,86937.2,2,DIAMOND,942
637,Spain,Male,37,8,0.0,1,1,1,186062.36,1,DIAMOND,699
811,Germany,Female,34,1,149297.19,2,1,1,186339.74,2,GOLD,946
523,Spain,Female,36,8,113680.54,1,0,0,13197.44,5,PLATINUM,961
565,France,Male,32,9,0.0,2,1,0,5388.3,5,DIAMOND,887
663,Germany,Female,46,2,141726.88,1,1,1,58257.23,1,GOLD,320
564,France,Male,42,7,99824.45,1,1,1,36721.4,1,GOLD,563
737,Germany,Male,35,0,133377.8,1,0,1,64050.19,1,DIAMOND,666
698,Germany,Male,56,1,112414.81,2,0,0,93982.02,4,DIAMOND,257
811,France,Female,45,5,0.0,2,1,1,146123.19,3,DIAMOND,372
556,Spain,Female,48,8,168522.37,1,1,1,151310.16,2,SILVER,393
710,France,Male,21,4,109130.96,2,1,1,56191.99,5,SILVER,627
767,Spain,Male,77,8,149083.7,1,1,1,190146.83,5,GOLD,383
435,Germany,Male,32,2,57017.06,2,1,1,5907.11,3,SILVER,476
590,France,Male,41,1,89086.31,1,1,0,24499.97,3,GOLD,513
765,France,Female,50,9,126547.8,1,1,1,79579.94,1,PLATINUM,357
694,Spain,Female,37,3,0.0,2,1,1,147012.22,3,DIAMOND,245
656,France,Male,45,5,127864.4,1,1,0,87107.57,2,PLATINUM,221
522,France,Female,34,3,0.0,2,1,1,3894.34,1,PLATINUM,732
651,France,Female,41,4,38617.2,1,1,1,104876.8,1,SILVER,771
697,France,Male,42,9,132739.26,2,0,0,174667.65,1,PLATINUM,222
498,Spain,Male,29,8,127864.26,1,1,1,46677.9,5,SILVER,404
608,France,Female,30,8,85859.76,1,0,0,142730.27,5,DIAMOND,922
668,France,Male,38,10,86977.96,1,0,1,37094.75,1,DIAMOND,628
775,Germany,Male,33,3,83501.66,2,1,0,128841.31,3,DIAMOND,816
738,Germany,Female,40,6,114940.67,2,1,1,194895.57,1,SILVER,471
640,Germany,Male,26,5,90402.77,1,1,1,3298.65,5,DIAMOND,412
415,France,Male,32,5,145807.59,1,1,1,3064.65,2,PLATINUM,833
482,Germany,Male,45,7,156353.46,1,1,0,72643.95,4,PLATINUM,647
627,France,Male,41,3,0.0,2,1,0,132719.8,2,DIAMOND,902
820,France,Male,36,4,0.0,2,1,0,31422.69,2,SILVER,366
613,Germany,Female,50,5,101242.98,2,1,0,12493.61,4,PLATINUM,574
678,France,Male,36,0,107379.68,1,1,1,84460.18,2,PLATINUM,282
606,France,Female,39,3,0.0,2,1,0,50560.45,2,GOLD,612
825,France,Female,36,3,146053.66,1,1,1,138344.7,5,SILVER,347
592,Spain,Female,40,2,200322.45,1,1,1,113244.73,5,PLATINUM,482
696,Spain,Male,60,8,88786.81,1,1,1,196858.4,1,PLATINUM,628
622,Germany,Male,33,3,96926.12,2,1,0,48553.77,2,PLATINUM,776
710,France,Female,36,4,116085.06,1,1,0,58601.61,1,DIAMOND,306
723,Germany,Female,47,10,90450.0,2,0,0,103379.31,5,GOLD,244
706,Germany,Female,47,6,120621.89,1,1,1,140803.7,5,DIAMOND,870
545,Spain,Female,32,4,0.0,1,1,0,94739.2,1,PLATINUM,319
594,France,Female,31,9,0.0,1,0,1,5719.11,5,GOLD,365
838,France,Male,31,2,0.0,2,1,0,8222.96,1,GOLD,783
512,France,Male,24,6,0.0,2,1,0,37654.31,2,DIAMOND,572
611,Germany,Female,43,9,127216.31,2,0,1,17913.25,3,DIAMOND,564
704,Spain,Male,37,4,0.0,2,0,0,25684.93,5,SILVER,439
648,Germany,Female,40,5,139973.65,1,1,1,667.66,2,GOLD,579
588,France,Female,36,2,0.0,2,1,0,92536.0,3,DIAMOND,343
706,Germany,Female,56,3,139603.22,1,1,1,86383.61,4,SILVER,560
554,France,Female,35,10,74988.59,2,0,1,190155.13,1,PLATINUM,340
703,France,Female,33,8,190566.65,1,1,1,79997.14,3,PLATINUM,708
582,France,Female,29,0,0.0,1,1,1,84012.81,2,DIAMOND,572
432,Germany,Male,38,2,135559.8,2,1,1,71856.3,3,PLATINUM,622
772,Germany,Male,30,6,99785.28,2,0,0,197238.03,3,PLATINUM,410
691,France,Female,40,0,115465.98,1,1,1,60622.61,4,PLATINUM,823
738,France,Male,18,4,0.0,2,1,1,47799.15,5,PLATINUM,739
669,France,Male,30,7,95128.86,1,0,0,19799.26,4,PLATINUM,463
670,Germany,Female,32,4,102954.68,2,0,1,134942.45,5,SILVER,244
629,Spain,Male,36,1,161757.87,2,1,1,146371.72,2,DIAMOND,642
669,France,Female,38,9,121858.98,1,1,0,130755.34,2,DIAMOND,981
547,France,Female,29,6,104450.86,1,1,1,37160.28,2,SILVER,546
837,Germany,Male,38,2,126732.85,1,1,1,79577.38,2,DIAMOND,644
632,France,Female,40,9,139625.34,1,1,0,93702.96,5,DIAMOND,709
850,Spain,Female,39,10,0.0,2,1,1,143030.09,3,DIAMOND,440
537,Germany,Female,37,7,158411.95,4,1,1,117690.58,3,DIAMOND,888
497,Germany,Male,41,5,80542.81,1,0,0,88729.22,2,PLATINUM,334
512,Germany,Male,41,7,122403.24,1,0,1,37439.9,2,DIAMOND,681
800,France,Female,29,2,0.0,2,0,0,167773.55,4,PLATINUM,311
670,Spain,Male,67,6,158719.57,1,1,1,118607.4,3,SILVER,392
665,France,Female,55,8,136354.16,1,1,1,93769.89,4,GOLD,940
720,Spain,Male,33,3,123783.91,2,1,1,142903.44,2,SILVER,649
627,France,Male,43,8,71240.3,1,0,1,127734.16,2,DIAMOND,415
681,Spain,Female,57,2,173306.13,1,0,1,131964.66,3,DIAMOND,870
613,Germany,Male,59,8,91415.76,1,0,0,27965.0,2,DIAMOND,422
781,France,Female,28,4,0.0,2,1,0,177703.15,4,SILVER,602
746,Germany,Female,33,2,107868.14,2,1,1,146192.4,1,GOLD,459
488,Spain,Female,39,9,140553.46,1,0,0,12440.44,3,PLATINUM,243
589,France,Female,37,6,138497.84,1,0,1,18988.58,1,SILVER,828
757,France,Female,49,2,0.0,2,0,0,164482.92,1,PLATINUM,265
626,Germany,Male,36,2,181671.16,2,1,1,57531.14,1,DIAMOND,267
521,France,Male,25,7,0.0,2,1,1,157878.67,1,SILVER,323
669,France,Male,26,4,0.0,2,1,1,197594.34,2,GOLD,829
689,Germany,Male,45,0,130170.82,2,1,0,150856.38,3,SILVER,855
686,France,Male,25,1,0.0,2,0,1,16459.37,1,DIAMOND,578
754,Germany,Male,27,7,117578.35,2,0,1,87908.01,2,DIAMOND,662
658,Germany,Female,28,9,152812.58,1,1,0,166682.57,2,DIAMOND,790
600,Germany,Male,43,8,133379.41,1,1,0,177378.66,2,DIAMOND,448
599,Spain,Male,51,0,0.0,1,1,1,175235.99,3,SILVER,220
564,France,Female,53,2,45472.28,1,1,1,41055.71,5,PLATINUM,286
611,France,Male,30,9,0.0,2,1,1,148887.69,4,GOLD,973
444,France,Male,34,2,144318.97,1,1,0,112668.06,4,SILVER,310
610,France,Male,33,4,111582.11,1,0,0,113943.17,4,DIAMOND,692
581,Germany,Female,43,5,93259.57,3,1,0,141035.65,5,DIAMOND,276
637,France,Male,27,9,128940.24,1,1,0,46786.92,5,GOLD,304
445,Germany,Female,34,7,131082.17,2,1,1,70618.0,4,PLATINUM,802
674,France,Female,31,1,0.0,1,1,0,128954.05,2,SILVER,778
707,France,Male,35,2,0.0,3,1,1,94148.3,2,SILVER,855
705,France,Female,37,10,0.0,2,1,1,13935.53,3,GOLD,931
763,Germany,Female,32,1,108465.65,2,1,0,60552.44,4,GOLD,751
564,France,Female,27,6,0.0,1,0,0,7819.76,5,PLATINUM,602
684,France,Female,27,9,122550.05,2,0,1,137835.82,2,GOLD,807
468,Spain,Male,26,1,131643.25,1,1,0,64436.16,1,PLATINUM,855
719,Spain,Male,50,2,0.0,2,0,0,10772.13,4,PLATINUM,930
644,France,Male,37,6,117271.8,2,1,0,104217.96,5,PLATINUM,949
596,France,Male,33,2,139451.67,1,0,0,63142.12,4,PLATINUM,640
572,Spain,Male,23,2,126873.52,1,0,1,67040.12,4,GOLD,628
714,France,Male,28,6,122724.37,1,1,1,67057.27,1,DIAMOND,892
675,France,Male,54,6,0.0,1,1,0,110273.84,2,SILVER,420
793,Spain,Male,41,9,0.0,2,1,0,152153.74,4,GOLD,987
608,Spain,Male,45,4,0.0,2,0,0,36697.48,1,DIAMOND,796
577,Spain,Male,41,4,89015.61,1,0,1,135227.23,4,DIAMOND,719
728,Germany,Male,39,6,152182.83,1,0,0,161203.6,4,DIAMOND,256
721,Spain,Female,33,4,72535.45,1,1,1,103931.49,5,GOLD,739
570,Germany,Female,50,5,129293.74,1,1,0,177805.44,4,DIAMOND,988
750,Spain,Female,33,3,161801.47,1,0,1,153288.97,1,PLATINUM,263
671,France,Female,48,6,119769.77,1,0,1,66032.65,2,DIAMOND,475
719,Spain,Male,44,4,0.0,1,0,0,84972.9,5,DIAMOND,582
460,Germany,Female,35,8,102742.91,2,1,1,189339.6,5,DIAMOND,366
711,France,Male,41,3,0.0,2,1,1,193747.57,4,GOLD,876
657,Germany,Female,38,5,123770.46,1,0,0,47019.66,1,SILVER,385
583,France,Female,57,3,238387.56,1,0,1,147964.99,5,GOLD,552
653,Spain,Female,27,6,107751.68,2,1,1,33389.42,3,GOLD,563
794,Spain,Female,22,4,114440.24,1,1,1,107753.07,4,SILVER,226
648,Spain,Male,35,7,0.0,2,0,0,122899.01,2,DIAMOND,878
555,France,Female,26,7,0.0,2,1,0,93122.41,3,SILVER,591
745,France,Female,46,7,0.0,2,1,1,67769.94,4,PLATINUM,483
756,Germany,Male,44,10,137452.09,1,1,0,189543.9,5,PLATINUM,965
519,France,Female,22,8,0.0,1,0,1,167553.06,1,DIAMOND,941
733,Germany,Male,34,3,100337.96,3,1,0,48559.19,4,PLATINUM,759
788,France,Female,33,5,0.0,2,0,0,116978.19,3,GOLD,982
850,Germany,Female,47,10,134381.52,1,0,0,26812.89,4,DIAMOND,252
678,France,Male,43,1,133237.21,1,1,0,111032.79,1,GOLD,564
596,Spain,Male,30,6,121345.88,4,1,0,41921.75,2,SILVER,317
784,Spain,Male,35,3,0.0,2,0,0,81483.64,2,PLATINUM,469
654,France,Male,42,7,99263.09,1,1,1,67607.9,3,SILVER,911
457,France,Male,41,8,73700.12,3,1,1,185750.02,5,DIAMOND,310
656,France,Male,33,7,138705.02,2,1,0,37136.15,1,GOLD,396
710,Germany,Male,58,7,170113.0,2,0,1,10494.64,5,DIAMOND,916
773,Spain,Female,41,5,0.0,1,1,0,28266.9,4,DIAMOND,497
564,Germany,Male,33,3,109341.87,1,1,0,75632.78,5,SILVER,422
735,Spain,Male,34,5,0.0,2,0,0,71095.41,1,PLATINUM,898
585,Spain,Female,33,8,0.0,2,1,0,114182.07,4,PLATINUM,779
593,Germany,Male,69,2,187013.13,2,0,1,105898.69,1,GOLD,952
692,France,Female,30,7,0.0,2,1,1,18826.34,3,DIAMOND,973
763,France,Female,38,0,152582.2,2,0,0,31892.82,4,SILVER,624
494,Germany,Female,38,7,174937.64,1,1,0,40084.32,5,GOLD,794
807,Spain,Female,43,0,0.0,2,0,1,85523.24,5,PLATINUM,660
462,France,Male,27,4,176913.52,1,1,0,80587.27,2,SILVER,513
618,France,Male,37,5,0.0,1,0,1,178705.45,2,GOLD,595
543,Spain,Male,23,5,0.0,2,1,0,117832.39,2,PLATINUM,710
651,Germany,Male,31,7,138008.06,2,1,0,129912.74,3,DIAMOND,423
774,France,Female,41,5,126670.37,1,1,0,102426.06,4,SILVER,795
578,France,Male,38,7,82259.29,1,1,0,8996.97,1,DIAMOND,325
850,France,Female,47,9,137301.87,1,1,0,44351.77,1,SILVER,827
692,France,Female,36,4,0.0,1,1,0,185580.89,1,PLATINUM,283
641,France,Male,77,9,0.0,3,1,1,81514.06,4,PLATINUM,846
559,France,Female,43,1,0.0,2,1,1,196645.87,2,DIAMOND,701
847,France,Male,51,5,97565.74,1,0,0,144184.06,3,PLATINUM,530
538,Spain,Male,39,2,122773.5,2,1,1,58467.08,5,PLATINUM,419
850,France,Male,30,9,121535.18,1,0,0,40313.47,1,GOLD,531
847,Germany,Female,41,3,101543.51,4,1,0,16025.17,4,PLATINUM,924
781,France,Female,27,7,186558.55,1,1,1,175071.29,2,GOLD,403
683,Germany,Female,57,5,162448.69,1,0,0,9221.78,5,SILVER,746
773,France,Male,33,9,0.0,2,1,1,1118.31,3,SILVER,289
411,France,Female,54,9,0.0,1,0,1,76621.49,1,PLATINUM,739
655,France,Female,20,7,134397.61,1,0,0,28029.54,4,GOLD,516
709,France,Female,45,3,104118.5,1,0,1,174032.0,2,SILVER,569
722,France,Female,47,2,88011.4,1,1,1,90655.94,3,SILVER,691
507,France,Male,42,6,0.0,2,1,0,34777.23,1,DIAMOND,487
558,France,Female,47,9,0.0,2,1,0,103787.28,2,PLATINUM,251
681,Spain,Male,67,7,0.0,2,0,1,163714.92,1,SILVER,444
620,France,Male,36,8,0.0,2,1,1,145937.99,5,PLATINUM,675
754,Germany,Female,39,3,160761.41,1,1,1,24156.03,5,PLATINUM,721
521,Germany,Female,61,0,125193.96,1,1,1,109356.53,4,GOLD,312
689,Germany,Male,47,2,118812.5,2,0,0,31121.42,3,PLATINUM,810
663,Germany,Male,42,5,90248.79,1,1,1,79169.73,5,DIAMOND,995
595,France,Female,39,9,136422.41,1,1,1,151757.81,1,PLATINUM,379
618,Spain,Female,40,8,0.0,2,1,0,80204.38,3,DIAMOND,897
667,France,Male,31,1,119266.69,1,1,1,28257.63,2,SILVER,730
678,France,Female,55,5,0.0,1,0,1,196794.11,5,GOLD,222
619,Spain,Female,56,7,0.0,2,1,1,42442.21,1,PLATINUM,652
680,France,Male,44,3,0.0,2,1,0,86935.08,5,SILVER,254
698,France,Male,31,1,156111.24,1,0,0,134790.74,1,GOLD,941
555,Germany,Male,62,4,119817.33,1,0,1,43507.1,2,GOLD,697
709,France,Female,37,9,0.0,2,1,0,16733.59,5,GOLD,775
564,France,Male,35,4,0.0,1,1,0,158937.55,1,SILVER,258
692,France,Female,42,2,0.0,2,1,0,145222.93,3,PLATINUM,498
705,Germany,Male,35,4,136496.12,2,1,0,116672.02,5,DIAMOND,427
805,Spain,Female,39,5,165272.13,1,1,0,14109.85,3,SILVER,317
789,France,Male,37,3,0.0,1,1,0,121883.87,4,SILVER,259
791,Germany,Male,35,5,129828.58,1,1,1,181918.26,4,DIAMOND,249
755,France,Male,29,9,117035.89,1,1,1,21862.19,5,PLATINUM,301
546,Germany,Female,58,3,106458.31,4,1,0,128881.87,5,SILVER,369
605,France,Male,36,7,128829.25,1,1,0,190588.59,2,SILVER,879
572,France,Male,30,6,117696.67,1,1,0,100843.82,4,DIAMOND,748
741,Germany,Female,19,8,108711.57,2,1,0,24857.25,3,SILVER,812
524,France,Male,44,10,118569.03,2,0,0,82117.2,5,GOLD,843
789,Germany,Female,43,9,116644.29,2,1,1,60176.1,3,SILVER,642
816,Germany,Female,25,2,150355.35,2,1,1,35770.84,5,GOLD,402
601,France,Male,46,2,99786.07,1,1,1,32683.88,1,SILVER,284
850,Spain,Female,41,3,99945.93,2,1,0,71179.31,2,GOLD,252
814,France,Male,48,9,136596.85,1,1,1,185791.9,3,GOLD,935
766,France,Female,45,6,0.0,2,0,0,147184.74,3,PLATINUM,298
611,France,Male,68,5,82547.11,2,1,1,146448.01,3,GOLD,631
585,France,Female,67,5,113978.97,2,0,1,93146.11,5,SILVER,580
526,Spain,Female,36,5,91132.18,1,0,0,58111.71,1,DIAMOND,485
634,Germany,Male,74,5,108891.7,1,1,0,10078.02,5,DIAMOND,246
488,Germany,Female,28,7,139246.22,2,1,0,106799.49,2,PLATINUM,645
652,Spain,Female,75,10,0.0,2,1,1,114675.75,5,DIAMOND,651
826,Spain,Female,56,8,174506.1,2,0,1,161802.82,3,DIAMOND,808
499,France,Female,28,4,141792.61,1,1,1,22001.91,2,PLATINUM,695
804,France,Female,71,8,0.0,2,0,1,147995.96,5,SILVER,455
643,France,Male,39,7,0.0,2,1,1,170392.59,3,PLATINUM,677
677,France,Male,46,2,57037.74,1,1,1,158531.01,1,GOLD,870
690,France,Female,35,9,107944.33,2,0,0,48478.47,5,GOLD,469
608,Germany,Male,23,8,197715.93,2,1,1,116124.28,5,DIAMOND,845
676,Spain,Female,64,4,116954.32,1,1,1,91149.48,2,GOLD,855
782,Spain,Male,52,4,0.0,1,1,1,52759.82,4,GOLD,741
616,Spain,Female,32,6,0.0,2,1,1,43001.46,5,GOLD,512
718,France,Male,38,7,0.0,2,1,0,38308.34,2,SILVER,680
540,Germany,Male,39,1,82531.11,1,1,0,114092.52,3,GOLD,361
850,France,Female,35,9,0.0,2,0,0,25329.48,1,SILVER,998
531,France,Female,53,5,127642.44,1,1,0,141501.45,3,SILVER,341
774,Spain,Female,43,1,110646.54,1,0,0,108804.28,4,GOLD,597
779,Spain,Male,33,3,0.0,2,1,0,30804.68,4,DIAMOND,408
578,France,Male,59,10,185966.64,1,0,0,9445.42,2,GOLD,422
698,Germany,Male,52,8,96781.39,1,1,1,153373.71,1,GOLD,629
621,Spain,Female,40,7,0.0,2,0,1,131283.6,4,PLATINUM,499
626,France,Female,44,10,81553.93,1,1,0,20063.63,1,SILVER,780
560,France,Female,66,9,0.0,1,1,1,15928.49,3,DIAMOND,906
422,France,Female,33,2,0.0,2,1,0,102655.31,4,SILVER,332
739,France,Female,37,8,0.0,2,1,0,191557.1,2,GOLD,829
649,France,Male,41,0,0.0,2,0,1,130567.02,4,GOLD,547
614,France,Male,36,1,118311.76,1,1,0,146134.68,4,DIAMOND,709
583,France,Male,48,3,91246.53,1,1,0,60017.46,4,SILVER,401
762,Spain,Female,43,5,134204.67,1,1,1,139971.01,4,DIAMOND,672
648,Germany,Female,39,3,126935.98,2,0,1,57995.74,1,PLATINUM,693
612,Germany,Female,62,8,140745.33,1,1,0,193437.89,5,GOLD,455
682,Germany,Female,38,1,116520.28,1,1,1,49833.5,1,GOLD,463
766,Germany,Female,34,6,106434.94,1,0,1,137995.66,1,DIAMOND,384
714,Spain,Male,25,2,0.0,1,1,1,132979.43,3,DIAMOND,484
634,France,Male,77,5,0.0,2,1,1,161579.85,5,PLATINUM,398
676,Germany,Female,34,4,89437.03,1,1,1,189540.95,4,GOLD,366
850,France,Male,40,6,124788.18,1,1,0,65612.12,4,PLATINUM,657
557,France,Female,46,4,96173.17,2,1,1,116378.31,5,GOLD,689
630,France,Male,43,9,0.0,2,1,1,34338.04,4,GOLD,649
743,France,Female,46,9,0.0,1,1,0,113436.08,2,DIAMOND,761
752,France,Female,30,3,0.0,2,1,1,104991.28,4,SILVER,974
676,France,Male,38,1,0.0,2,0,1,35644.79,4,GOLD,498
625,France,Male,43,4,122351.29,1,1,0,71216.6,4,GOLD,936
562,France,Male,37,2,0.0,1,0,1,52525.15,3,PLATINUM,231
471,France,Female,58,4,114713.57,1,1,1,36315.03,1,PLATINUM,904
739,Spain,Male,40,1,109681.61,1,1,1,193321.3,5,PLATINUM,523
567,France,Male,38,6,127678.8,2,0,0,45422.89,1,GOLD,871
787,France,Female,35,1,106266.8,1,1,1,16607.15,5,DIAMOND,511
555,France,Male,24,5,0.0,2,1,0,27513.47,3,PLATINUM,747
536,Germany,Female,35,4,121520.36,1,0,0,77178.42,3,DIAMOND,881
443,Spain,Male,36,6,70438.01,2,0,1,56937.43,4,GOLD,858
453,Germany,Female,40,1,111524.49,1,1,1,120373.84,4,PLATINUM,867
515,Germany,Male,45,7,120961.5,3,1,1,39288.11,2,GOLD,692
726,France,Female,31,9,114722.05,2,1,1,98178.57,5,SILVER,811
666,France,Male,53,5,64646.7,1,1,0,128019.48,3,GOLD,580
802,Germany,Male,37,9,115569.21,1,0,1,119782.89,1,GOLD,927
628,Spain,Male,50,8,0.0,1,0,0,144366.83,2,GOLD,407
739,Spain,Male,38,0,128366.44,1,1,0,12796.43,3,PLATINUM,631
581,Spain,Female,43,4,170172.9,1,0,1,100236.02,4,GOLD,968
669,France,Male,23,1,0.0,2,0,0,66088.83,1,GOLD,250
554,France,Female,35,6,117707.18,2,0,0,95277.15,2,DIAMOND,643
606,France,Female,35,0,135984.15,2,1,0,186778.89,1,SILVER,337
603,France,Male,30,8,0.0,2,1,1,47536.46,5,GOLD,320
754,Germany,Male,57,2,101134.87,2,1,1,70954.41,5,GOLD,898
712,Germany,Male,38,7,132767.66,2,1,1,59115.77,5,DIAMOND,358
450,Spain,Female,34,2,0.0,2,1,0,175480.93,1,SILVER,920
626,France,Female,44,2,0.0,1,0,1,173117.22,4,GOLD,307
850,France,Female,39,0,104386.53,1,1,0,105886.77,1,SILVER,514
705,France,Female,31,3,119794.67,1,0,0,182528.44,5,GOLD,685
452,France,Female,35,8,0.0,2,1,1,149614.81,1,PLATINUM,514
584,France,Male,36,9,0.0,1,1,1,105818.51,3,PLATINUM,951
523,France,Male,45,5,0.0,2,1,1,121428.2,2,SILVER,386
769,France,Male,48,2,96542.16,2,0,1,197885.72,3,DIAMOND,827
819,Germany,Female,49,1,120656.86,4,0,0,166164.3,3,PLATINUM,991
579,Germany,Male,31,6,139729.54,1,0,1,135815.38,4,SILVER,664
562,France,Female,57,3,0.0,3,1,0,6554.97,2,SILVER,571
571,Germany,Female,66,9,111577.01,1,0,1,189271.9,1,PLATINUM,445
701,Spain,Female,30,2,0.0,2,1,0,115650.63,1,DIAMOND,528
687,Spain,Male,35,8,100988.39,2,1,0,22247.27,2,SILVER,594
745,Germany,Male,51,3,99183.9,1,1,1,28922.25,5,SILVER,270
586,Spain,Male,29,2,132450.24,1,1,1,36176.63,3,DIAMOND,423
707,Germany,Male,34,9,162691.16,2,1,0,94912.78,3,SILVER,932
639,France,Male,27,8,0.0,2,1,0,192247.35,2,PLATINUM,740
585,France,Male,55,10,106415.57,3,1,1,122960.98,1,GOLD,749
783,Spain,Male,38,1,0.0,3,1,1,80178.54,3,SILVER,534
650,Germany,Female,28,5,122034.4,3,0,1,146663.43,4,DIAMOND,240
530,Spain,Male,37,4,0.0,2,1,1,164844.37,2,PLATINUM,885
642,Germany,Male,30,8,134497.27,1,0,0,43250.54,3,GOLD,999
642,Germany,Male,49,4,120688.61,1,1,0,24770.22,1,GOLD,641
476,France,Female,34,10,0.0,2,1,0,26260.98,3,SILVER,119
757,France,Male,28,7,120911.75,2,1,1,131249.46,1,SILVER,411
557,France,Female,39,7,49572.73,1,1,0,115287.99,2,SILVER,647
609,France,Male,37,6,0.0,2,0,1,22030.72,1,GOLD,482
635,Germany,Female,44,2,79064.85,2,0,1,113291.75,1,PLATINUM,855
584,France,Male,28,10,0.0,2,1,0,19834.32,3,GOLD,706
722,France,Male,20,6,0.0,2,1,0,195486.28,5,DIAMOND,543
748,Spain,Male,35,5,105492.53,1,1,1,150057.2,4,GOLD,811
543,France,Female,36,3,0.0,2,0,0,26019.59,2,DIAMOND,255
434,France,Male,41,4,108128.52,1,0,1,56784.11,1,PLATINUM,695
706,France,Female,29,5,112564.62,1,1,0,42334.38,5,PLATINUM,819
703,France,Female,32,6,0.0,2,0,0,33606.52,3,PLATINUM,639
540,Germany,Male,35,7,127801.88,1,0,1,84239.46,5,GOLD,830
571,Germany,Female,34,1,101736.66,1,0,1,195651.66,1,SILVER,696
646,Spain,Male,31,2,0.0,1,1,1,170821.43,4,DIAMOND,350
590,Spain,Female,38,9,0.0,2,1,1,148750.16,3,SILVER,575
521,Spain,Female,49,4,82940.25,2,0,0,62413.01,3,GOLD,772
532,Spain,Female,39,0,0.0,2,1,0,94977.3,1,PLATINUM,777
641,France,Male,30,2,87505.47,2,0,1,7278.57,2,DIAMOND,893
687,Spain,Male,35,3,0.0,2,1,1,176450.19,2,SILVER,508
625,France,Female,40,7,141267.67,1,0,1,177397.49,2,DIAMOND,358
625,France,Female,52,2,79468.96,1,1,1,84606.03,2,PLATINUM,629
678,France,Female,31,1,0.0,2,0,1,130446.65,2,GOLD,246
789,France,Female,32,7,69423.52,1,1,0,107499.39,2,SILVER,666
576,Germany,Male,29,7,130575.26,1,0,1,173629.78,3,PLATINUM,233
613,France,Female,46,8,167795.6,1,0,1,44390.38,2,DIAMOND,411
568,Spain,Female,32,7,169399.6,1,1,0,61936.22,4,PLATINUM,234
611,France,Male,49,3,0.0,2,1,1,142917.54,4,PLATINUM,437
770,France,Female,30,8,0.0,2,1,0,100557.03,5,SILVER,417
548,Spain,Male,33,6,0.0,1,1,1,31728.35,4,GOLD,855
602,France,Female,42,10,0.0,2,0,0,169921.11,2,DIAMOND,600
802,Spain,Male,41,5,0.0,2,1,1,134626.3,2,PLATINUM,349
584,Germany,Female,30,8,112013.81,1,1,0,177772.03,4,PLATINUM,641
452,France,Female,33,6,131698.57,2,1,0,151623.91,3,GOLD,475
719,France,Female,42,4,0.0,1,1,0,28465.86,5,PLATINUM,570
601,France,Male,35,2,0.0,2,1,1,118983.18,5,PLATINUM,552
757,Spain,Female,55,9,117294.12,4,1,0,94187.47,2,DIAMOND,918
714,France,Female,25,4,0.0,2,0,0,82500.84,4,GOLD,327
575,Germany,Male,47,9,107915.94,2,1,1,63452.18,5,DIAMOND,232
500,Spain,Male,40,1,99004.24,1,1,1,152845.99,5,GOLD,481
550,France,Female,46,7,0.0,2,1,0,130590.35,5,GOLD,473
580,Germany,Male,45,2,179334.83,2,1,1,169303.65,5,SILVER,928
768,France,Female,40,8,0.0,2,0,1,69080.46,5,GOLD,334
542,France,Female,39,4,109949.39,2,1,1,41268.65,4,SILVER,339
647,France,Male,41,4,138937.35,1,1,1,101617.64,5,DIAMOND,918
850,Germany,Female,30,3,104911.35,2,1,1,42933.26,3,PLATINUM,334
662,Spain,Female,54,1,187997.15,1,0,0,111442.71,4,SILVER,857
591,Germany,Male,46,4,129269.27,1,1,0,163504.33,1,GOLD,290
624,Spain,Male,33,6,0.0,2,0,0,76551.7,5,GOLD,566
793,Spain,Male,38,9,0.0,2,1,0,88225.02,1,SILVER,690
670,France,Female,35,3,103465.02,2,1,1,174627.06,3,SILVER,671
591,France,Male,33,9,131765.72,1,1,0,118782.06,5,GOLD,597
687,Spain,Female,21,8,0.0,2,1,1,154767.34,5,PLATINUM,449
682,France,Male,48,1,138778.15,1,0,1,168840.23,5,SILVER,229
788,France,Male,55,3,0.0,1,0,1,13288.46,5,DIAMOND,751
810,France,Female,51,5,0.0,2,0,1,184524.74,1,DIAMOND,527
539,France,Female,24,3,0.0,2,1,1,198161.07,4,PLATINUM,449
725,France,Male,37,6,124348.38,2,0,1,176984.34,5,PLATINUM,309
717,Spain,Female,42,5,190305.78,1,1,0,99347.8,1,SILVER,758
600,France,Male,34,0,0.0,2,0,1,3756.23,2,GOLD,964
695,France,Male,37,2,0.0,2,1,1,99692.65,1,SILVER,361
569,Spain,Male,43,8,161546.68,2,0,1,178187.28,2,PLATINUM,415
562,Spain,Male,32,6,161628.66,1,1,0,91482.5,5,SILVER,561
485,Spain,Male,32,6,102238.01,2,1,1,194010.12,4,PLATINUM,784
697,France,Female,39,6,151553.19,1,1,1,44946.29,4,SILVER,221
694,Spain,Male,38,7,121527.4,1,1,0,113481.02,4,PLATINUM,582
569,Spain,Female,41,4,139840.36,1,1,1,163524.7,3,SILVER,970
795,Germany,Female,33,9,104552.72,1,1,1,120853.83,1,SILVER,381
693,France,Male,41,4,0.0,2,0,0,156381.47,4,PLATINUM,448
555,Spain,Female,26,9,0.0,2,0,1,158918.03,3,SILVER,554
812,France,Male,44,4,115049.15,2,1,0,165038.41,2,DIAMOND,223
629,Spain,Male,35,4,174588.8,2,0,1,158420.14,1,DIAMOND,391
759,France,Female,33,2,0.0,2,1,0,56583.88,1,SILVER,428
693,Spain,Male,28,1,145118.83,1,0,1,77742.38,5,GOLD,944
654,Spain,Female,54,5,0.0,2,0,1,47139.06,3,SILVER,613
593,Germany,Female,62,3,118233.81,1,0,1,24765.53,3,DIAMOND,376
721,Spain,Male,38,7,0.0,1,0,1,53534.8,3,GOLD,932
834,Spain,Male,34,5,0.0,2,0,0,53437.1,5,GOLD,709
753,France,Female,50,4,0.0,2,1,1,861.4,5,PLATINUM,464
641,France,Female,48,3,147341.43,1,1,1,157458.61,3,DIAMOND,611
638,France,Male,41,1,131762.94,1,1,1,47675.29,4,PLATINUM,503
797,France,Male,32,10,114084.6,1,0,1,125782.29,1,SILVER,543
635,France,Female,58,1,0.0,1,1,1,58907.08,1,DIAMOND,318
662,Spain,Male,37,4,155187.3,1,1,0,48930.8,2,GOLD,828
695,France,Male,43,1,100421.1,1,1,1,101141.28,1,GOLD,979
757,France,Male,28,3,75381.15,1,1,1,199727.72,5,GOLD,378
606,Germany,Female,47,0,137138.2,2,0,1,53784.22,4,SILVER,765
462,Germany,Female,24,9,69881.09,2,0,1,64421.02,3,SILVER,456
644,Spain,Female,31,5,86006.3,1,1,1,73922.95,2,SILVER,274
547,Germany,Male,49,8,121537.71,2,1,0,46521.45,2,DIAMOND,227
537,France,Male,37,3,0.0,2,1,1,20603.32,2,SILVER,847
572,France,Female,47,2,0.0,2,1,0,36099.7,4,GOLD,991
769,France,Female,25,10,0.0,2,0,0,187925.75,3,DIAMOND,865
719,France,Male,69,3,0.0,2,1,1,58320.06,4,SILVER,489
693,France,Male,21,1,0.0,2,1,1,3494.02,3,PLATINUM,931
742,Germany,Male,27,5,190125.43,2,0,0,21793.59,2,DIAMOND,788
765,Germany,Male,37,7,102708.77,1,1,0,9087.81,4,PLATINUM,597
559,France,Male,29,1,0.0,2,0,0,155639.76,1,DIAMOND,839
484,France,Male,41,5,0.0,1,1,1,74267.35,5,SILVER,634
662,France,Female,32,4,133950.37,1,1,1,48725.68,1,DIAMOND,368
747,France,Male,41,5,0.0,2,1,1,22750.17,3,DIAMOND,339
631,France,Male,35,9,112392.45,2,1,0,24472.23,2,DIAMOND,549
545,France,Male,26,7,0.0,2,0,1,156598.23,2,GOLD,781
824,France,Male,26,7,146266.0,1,1,0,21903.62,2,GOLD,867
635,Spain,Male,46,8,0.0,2,1,1,60739.16,1,GOLD,635
531,Spain,Female,36,9,99240.51,1,1,0,123137.01,1,PLATINUM,717
695,France,Male,45,9,43134.65,1,0,1,77330.35,1,GOLD,582
526,France,Male,42,1,0.0,1,0,1,168486.02,1,GOLD,593
717,France,Male,31,4,129722.57,1,0,0,41176.6,5,GOLD,585
663,Spain,Female,28,8,61274.7,2,1,0,136054.45,4,PLATINUM,244
713,France,Male,44,1,63438.91,1,1,0,64375.4,5,GOLD,658
562,France,Male,48,3,92347.96,1,1,1,163116.75,1,DIAMOND,876
729,Germany,Male,26,4,97268.1,2,1,0,39356.38,3,GOLD,309
588,Spain,Male,37,2,0.0,2,0,1,187816.59,2,DIAMOND,889
669,Spain,Male,22,10,0.0,2,1,0,176163.74,3,PLATINUM,408
793,France,Male,39,3,137817.52,1,0,0,83997.79,5,PLATINUM,252
761,France,Male,31,7,0.0,3,1,1,166698.18,5,GOLD,753
709,Germany,Male,22,0,112949.71,1,0,0,155231.55,1,SILVER,925
691,France,Female,33,1,128306.83,1,1,1,113580.79,2,PLATINUM,459
787,France,Female,42,10,145988.65,2,1,1,79510.37,4,DIAMOND,396
629,France,Female,37,6,129101.3,1,1,1,23971.33,1,DIAMOND,330
513,France,Female,45,0,164649.52,3,1,0,49915.52,4,GOLD,590
606,France,Female,71,8,0.0,2,1,1,169741.96,4,GOLD,814
713,Spain,Male,42,0,109121.71,1,0,1,167873.49,5,GOLD,872
405,Germany,Male,31,5,133299.67,2,1,1,72950.14,3,SILVER,634
634,Germany,Male,48,2,107247.69,1,1,1,103712.05,5,GOLD,674
444,France,Female,45,4,0.0,2,1,0,161653.5,3,DIAMOND,482
748,France,Male,34,5,84009.47,1,1,1,137001.1,4,SILVER,440
735,France,Male,43,9,127806.91,1,1,1,73069.59,2,GOLD,895
706,Germany,Female,28,6,124923.35,2,1,1,50299.14,3,DIAMOND,536
537,France,Female,38,10,0.0,1,0,0,52337.97,2,GOLD,958
575,Spain,Male,30,2,0.0,2,1,1,82222.86,1,PLATINUM,934
632,France,Male,50,2,0.0,2,0,0,57942.88,1,PLATINUM,419
686,Germany,Female,39,4,157731.6,2,1,0,162820.6,1,GOLD,323
499,Germany,Female,44,6,77627.33,2,1,0,108222.68,4,PLATINUM,545
663,France,Male,45,5,83195.12,1,1,1,48682.1,2,GOLD,290
613,Germany,Male,40,1,147856.82,3,0,0,107961.11,2,SILVER,249
583,France,Female,40,4,55776.39,2,1,0,26920.43,3,GOLD,574
590,Spain,Female,51,10,84474.62,2,1,1,190937.09,3,PLATINUM,690
714,Germany,Male,26,3,119545.48,2,1,0,65482.94,3,PLATINUM,276
632,France,Male,43,2,100013.51,1,1,0,24275.32,5,SILVER,839
485,Spain,Female,30,7,0.0,1,1,0,107067.37,1,DIAMOND,829
714,France,Male,46,1,0.0,1,1,0,152167.79,2,PLATINUM,747
668,Germany,Female,39,0,122104.79,1,1,0,112946.67,5,DIAMOND,749
519,France,Male,36,9,0.0,2,0,1,145562.4,2,PLATINUM,833
535,France,Female,48,9,0.0,1,1,0,149892.79,4,GOLD,697
680,France,Female,34,1,0.0,2,1,0,167035.07,3,DIAMOND,579
712,Spain,Male,74,5,0.0,2,0,0,151425.82,2,GOLD,942
701,France,Female,42,6,86167.82,1,1,0,153342.38,5,DIAMOND,958
805,Germany,Female,26,8,42712.87,2,1,1,28861.69,4,GOLD,796
551,France,Female,36,5,0.0,1,1,0,183479.12,4,PLATINUM,960
570,France,Male,39,10,129674.89,2,1,0,80552.36,3,DIAMOND,723
574,France,Female,33,3,134348.57,1,1,0,63163.99,4,DIAMOND,596
685,France,Male,35,9,0.0,1,1,0,167033.83,5,PLATINUM,980
563,France,Female,32,0,148326.09,1,1,0,191604.27,3,GOLD,356
799,Germany,Male,28,7,167658.33,2,1,1,111138.25,5,DIAMOND,938
704,Spain,Female,24,2,0.0,1,1,0,35600.25,3,PLATINUM,443
516,France,Female,46,1,104947.72,1,1,0,115789.25,5,DIAMOND,665
587,France,Male,39,10,0.0,2,1,1,170409.45,5,GOLD,317
521,France,Male,35,6,96423.84,1,1,0,10488.44,4,PLATINUM,280
689,Spain,Female,28,5,95328.6,1,1,0,6129.61,3,GOLD,230
698,Spain,Female,39,9,161993.89,1,0,0,90212.38,3,DIAMOND,515
520,France,Female,39,1,73493.17,1,0,1,109626.13,2,SILVER,721
739,Spain,Male,60,4,0.0,1,1,1,51637.67,1,DIAMOND,457
688,Germany,Male,45,9,103399.87,1,0,0,129870.93,1,PLATINUM,632
793,France,Male,35,2,0.0,2,1,1,79704.12,4,DIAMOND,347
586,France,Female,35,7,0.0,2,1,0,70760.69,4,PLATINUM,481
531,Spain,Female,42,6,75302.85,2,0,0,57034.35,1,PLATINUM,505
479,Germany,Male,51,1,107714.74,3,1,0,86128.21,2,DIAMOND,451
667,Germany,Female,27,3,106116.5,2,1,0,3674.71,1,DIAMOND,683
769,Spain,Male,38,6,0.0,2,0,0,104393.78,5,PLATINUM,390
769,Germany,Male,34,7,115101.5,1,0,0,57841.89,2,SILVER,804
627,France,Male,33,5,0.0,2,1,1,103737.82,4,PLATINUM,499
685,Spain,Female,30,2,0.0,3,1,1,172576.43,5,PLATINUM,894
529,France,Female,38,2,0.0,1,1,0,146388.85,5,DIAMOND,339
594,France,Male,35,2,133853.27,1,1,1,65361.66,1,GOLD,722
751,France,Male,30,3,165257.2,1,0,0,134822.05,5,GOLD,485
689,Germany,Male,67,9,157094.78,1,1,1,99490.01,2,GOLD,670
566,Germany,Female,35,1,123042.0,1,1,0,66245.44,1,DIAMOND,704
622,Spain,Male,37,4,0.0,2,1,0,4459.5,3,PLATINUM,882
557,France,Male,39,8,146200.01,1,1,0,177944.64,2,GOLD,779
599,France,Male,44,10,118577.24,1,1,1,31448.52,2,SILVER,785
575,Spain,Male,53,1,84903.33,2,0,1,26015.8,3,GOLD,899
665,France,Male,36,1,0.0,2,0,1,121505.61,2,PLATINUM,350
604,Spain,Male,23,9,124577.33,1,1,1,7267.25,4,DIAMOND,470
789,Germany,Female,37,6,110689.07,1,1,1,71121.04,1,SILVER,792
619,France,Female,28,3,0.0,2,1,0,53394.12,3,PLATINUM,658
702,Germany,Male,28,1,103033.83,1,1,1,40321.87,2,PLATINUM,894
834,France,Female,49,8,160602.25,2,1,0,129273.94,2,GOLD,771
707,France,Male,58,6,89685.92,1,0,1,126471.13,2,GOLD,230
670,Spain,Female,29,9,0.0,2,1,0,27359.19,4,DIAMOND,440
664,France,Male,24,7,0.0,1,0,1,35611.35,2,GOLD,607
628,France,Male,32,9,149136.31,2,1,1,16402.11,3,GOLD,859
792,Germany,Female,50,4,146710.76,1,1,0,16528.4,4,GOLD,895
563,Spain,Male,26,7,0.0,2,0,0,6139.74,4,DIAMOND,743
580,Germany,Male,24,1,133811.78,1,1,0,17185.95,2,DIAMOND,500
598,Germany,Female,46,7,131769.04,1,0,0,184980.23,2,GOLD,911
531,France,Male,37,7,121854.45,1,1,0,147521.35,1,PLATINUM,515
607,France,Male,44,0,0.0,2,1,1,81140.09,4,DIAMOND,430
694,France,Female,22,4,0.0,2,1,1,11525.72,1,GOLD,988
673,France,Female,42,4,0.0,2,1,0,121440.8,3,GOLD,595
595,France,Male,52,9,0.0,1,1,1,106340.66,4,GOLD,479
732,Spain,Female,69,9,137453.43,1,0,1,110932.24,5,PLATINUM,719
646,France,Male,30,5,98014.74,1,1,1,12757.14,4,PLATINUM,329
648,Germany,Male,41,5,123049.21,1,0,1,5066.76,3,DIAMOND,946
643,Spain,Female,34,8,117451.47,1,1,0,65374.86,2,DIAMOND,531
760,Germany,Male,42,0,77992.97,2,1,1,97906.38,5,GOLD,969
471,Germany,Male,23,6,104592.55,2,1,0,131736.23,2,DIAMOND,485
505,France,Female,36,2,79951.9,1,0,1,174123.16,4,PLATINUM,253
711,France,Female,37,8,113899.92,1,0,0,80215.2,3,SILVER,436
613,France,Male,26,4,100446.57,1,0,1,149653.81,1,DIAMOND,292
517,France,Female,45,4,0.0,1,0,0,172674.36,3,SILVER,296
489,France,Female,51,3,0.0,2,0,1,174098.28,3,GOLD,683
616,France,Male,37,5,144235.73,2,0,0,154957.66,1,PLATINUM,993
670,France,Female,31,9,0.0,1,0,1,76254.83,3,DIAMOND,761
629,Spain,Male,39,5,0.0,2,0,0,116748.14,5,GOLD,839
764,France,Male,24,7,98148.61,1,1,0,26843.76,1,GOLD,275
511,France,Female,33,3,0.0,2,1,0,132436.71,1,DIAMOND,982
621,Germany,Female,55,7,131033.76,1,0,1,75685.59,4,SILVER,412
706,France,Male,38,1,0.0,2,1,0,122379.54,1,SILVER,884
644,Germany,Female,32,8,141528.88,1,1,1,167087.34,1,GOLD,863
627,Germany,Female,37,7,147361.57,1,1,1,133031.96,1,DIAMOND,916
738,France,Female,67,1,130652.52,1,0,1,22762.23,4,DIAMOND,707
518,France,Male,46,3,0.0,2,1,0,76515.79,2,PLATINUM,583
829,Germany,Female,27,9,112045.67,1,1,1,119708.21,3,DIAMOND,779
850,France,Male,28,8,99986.98,1,1,0,196582.55,3,PLATINUM,895
784,Spain,Female,40,8,0.0,2,1,0,108891.3,2,PLATINUM,672
581,Germany,Female,34,1,101633.04,1,1,0,110431.51,3,PLATINUM,469
532,France,Male,60,5,76705.87,2,0,1,13889.73,5,GOLD,753
693,Spain,Female,39,0,0.0,2,0,0,81901.6,1,SILVER,450
599,Germany,Male,45,10,103583.05,1,1,0,132127.69,2,SILVER,376
675,France,Male,34,8,0.0,2,1,1,184842.21,2,GOLD,977
686,France,Male,26,7,0.0,2,1,0,1540.89,3,DIAMOND,414
843,France,Female,38,8,134887.53,1,1,1,10804.04,1,DIAMOND,923
836,Spain,Male,57,4,101247.06,1,1,0,37141.62,4,GOLD,611
596,Spain,Female,30,1,0.0,2,1,0,8125.39,1,DIAMOND,951
682,Germany,Female,35,2,117438.92,2,1,1,16910.98,5,PLATINUM,348
850,France,Male,38,5,0.0,2,1,0,16491.64,1,SILVER,829
554,France,Female,45,6,0.0,2,1,1,181204.5,3,DIAMOND,802
750,France,Female,47,7,121376.15,2,1,0,54473.6,2,DIAMOND,803
744,France,Male,31,9,120718.28,1,1,1,58961.49,3,GOLD,332
754,France,Male,38,2,0.0,2,1,0,180698.32,3,GOLD,357
785,Germany,Female,33,6,127211.45,1,0,0,191961.83,3,SILVER,457
563,Spain,Female,36,4,143680.47,2,1,1,63531.19,1,GOLD,735
785,France,Female,36,4,135438.4,1,0,0,190627.01,4,SILVER,834
579,France,Male,31,6,0.0,2,1,0,26149.25,4,PLATINUM,604
632,France,Male,32,6,111589.33,1,1,1,170382.99,4,DIAMOND,782
677,Spain,Female,35,0,0.0,2,0,0,76637.38,4,SILVER,889
652,Spain,Male,41,8,115144.68,1,1,0,188905.43,4,SILVER,900
609,France,Male,26,10,126392.18,1,0,1,43651.49,1,GOLD,494
627,Germany,Female,35,2,137852.96,1,1,1,172269.21,3,SILVER,803
696,Germany,Male,31,3,150604.52,1,0,0,5566.6,5,PLATINUM,326
684,France,Male,35,6,135871.5,1,1,1,87219.41,5,DIAMOND,353
701,Germany,Male,23,5,186101.18,2,1,1,76611.33,4,SILVER,908
624,Germany,Female,40,3,149961.99,2,1,0,104610.86,2,PLATINUM,576
592,Germany,Female,70,5,71816.74,2,1,0,105096.82,1,DIAMOND,255
580,Spain,Male,29,9,61710.44,2,1,0,128077.8,1,DIAMOND,520
620,France,Male,28,8,0.0,2,1,1,199909.32,4,SILVER,933
664,France,Male,32,10,107209.73,1,1,1,112340.2,2,DIAMOND,739
544,France,Female,33,6,0.0,2,1,1,124113.04,4,SILVER,617
640,Germany,Male,39,9,131607.28,4,0,1,6981.43,2,GOLD,436
647,Germany,Female,22,3,97975.82,2,0,1,62083.0,5,DIAMOND,299
718,Spain,Male,39,6,0.0,2,0,1,63889.1,1,SILVER,583
737,France,Male,36,9,0.0,1,0,1,188670.9,3,SILVER,848
657,Spain,Male,40,10,0.0,2,1,1,52990.7,3,GOLD,724
628,France,Female,51,3,123981.31,2,1,1,40546.15,5,SILVER,351
773,Spain,Male,41,9,102827.44,1,0,1,64595.25,5,DIAMOND,488
588,Germany,Male,49,6,132623.76,3,1,0,36292.94,3,PLATINUM,959
588,Germany,Male,41,6,106116.56,2,1,0,198766.61,3,DIAMOND,666
748,France,Male,38,4,115221.36,1,0,1,70956.75,5,PLATINUM,986
696,Germany,Male,32,8,101160.99,1,1,1,115916.55,4,DIAMOND,694
717,France,Male,28,4,128206.79,1,1,1,54272.12,1,SILVER,931
674,Germany,Female,38,10,83727.68,1,1,0,45418.12,1,DIAMOND,450
678,France,Female,60,2,0.0,2,1,1,43821.56,4,SILVER,394
686,France,Male,60,9,0.0,3,1,1,75246.21,4,GOLD,295
744,Germany,Male,41,7,190409.34,2,1,1,138361.48,3,PLATINUM,915
445,France,Male,37,3,0.0,2,1,1,180012.39,4,GOLD,288
603,Spain,Male,30,6,129548.5,2,1,1,19282.85,2,SILVER,553
645,France,Female,36,8,0.0,2,1,1,12096.61,2,PLATINUM,608
594,Germany,Male,28,5,185013.02,1,1,0,16481.12,2,GOLD,817
658,France,Female,32,9,0.0,2,1,0,156774.75,4,DIAMOND,384
607,Germany,Male,38,3,98205.77,1,1,0,176318.27,4,PLATINUM,354
688,Spain,Female,33,2,0.0,1,0,0,27557.18,1,DIAMOND,878
715,France,Male,32,8,175307.32,1,1,0,187051.23,3,GOLD,672
535,France,Male,33,2,133040.32,1,1,1,110299.78,4,DIAMOND,322
564,Spain,Female,24,6,149592.14,1,1,1,153771.8,2,GOLD,301
545,Germany,Male,33,1,132527.9,2,0,1,107429.71,5,SILVER,898
635,France,Male,33,1,0.0,3,0,0,178067.33,5,DIAMOND,897
646,France,Female,46,8,0.0,2,1,0,133059.15,5,DIAMOND,594
685,Spain,Female,42,2,0.0,2,0,0,199992.48,2,SILVER,810
792,France,Female,28,4,130142.79,1,1,0,38190.78,3,DIAMOND,911
447,France,Male,41,3,0.0,4,1,1,197490.39,2,SILVER,408
590,France,Male,47,0,117879.32,1,1,1,8214.46,5,PLATINUM,874
594,Spain,Female,49,2,126615.94,2,0,1,123214.74,3,DIAMOND,650
577,France,Female,39,10,0.0,2,1,0,10553.31,2,PLATINUM,596
524,Germany,Female,25,7,131402.21,1,0,0,193668.49,4,PLATINUM,997
793,France,Female,63,9,116270.72,1,1,1,184243.25,3,DIAMOND,236
451,Germany,Female,38,9,61482.47,1,1,1,167538.66,1,GOLD,628
850,France,Male,34,2,72079.71,1,1,1,115767.93,2,GOLD,555
767,France,Male,48,9,0.0,2,0,1,175458.21,5,DIAMOND,741
711,France,Female,29,9,0.0,2,0,1,3234.8,4,PLATINUM,501
790,Germany,Male,50,8,121438.58,1,1,1,176471.78,4,GOLD,352
617,Spain,Female,37,9,101707.8,1,1,0,123866.28,5,GOLD,425
627,Spain,Male,44,6,0.0,1,1,1,114469.55,5,SILVER,258
651,France,Male,35,0,181821.96,2,0,1,36923.67,5,PLATINUM,539
701,Germany,Male,63,3,120916.52,3,0,0,144727.45,1,DIAMOND,566
784,Germany,Male,28,2,109960.06,2,1,1,170829.87,2,DIAMOND,797
411,France,Male,29,0,59697.17,2,1,1,53483.21,2,GOLD,343
651,Spain,Male,42,2,143145.87,2,1,0,43612.06,4,SILVER,288
683,France,Male,43,8,0.0,1,1,0,96754.8,1,SILVER,309
659,France,Male,54,8,133436.52,1,1,0,56787.8,4,DIAMOND,344
579,Germany,Female,64,6,145215.43,1,1,1,164083.72,5,SILVER,792
532,France,Male,38,9,0.0,2,0,0,30583.95,2,PLATINUM,396
638,France,Male,34,6,114543.27,1,1,1,97755.29,4,DIAMOND,613
647,Germany,Female,41,1,85906.65,3,1,0,189159.97,3,SILVER,936
553,Germany,Male,46,3,82291.1,1,1,0,112549.99,1,DIAMOND,880
670,Germany,Female,36,2,84266.44,2,0,0,38614.69,5,SILVER,508
679,France,Female,33,9,112528.65,2,1,0,177362.45,2,SILVER,362
512,France,Female,41,6,0.0,1,1,1,100507.81,3,PLATINUM,920
593,France,Female,29,2,152265.43,1,1,0,34004.44,1,SILVER,907
707,France,Male,29,4,0.0,2,1,0,139953.94,4,GOLD,565
850,France,Male,30,6,86449.39,1,1,1,188809.23,2,GOLD,755
350,France,Female,40,0,111098.85,1,1,1,172321.21,2,DIAMOND,670
599,Spain,Male,34,2,101506.66,1,0,0,198030.24,3,PLATINUM,447
561,France,Male,32,5,0.0,2,1,0,84871.99,4,SILVER,332
550,Spain,Male,39,2,116120.19,2,1,1,195638.13,1,GOLD,805
704,France,Male,36,7,120026.98,2,0,1,100601.73,1,GOLD,348
660,Germany,Male,30,1,84440.1,2,1,1,60485.98,2,SILVER,761
677,France,Male,42,5,99580.13,1,1,0,21007.96,1,GOLD,627
638,Spain,Male,48,2,0.0,2,1,1,7919.08,1,DIAMOND,674
685,France,Female,33,1,0.0,3,0,1,70221.13,3,PLATINUM,797
721,Germany,Male,37,4,98459.6,1,0,0,90821.66,3,GOLD,559
725,France,Male,46,6,0.0,2,1,0,161767.38,2,GOLD,393
554,France,Female,38,3,138731.95,1,1,1,194138.36,5,DIAMOND,922
694,France,Female,33,4,129731.64,2,1,0,178123.86,3,DIAMOND,718
790,Spain,Male,46,8,182364.53,1,0,0,139266.48,2,GOLD,661
666,France,Female,36,8,0.0,1,0,1,158666.99,3,GOLD,507
686,France,Male,39,4,0.0,2,1,0,155023.93,4,DIAMOND,977
504,France,Female,49,7,0.0,3,0,1,87822.14,5,SILVER,408
600,France,Female,27,3,0.0,2,0,1,125698.97,3,PLATINUM,339
699,France,Male,37,10,0.0,2,0,0,83263.04,1,DIAMOND,388
692,Germany,Male,45,6,152296.83,4,0,1,108040.86,4,DIAMOND,489
376,Germany,Female,29,4,115046.74,4,1,0,119346.88,2,DIAMOND,282
614,France,Male,40,6,0.0,1,1,1,20339.79,4,PLATINUM,438
770,France,Female,37,9,0.0,2,0,0,22710.72,2,GOLD,281
608,France,Male,42,10,163548.07,1,1,0,38866.85,3,DIAMOND,602
733,Germany,Male,74,3,106545.53,1,1,1,134589.58,1,GOLD,978
655,France,Male,28,10,0.0,2,0,1,126565.21,2,SILVER,315
834,France,Male,36,8,142882.49,1,1,0,89983.02,3,DIAMOND,328
758,Germany,Female,23,5,122739.1,1,1,0,102460.84,5,GOLD,546
599,Germany,Female,49,10,143888.22,2,1,1,166236.38,4,SILVER,383
743,France,Male,23,3,110203.77,1,1,0,95583.45,1,PLATINUM,476
519,Spain,Female,47,6,157296.02,2,0,0,147278.43,1,PLATINUM,934
664,France,Female,34,7,93920.47,1,0,0,179913.98,1,PLATINUM,503
559,France,Female,48,2,0.0,2,0,1,137961.41,3,GOLD,640
794,Spain,Female,28,5,0.0,2,0,1,86699.98,3,DIAMOND,734
717,France,Male,40,0,98241.04,1,1,0,110887.14,3,GOLD,817
666,Germany,Female,44,2,122314.5,1,0,0,68574.88,5,GOLD,837
681,Germany,Male,42,3,118199.97,2,1,0,9452.88,2,PLATINUM,219
822,France,Male,37,3,105563.0,1,1,0,182624.93,5,DIAMOND,463
512,France,Male,43,1,0.0,2,1,1,52471.36,4,GOLD,574
629,Spain,Male,32,3,0.0,2,1,1,15404.64,1,SILVER,601
550,Spain,Male,51,5,0.0,2,1,0,153917.41,2,SILVER,977
539,France,Female,40,7,81132.21,1,1,0,167289.82,5,GOLD,235
632,France,Female,34,2,0.0,2,0,0,165385.55,4,SILVER,521
740,France,Male,33,1,129574.98,1,1,1,123300.38,3,GOLD,506
618,France,Male,48,7,0.0,1,1,0,13921.82,3,PLATINUM,777
687,France,Male,28,7,108116.66,1,1,1,27411.19,3,PLATINUM,387
806,France,Female,67,1,0.0,2,0,1,103945.58,3,PLATINUM,918
614,Spain,Male,39,3,151914.93,1,0,0,56459.45,4,PLATINUM,293
685,Spain,Female,25,10,128509.63,1,1,0,121562.33,3,DIAMOND,560
761,Spain,Female,34,2,0.0,2,1,0,61251.25,3,SILVER,741
649,Spain,Female,49,2,0.0,1,1,0,84863.85,3,DIAMOND,226
665,Spain,Male,38,9,0.0,1,0,1,87412.74,3,GOLD,309
780,France,Female,26,3,140356.7,1,1,0,117144.15,2,SILVER,403
825,Germany,Female,35,6,118336.95,1,1,0,26342.33,3,PLATINUM,883
819,France,Female,39,9,133102.92,1,1,0,27046.46,2,SILVER,444
710,Germany,Male,43,2,140080.32,3,1,1,157908.19,3,GOLD,350
609,Germany,Female,71,6,113317.1,1,1,0,108258.22,1,PLATINUM,877
689,Spain,Female,63,1,0.0,2,1,1,186526.12,1,GOLD,371
798,France,Male,36,1,0.0,2,1,1,159044.1,4,GOLD,604
511,France,Female,31,5,137411.29,1,0,1,161854.98,3,PLATINUM,644
446,Spain,Female,45,10,125191.69,1,1,1,128260.86,5,SILVER,584
611,France,Female,49,2,88915.37,3,0,0,161435.02,1,PLATINUM,561
731,France,Female,40,7,118991.79,1,1,1,156048.64,2,PLATINUM,253
716,France,Female,22,8,0.0,2,1,1,92606.98,2,SILVER,655
608,France,Female,33,4,0.0,1,1,0,79304.38,2,DIAMOND,820
449,France,Female,37,6,0.0,2,1,0,82176.48,5,DIAMOND,599
668,Germany,Male,39,4,79896.0,1,1,0,38466.39,4,GOLD,453
807,Germany,Female,40,1,134590.21,1,1,1,46253.65,3,GOLD,779
729,France,Female,34,9,132121.71,1,0,1,105409.31,3,GOLD,654
745,Germany,Male,36,8,145071.24,1,0,0,6078.46,5,PLATINUM,766
581,Germany,Female,26,3,105099.45,1,1,1,184520.0,5,DIAMOND,877
644,Germany,Male,34,9,112746.54,2,0,0,141230.07,3,DIAMOND,615
712,Germany,Female,40,3,109308.79,2,1,0,120158.72,1,GOLD,778
701,Spain,Female,33,7,123870.07,1,1,0,97794.71,1,GOLD,942
673,France,Male,37,2,0.0,1,1,1,13624.02,2,GOLD,307
717,France,Male,38,7,0.0,2,1,1,158580.05,4,SILVER,714
711,France,Female,21,0,82844.33,2,0,1,1408.68,1,SILVER,310
614,France,Female,38,4,72594.0,1,1,1,76042.48,2,SILVER,689
530,Spain,Female,36,7,0.0,2,1,0,80619.09,5,SILVER,761
850,Spain,Female,32,9,0.0,2,1,1,18924.92,4,DIAMOND,765
732,Germany,Female,29,1,154333.82,1,1,1,138527.56,4,GOLD,599
608,Spain,Female,41,3,89763.84,1,0,0,199304.74,3,PLATINUM,639
631,France,Male,35,8,129205.49,1,1,1,79146.36,2,SILVER,460
652,France,Female,36,6,112518.71,2,0,1,110421.31,4,SILVER,826
562,France,Female,27,3,0.0,2,1,0,28137.03,1,GOLD,942
755,France,Female,43,9,0.0,2,1,0,18066.69,3,DIAMOND,690
607,France,Male,35,2,0.0,2,1,1,114190.3,3,SILVER,680
599,Germany,Male,61,1,124737.96,1,0,1,90389.61,3,PLATINUM,914
764,France,Female,24,7,106234.02,1,0,0,115676.38,2,SILVER,429
775,France,Male,30,4,0.0,2,1,0,49337.84,3,DIAMOND,415
589,Germany,Male,48,5,126111.61,1,0,1,133961.19,2,GOLD,249
677,Germany,Female,39,0,111213.64,2,1,1,147578.26,5,SILVER,667
704,France,Male,31,0,0.0,2,1,0,183038.33,1,DIAMOND,349
526,Spain,Female,43,3,0.0,2,1,0,31705.19,5,PLATINUM,989
620,France,Male,41,0,97925.11,1,1,0,85000.32,3,GOLD,836
568,Spain,Male,27,5,126815.97,2,0,1,118648.12,1,DIAMOND,939
478,Spain,Male,43,1,0.0,2,1,1,197916.43,5,DIAMOND,303
569,Spain,Male,38,8,0.0,2,0,0,79618.79,1,DIAMOND,225
668,France,Female,37,7,128645.67,1,1,0,92149.64,3,PLATINUM,753
732,France,Male,36,5,0.0,2,1,0,161428.25,5,SILVER,279
628,Germany,Male,27,5,95826.49,2,1,0,155996.96,2,SILVER,818
624,France,Male,44,3,0.0,2,1,0,88407.51,2,SILVER,983
609,France,Male,53,7,0.0,2,0,1,52332.85,5,SILVER,295
636,France,Male,36,5,117559.05,2,1,1,111573.3,4,SILVER,302
557,Spain,Male,42,4,0.0,2,0,1,86642.38,2,GOLD,569
492,France,Female,49,8,0.0,1,1,1,182865.09,5,PLATINUM,485
697,Germany,Female,38,6,132591.36,1,1,1,7387.8,3,DIAMOND,322
765,France,Male,40,6,138033.55,1,1,1,67972.45,5,PLATINUM,739
694,France,Male,30,10,144684.03,1,1,1,31805.49,5,DIAMOND,412
726,Spain,Female,56,2,105473.74,1,1,1,46044.7,1,PLATINUM,747
656,Spain,Male,32,5,136963.12,1,1,0,133814.28,1,GOLD,995
651,France,Female,34,9,0.0,2,1,0,138113.71,3,SILVER,694
643,France,Male,37,6,0.0,2,0,0,142454.77,1,DIAMOND,604
698,France,Female,46,0,0.0,2,1,1,125962.02,2,DIAMOND,613
672,Spain,Male,43,5,0.0,2,1,1,64515.5,5,GOLD,784
698,Spain,Male,27,6,125427.37,2,0,0,27654.44,5,GOLD,717
608,Germany,Female,30,2,91057.37,2,1,0,132973.17,4,GOLD,379
717,France,Female,25,7,108664.85,2,1,0,190011.85,3,PLATINUM,433
657,France,Male,50,9,0.0,2,0,0,37171.46,4,GOLD,971
557,France,Male,33,3,54503.55,1,1,1,371.05,5,SILVER,362
642,Germany,Female,36,2,124495.98,3,1,1,57904.22,1,PLATINUM,508
642,France,Male,30,8,80964.57,2,1,0,174738.2,4,PLATINUM,270
619,France,Female,35,4,90413.12,1,1,1,20555.21,3,DIAMOND,389
599,Spain,Female,49,2,0.0,2,1,0,111190.53,5,SILVER,427
711,France,Female,35,8,0.0,1,1,1,67508.01,4,DIAMOND,780
609,France,Male,32,7,118520.41,1,0,0,3815.48,1,GOLD,733
685,France,Male,58,1,104796.54,1,1,1,154181.41,3,GOLD,673
718,Spain,Female,49,10,82321.88,1,0,1,11144.4,3,SILVER,843
660,France,Male,50,1,0.0,3,1,1,191849.15,5,SILVER,967
639,Germany,Male,35,10,128173.9,2,1,0,59093.39,3,PLATINUM,452
477,Germany,Female,58,8,145984.92,1,1,1,24564.7,5,DIAMOND,464
677,Germany,Female,36,10,68806.84,1,1,0,33075.24,3,GOLD,772
567,Spain,Female,54,5,92316.31,2,1,0,158590.66,1,DIAMOND,916
695,France,Male,29,5,0.0,2,1,1,6770.44,3,GOLD,748
646,France,Male,50,0,104129.24,2,1,0,181794.86,4,DIAMOND,377
600,Germany,Female,58,8,118723.11,1,0,0,6209.51,3,SILVER,313
638,Germany,Female,41,9,144326.09,1,1,0,73979.85,2,GOLD,527
579,France,Female,33,1,65667.79,2,0,0,164608.98,2,GOLD,877
711,France,Female,81,6,0.0,2,1,1,72276.24,4,SILVER,774
705,France,Female,39,3,92224.56,1,1,1,54517.25,2,GOLD,453
565,Germany,Female,38,7,145400.69,2,1,1,83844.79,2,GOLD,289
549,Spain,Male,25,6,193858.2,1,0,1,21600.11,3,PLATINUM,737
511,France,Male,33,7,0.0,2,0,1,158313.87,4,PLATINUM,413
508,France,Male,49,1,93817.41,2,1,1,132468.76,5,DIAMOND,757
664,France,Male,57,1,0.0,2,1,1,56562.57,3,PLATINUM,910
674,Spain,Female,39,6,0.0,2,1,1,9574.83,3,SILVER,629
835,Germany,Male,18,2,142872.36,1,1,1,117632.63,3,GOLD,650
631,France,Male,51,8,100654.8,1,1,0,171587.9,4,SILVER,678
656,France,Female,46,5,113402.14,2,1,1,138849.06,4,SILVER,605
574,Germany,Male,35,5,163856.76,1,1,1,15118.2,5,PLATINUM,679
679,Spain,Male,39,5,0.0,2,1,1,100060.54,1,PLATINUM,338
673,Germany,Male,47,1,183579.54,2,0,1,34047.54,5,PLATINUM,772
676,France,Female,37,5,89634.69,1,1,1,169583.18,4,DIAMOND,982
418,France,Male,35,7,0.0,2,1,1,88878.15,3,DIAMOND,530
487,France,Male,37,2,0.0,2,1,1,126722.57,5,SILVER,668
751,Germany,Male,50,2,96888.39,1,1,0,77206.25,2,DIAMOND,756
767,Germany,Female,35,6,132253.22,1,1,0,115566.57,4,SILVER,704
592,France,Male,71,4,0.0,2,0,1,17013.54,3,PLATINUM,302
734,Germany,Female,47,10,91522.04,2,1,1,138835.91,4,SILVER,993
488,France,Male,43,10,112751.13,1,1,1,28332.0,2,PLATINUM,488
658,France,Male,25,3,0.0,2,0,1,173948.4,4,GOLD,399
496,Spain,Male,29,2,0.0,2,1,0,55389.59,1,DIAMOND,382
560,France,Male,49,4,0.0,1,1,1,100075.1,1,DIAMOND,533
594,France,Male,36,6,153880.15,1,0,0,135431.72,4,PLATINUM,706
850,Germany,Male,31,4,146587.3,1,1,1,89874.82,2,GOLD,687
622,Spain,Female,36,0,108960.0,2,1,0,111180.3,1,PLATINUM,532
746,France,Male,47,8,142382.03,1,1,1,62086.62,3,PLATINUM,681
741,Germany,Male,38,4,128015.83,1,1,0,58440.43,2,GOLD,792
731,Spain,Male,41,3,0.0,2,1,0,101371.72,4,PLATINUM,292
603,France,Female,39,9,76769.68,1,0,0,48224.72,4,DIAMOND,452
556,France,Female,52,9,0.0,1,1,0,175149.2,1,DIAMOND,570
557,France,Female,27,3,87739.08,1,1,1,123096.56,2,SILVER,490
551,France,Male,42,2,139561.46,1,1,0,43435.43,5,GOLD,528
588,Spain,Male,34,10,0.0,2,1,0,79078.91,2,PLATINUM,632
718,Germany,Male,32,9,169947.41,2,1,1,27979.16,1,GOLD,371
671,France,Male,27,5,0.0,2,0,0,120893.07,4,GOLD,962
594,Germany,Male,38,6,63176.44,2,1,1,14466.08,4,GOLD,890
687,Spain,Female,39,2,0.0,3,0,0,188150.6,2,GOLD,616
610,Spain,Female,31,5,0.0,2,0,0,63736.36,2,PLATINUM,416
770,France,Male,24,9,101827.07,1,1,0,167256.35,4,GOLD,730
475,France,Male,40,7,160818.08,1,0,1,169642.13,5,GOLD,219
617,Germany,Male,44,9,49157.09,2,1,0,53294.17,3,DIAMOND,635
757,Germany,Male,26,8,121581.56,2,1,1,127059.04,5,SILVER,595
620,Spain,Male,31,2,166833.86,2,1,1,135171.6,1,PLATINUM,312
453,France,Male,29,6,0.0,1,0,0,198376.02,3,DIAMOND,791
582,France,Male,29,0,0.0,1,1,0,142516.35,2,GOLD,352
841,France,Male,31,2,0.0,2,1,0,173240.52,3,DIAMOND,647
747,Germany,Male,58,7,116313.57,1,1,1,190696.35,3,PLATINUM,844
720,Germany,Female,29,7,106230.92,1,1,1,69903.93,1,SILVER,747
607,France,Female,21,0,0.0,2,1,0,116106.52,1,DIAMOND,324
850,France,Male,40,6,0.0,1,1,0,136985.08,1,DIAMOND,268
689,Germany,Female,40,4,78119.59,4,1,0,119259.34,3,PLATINUM,608
796,Germany,Male,40,2,113228.38,2,1,1,46415.09,1,PLATINUM,233
737,Germany,Female,22,10,111543.26,2,0,0,106327.85,2,PLATINUM,258
669,France,Female,42,9,0.0,2,0,0,135630.32,2,PLATINUM,526
649,France,Female,56,8,156974.26,1,1,0,89405.26,4,SILVER,927
790,France,Female,41,2,126619.27,1,1,0,198224.38,4,DIAMOND,696
627,Germany,Male,27,0,185267.45,2,1,1,77027.34,4,SILVER,606
684,Spain,Male,41,2,119782.72,2,0,0,120284.67,2,GOLD,935
474,France,Male,45,10,0.0,2,0,0,172175.9,4,PLATINUM,792
751,Spain,Female,37,3,99773.85,2,1,0,54865.92,2,PLATINUM,403
773,Spain,Male,63,9,111179.83,1,1,1,93091.02,4,DIAMOND,960
693,Germany,Female,37,6,95900.04,1,1,1,38196.24,5,DIAMOND,936
449,Spain,Female,31,1,113693.0,1,0,0,82796.29,1,GOLD,395
655,Germany,Male,41,8,125561.97,1,0,0,164040.94,3,SILVER,343
577,Germany,Female,43,3,127940.47,1,0,0,125140.72,3,SILVER,839
671,France,Female,34,5,164757.56,1,1,0,110748.88,2,GOLD,965
850,France,Female,46,2,157866.77,1,1,1,18986.12,3,GOLD,482
778,Germany,Female,35,1,151958.19,3,1,1,131238.37,4,GOLD,420
546,Germany,Female,42,9,86351.85,2,1,0,57380.13,2,GOLD,544
575,Spain,Female,37,0,0.0,2,0,0,30114.32,2,GOLD,930
488,France,Female,36,0,0.0,2,1,0,136675.22,2,SILVER,798
491,Germany,Male,19,2,125860.2,1,0,0,129690.5,2,SILVER,894
515,France,Male,40,0,109542.29,1,1,1,166370.81,5,GOLD,312
795,Spain,Male,35,8,0.0,2,1,0,167155.36,2,DIAMOND,708
648,France,Male,23,9,168372.52,1,1,0,134676.72,4,DIAMOND,883
714,Spain,Female,33,10,103121.33,2,1,1,49672.01,4,PLATINUM,830
708,Germany,Male,32,3,151691.44,2,1,1,172810.51,5,SILVER,463
705,Spain,Male,33,7,68423.89,1,1,1,64872.55,1,DIAMOND,660
544,France,Female,64,3,124043.8,1,1,1,111402.97,1,DIAMOND,642
584,France,Male,33,3,0.0,2,0,1,59103.13,3,SILVER,812
696,France,Male,34,9,150856.79,1,0,1,8236.78,3,GOLD,572
756,Germany,Male,36,2,136815.64,1,1,1,170041.95,5,DIAMOND,236
779,Germany,Female,40,2,75470.23,1,1,1,52894.01,1,PLATINUM,921
431,France,Male,63,6,160982.89,1,1,1,168008.17,2,DIAMOND,923
704,France,Male,39,5,0.0,1,1,0,6416.92,1,GOLD,929
807,France,Female,36,4,0.0,2,0,1,147007.33,5,GOLD,461
479,Germany,Female,23,9,123575.51,1,0,1,95148.28,3,GOLD,787
692,Spain,Female,34,4,109699.08,1,1,1,37898.91,2,SILVER,489
716,France,Male,41,9,0.0,1,1,1,113267.48,1,SILVER,237
690,France,Male,29,5,0.0,2,1,0,108577.97,3,PLATINUM,242
767,France,Male,43,1,76408.85,2,1,0,77837.63,2,PLATINUM,307
608,Germany,Male,33,1,102772.67,2,1,0,70705.58,4,DIAMOND,301
685,France,Female,43,1,132667.17,1,1,1,41876.98,3,PLATINUM,943
715,France,Female,41,8,56214.85,2,0,0,92982.61,4,GOLD,790
833,Germany,Male,59,1,130854.59,1,1,1,30722.52,2,SILVER,504
786,Germany,Female,32,2,104336.43,2,0,0,59559.81,3,GOLD,240
672,France,Female,28,6,0.0,1,0,1,8814.69,3,PLATINUM,629
653,France,Male,34,5,118838.75,1,1,1,52820.13,2,GOLD,360
682,France,Male,26,8,0.0,2,1,0,178373.43,3,SILVER,806
670,France,Male,33,8,126679.69,1,1,1,39451.09,4,SILVER,386
493,France,Female,31,3,0.0,1,1,1,176570.28,4,SILVER,808
609,Spain,Male,39,2,139443.75,2,1,0,9234.06,5,SILVER,423
682,France,Male,61,10,73688.2,1,1,1,172141.33,2,SILVER,603
743,Spain,Male,41,7,0.0,1,1,0,163736.09,2,PLATINUM,832
752,France,Female,36,7,0.0,2,1,0,184866.86,1,PLATINUM,777
641,France,Male,57,5,0.0,2,1,1,122449.18,3,SILVER,720
554,Germany,Male,43,5,99906.89,1,0,0,24983.39,3,GOLD,356
681,Spain,Male,33,10,0.0,1,0,0,158336.36,1,PLATINUM,818
739,France,Female,27,6,0.0,1,1,1,57572.38,2,SILVER,746
798,Germany,Female,29,8,80204.11,2,1,0,70223.22,3,SILVER,965
747,France,Male,61,7,155973.13,1,0,1,147554.26,5,GOLD,527
733,Germany,Female,30,1,102452.71,1,1,0,21556.95,5,PLATINUM,950
601,France,Male,29,9,0.0,1,1,1,80393.27,5,GOLD,418
676,Spain,Male,36,1,82729.49,1,1,0,113810.12,5,GOLD,868
755,Germany,Female,38,1,82083.52,1,0,1,10333.78,4,DIAMOND,447
701,Germany,Male,41,0,150844.94,1,0,1,127623.36,4,GOLD,399
605,Spain,Male,33,5,150092.8,1,0,0,71862.79,3,DIAMOND,509
733,France,Male,64,3,0.0,2,1,1,75272.63,3,GOLD,842
743,France,Male,32,9,0.0,2,1,0,175252.78,4,DIAMOND,364
617,Germany,Female,51,10,167273.71,1,0,0,93439.75,3,PLATINUM,539
626,France,Female,34,3,0.0,2,1,1,37870.29,1,SILVER,604
496,France,Male,31,5,0.0,2,1,0,93713.13,3,DIAMOND,836
667,France,Female,48,2,0.0,2,1,1,148608.39,1,SILVER,797
567,France,Female,48,3,0.0,1,1,0,55362.45,5,DIAMOND,546
654,Spain,Female,32,2,0.0,1,1,1,51972.92,5,DIAMOND,580
514,Spain,Male,66,9,0.0,2,1,1,14234.31,5,PLATINUM,383
724,Spain,Male,41,5,0.0,1,0,1,115753.94,5,DIAMOND,540
483,France,Female,30,9,0.0,2,0,0,136356.97,3,PLATINUM,970
607,France,Male,26,1,0.0,1,1,0,29818.2,2,GOLD,543
828,France,Female,41,7,0.0,2,1,0,171378.77,2,PLATINUM,666
702,France,Male,40,3,148556.74,1,0,1,146056.29,2,SILVER,489
479,Spain,Male,37,6,118433.94,1,0,1,160060.9,2,GOLD,956
731,Spain,Female,39,2,126816.18,1,1,1,74850.93,1,SILVER,403
833,France,Female,28,4,136674.51,2,0,0,5278.78,5,GOLD,502
588,Germany,Female,40,10,125534.51,1,1,0,121504.18,5,SILVER,801
793,France,Female,33,0,0.0,1,0,0,175544.02,4,GOLD,987
850,France,Female,35,5,0.0,1,1,1,80992.8,5,PLATINUM,838
710,Spain,Female,75,5,0.0,2,1,1,9376.89,1,GOLD,857
608,France,Male,33,4,0.0,1,0,1,130474.03,1,PLATINUM,381
625,France,Female,45,3,0.0,1,1,1,184474.15,5,GOLD,375
637,Germany,Female,39,3,109698.41,1,1,1,88391.29,2,DIAMOND,416
611,France,Male,38,4,71018.6,2,1,0,2444.29,5,GOLD,824
652,France,Female,74,5,0.0,2,1,1,937.15,5,GOLD,286
646,Germany,Female,36,6,144773.29,2,1,0,53217.3,3,SILVER,246
466,France,Male,26,9,105522.06,1,1,0,10842.46,4,SILVER,887
799,Spain,Female,28,3,142253.65,1,1,0,45042.56,1,SILVER,395
645,Spain,Male,49,2,0.0,2,0,0,10023.15,3,SILVER,553
707,France,Female,55,1,0.0,2,0,1,54409.48,5,GOLD,709
828,Germany,Female,25,7,144351.86,1,1,0,116613.26,1,PLATINUM,603
655,Germany,Female,40,0,81954.6,1,1,1,198798.44,3,SILVER,535
653,France,Female,60,2,120731.39,4,1,1,138160.11,4,GOLD,663
651,Spain,Male,23,4,115636.05,2,1,0,70400.86,5,PLATINUM,710
577,France,Female,34,2,0.0,2,1,1,84033.35,5,PLATINUM,309
563,France,Male,35,3,106250.72,1,0,0,39546.32,4,SILVER,798
558,France,Male,31,7,0.0,1,1,0,198269.08,5,PLATINUM,239
543,Spain,Male,41,5,0.0,2,0,1,143980.29,5,SILVER,370
486,Spain,Male,27,7,0.0,2,1,0,28823.04,4,SILVER,766
679,France,Male,36,6,147733.64,1,0,1,172501.38,5,PLATINUM,982
666,France,Male,40,5,0.0,2,1,0,147878.05,2,PLATINUM,608
791,France,Female,52,7,0.0,1,1,1,122782.5,2,DIAMOND,450
564,France,Female,28,1,0.0,1,1,1,162428.05,3,PLATINUM,434
756,Germany,Female,39,5,149363.12,2,1,1,109098.39,2,DIAMOND,927
611,France,Male,40,1,0.0,2,1,1,102547.56,2,SILVER,991
636,Germany,Male,36,6,96643.32,1,0,0,182059.28,2,DIAMOND,498
562,France,Male,38,5,0.0,1,1,0,115700.2,4,PLATINUM,814
840,Spain,Female,36,6,0.0,2,1,0,141364.27,2,GOLD,429
700,France,Female,32,8,110923.15,2,1,1,161845.81,2,SILVER,635
453,Spain,Female,42,5,0.0,3,1,0,83008.49,1,GOLD,791
547,Germany,Female,30,9,72392.41,1,1,0,77077.14,3,PLATINUM,807
628,France,Female,38,3,0.0,2,1,1,48924.73,3,GOLD,914
638,Spain,Male,41,7,0.0,2,1,0,43889.41,5,DIAMOND,847
498,France,Male,46,1,91857.66,1,1,0,101954.78,5,GOLD,660
668,Spain,Female,30,8,0.0,2,1,0,138465.7,5,PLATINUM,443
847,Spain,Female,37,9,112712.17,1,1,0,116097.26,1,GOLD,355
722,France,Male,46,6,0.0,1,1,1,93917.68,3,GOLD,747
661,Germany,Male,35,2,117212.18,1,1,1,83052.03,3,DIAMOND,821
748,Germany,Female,40,3,103499.09,2,0,0,38153.19,1,SILVER,717
844,France,Male,40,7,113348.14,1,1,0,31904.31,4,SILVER,326
666,Germany,Male,30,3,110153.27,1,0,1,74849.46,2,GOLD,990
606,France,Male,35,2,132164.26,1,0,1,164815.59,3,GOLD,331
628,France,Female,50,4,143054.56,1,0,1,109608.81,5,DIAMOND,306
738,Spain,Male,38,5,177997.07,1,0,1,19233.41,5,PLATINUM,799
675,France,Male,32,1,0.0,3,1,0,85901.09,5,PLATINUM,890
611,France,Male,27,7,0.0,2,1,1,157474.1,2,DIAMOND,231
827,Spain,Female,35,0,0.0,2,0,1,184514.01,3,DIAMOND,520
413,Spain,Male,35,2,0.0,2,1,1,60972.84,1,GOLD,541
586,Germany,Male,37,8,167735.69,2,0,1,104665.79,4,DIAMOND,738
640,France,Male,43,7,132412.38,1,0,0,69584.3,5,SILVER,320
534,France,Female,53,7,0.0,2,1,1,80619.17,5,PLATINUM,850
556,Spain,Male,38,2,115463.16,1,1,0,150679.65,3,SILVER,350
543,Spain,Female,41,4,0.0,1,0,0,194902.16,5,PLATINUM,331
678,Germany,Female,37,8,149000.91,2,1,1,21472.42,5,DIAMOND,257
736,Germany,Female,25,9,81732.88,2,1,0,136497.28,3,PLATINUM,960
618,France,Female,31,4,0.0,2,1,0,29176.04,1,DIAMOND,690
804,France,Female,50,4,0.0,1,1,1,8546.87,2,GOLD,482
609,France,Male,48,1,108019.27,3,1,1,184524.65,5,PLATINUM,559
614,France,Female,41,8,121558.46,1,1,1,598.8,5,SILVER,698
790,Spain,Male,29,3,46057.96,2,1,1,189777.66,3,SILVER,312
627,France,Female,41,6,0.0,3,1,1,138700.75,4,DIAMOND,223
612,Spain,Female,26,4,0.0,2,1,1,179780.74,2,GOLD,516
538,Spain,Male,68,9,0.0,2,1,0,110440.5,3,SILVER,252
606,France,Male,36,1,155655.46,1,1,1,192387.51,4,DIAMOND,1000
658,France,Male,20,7,0.0,2,0,0,187638.34,4,DIAMOND,275
494,France,Male,69,9,93320.8,1,1,1,24489.44,2,SILVER,366
685,France,Female,40,7,0.0,1,1,0,72852.74,4,SILVER,877
499,Spain,Female,53,1,75225.53,2,0,0,144849.1,4,SILVER,424
758,France,Male,26,4,155739.76,1,1,0,171552.02,5,SILVER,757
578,France,Male,39,2,0.0,2,1,0,70563.9,1,GOLD,550
740,France,Female,51,4,0.0,2,1,1,178929.84,4,SILVER,850
694,France,Female,29,5,99713.87,1,0,0,112317.89,1,DIAMOND,385
505,Germany,Male,43,6,127146.68,1,0,0,137565.87,5,GOLD,903
645,Spain,Female,21,1,0.0,2,0,0,28726.07,5,GOLD,469
719,Spain,Male,40,4,128389.12,1,1,1,176091.31,1,DIAMOND,979
608,Spain,Female,41,1,83807.86,1,0,1,112542.58,3,DIAMOND,456
721,Germany,Male,68,4,136525.99,1,0,0,175399.14,4,SILVER,439
632,France,Male,40,3,193354.86,2,1,0,149188.41,4,GOLD,462
552,Germany,Male,33,3,144962.74,1,1,0,58844.84,2,SILVER,554
803,France,Male,33,6,0.0,2,1,0,115676.61,4,SILVER,416
729,France,Male,44,5,0.0,2,0,1,9200.54,4,GOLD,685
755,Germany,Female,30,6,154221.37,2,0,1,62688.55,2,GOLD,356
850,Spain,Male,36,6,0.0,2,0,1,41291.05,2,SILVER,234
560,France,Female,27,5,0.0,2,1,0,131919.48,2,DIAMOND,563
577,Spain,Male,43,3,0.0,2,1,1,135008.92,2,PLATINUM,524
410,France,Male,33,6,125789.69,1,0,0,66333.56,3,DIAMOND,816
599,France,Male,25,6,120383.41,1,1,1,24903.09,5,DIAMOND,648
683,France,Male,30,10,57657.49,1,0,0,79240.9,3,GOLD,905
685,France,Male,20,4,104719.94,2,1,0,38691.34,5,DIAMOND,909
609,Spain,Female,45,4,89122.3,1,1,1,199256.98,3,DIAMOND,573
581,Germany,Male,41,2,127913.71,2,1,1,44205.95,2,SILVER,503
640,France,Male,44,7,111833.47,1,1,0,67202.74,3,PLATINUM,355
713,France,Male,43,5,86394.14,1,1,1,130001.13,3,SILVER,663
676,France,Male,20,1,80569.73,1,0,0,68621.98,3,DIAMOND,381
619,Spain,Female,31,3,141751.82,1,0,1,61531.86,4,DIAMOND,241
452,France,Female,60,6,121730.49,1,1,1,142963.29,3,SILVER,449
445,France,Male,64,2,136770.67,1,0,1,43678.06,3,DIAMOND,650
757,Spain,Male,30,3,145396.49,1,0,1,198341.15,5,PLATINUM,614
710,France,Male,45,1,0.0,2,1,1,36154.66,2,SILVER,829
507,France,Female,31,0,106942.08,1,0,1,44001.11,2,PLATINUM,817
600,Germany,Female,29,6,74430.1,2,1,1,96051.1,2,DIAMOND,366
726,France,Female,34,0,185734.75,1,1,1,102036.82,1,SILVER,691
700,France,Female,34,2,76322.69,1,1,0,128136.29,1,DIAMOND,479
665,Spain,Female,40,1,173432.55,1,0,1,116766.79,5,PLATINUM,870
508,France,Male,44,3,115451.05,2,0,0,67234.33,5,GOLD,654
785,Germany,Female,36,2,99806.85,1,0,1,36976.52,5,PLATINUM,786
787,France,Male,51,0,58137.08,1,0,1,142538.31,5,DIAMOND,456
555,Germany,Female,51,9,138214.5,1,1,0,198715.27,2,SILVER,266
640,Spain,Male,39,3,0.0,1,1,1,105997.25,1,SILVER,540
850,France,Female,41,5,0.0,2,1,1,34827.43,2,GOLD,914
826,France,Female,49,0,0.0,1,0,0,178709.98,4,SILVER,980
603,Germany,Female,35,9,145623.36,1,1,0,163181.62,2,PLATINUM,669
641,Spain,Male,32,7,0.0,2,1,1,24267.28,4,GOLD,652
629,France,Female,39,10,0.0,2,1,1,43174.49,3,DIAMOND,733
486,France,Male,26,2,0.0,2,1,1,31399.4,4,PLATINUM,551
494,Spain,Female,41,2,69974.66,2,1,0,188426.13,4,SILVER,997
483,France,Male,48,1,0.0,2,1,1,110059.38,3,DIAMOND,471
668,Spain,Female,36,3,133686.52,1,1,0,190958.48,3,DIAMOND,668
749,France,Male,37,10,185063.7,2,1,1,134526.87,5,PLATINUM,765
633,Spain,Male,32,5,163340.12,2,1,1,74415.2,2,PLATINUM,527
598,Germany,Male,19,3,150348.37,1,1,1,173784.04,2,SILVER,460
818,Spain,Male,26,4,0.0,2,1,1,167036.94,3,SILVER,261
722,Spain,Male,37,9,0.0,2,1,0,31921.95,4,GOLD,379
544,France,Male,44,1,0.0,2,0,0,69244.24,2,GOLD,926
680,Spain,Female,37,6,124140.57,2,1,0,92826.35,1,GOLD,460
692,France,Male,40,6,163505.16,1,0,0,90424.09,4,DIAMOND,675
609,France,Male,32,7,71872.19,1,1,1,151924.9,2,SILVER,484
656,France,Male,30,3,0.0,2,0,1,17104.0,1,PLATINUM,320
640,France,Female,66,9,116037.76,1,0,1,184636.05,1,DIAMOND,909
635,Spain,Male,29,2,0.0,2,0,0,117173.8,1,GOLD,624
706,Spain,Male,20,8,0.0,2,1,1,12368.11,4,PLATINUM,354
764,France,Female,24,0,0.0,2,1,0,88724.49,3,GOLD,470
630,France,Male,50,1,81947.76,1,0,1,63606.22,1,GOLD,912
692,Germany,Male,53,7,150926.99,2,0,0,119817.19,2,SILVER,357
735,France,Male,49,5,121973.28,1,1,0,148804.36,1,DIAMOND,916
677,Spain,Female,25,8,130866.19,1,1,0,42410.21,5,DIAMOND,236
651,France,Male,34,4,91562.99,1,1,1,123954.15,5,DIAMOND,609
667,Spain,Male,38,1,87202.38,1,1,1,77866.91,5,PLATINUM,955
717,Germany,Female,64,10,98362.35,2,1,1,21630.21,1,SILVER,682
697,Germany,Male,51,1,147910.3,1,1,1,53581.14,4,DIAMOND,639
613,France,Male,42,7,115076.06,1,1,1,79323.61,1,SILVER,589
699,Spain,Male,31,6,114493.68,1,0,0,138396.32,4,DIAMOND,351
768,Germany,Male,48,3,122831.58,1,1,1,24533.89,2,PLATINUM,813
676,Germany,Male,28,1,69459.05,2,1,1,128461.29,4,DIAMOND,917
569,Spain,Female,30,3,139528.23,1,1,1,33230.37,4,SILVER,705
430,France,Female,33,8,0.0,1,1,1,69759.91,2,GOLD,936
695,Spain,Male,56,1,0.0,3,1,0,187734.49,2,DIAMOND,231
414,Spain,Male,60,3,0.0,2,1,1,93844.82,5,DIAMOND,315
644,France,Female,46,9,95441.27,1,1,0,108761.05,1,SILVER,568
472,France,Male,29,8,102490.27,1,0,1,181224.56,4,SILVER,812
636,France,Female,20,10,124266.86,1,0,0,100566.81,5,DIAMOND,606
604,France,Female,40,1,0.0,2,1,0,123207.17,1,PLATINUM,940
618,Germany,Female,40,0,140306.38,1,1,0,160618.61,4,PLATINUM,878
522,Spain,Male,34,9,126436.29,1,1,0,174248.52,3,GOLD,973
555,France,Male,55,4,146798.81,1,1,1,74149.77,2,DIAMOND,537
627,Germany,Male,30,6,112372.96,1,1,1,118029.09,3,GOLD,345
796,France,Male,51,6,0.0,2,0,1,194733.28,1,PLATINUM,804
777,France,Female,32,2,0.0,1,1,0,136458.19,5,SILVER,917
690,Spain,Female,48,2,0.0,2,1,1,3149.1,3,GOLD,712
682,Germany,Male,24,9,57929.81,2,0,0,53134.3,5,SILVER,643
594,Spain,Female,38,10,0.0,2,1,0,58332.91,3,PLATINUM,827
714,France,Female,26,9,89928.99,1,1,0,46203.31,5,DIAMOND,675
758,France,Male,35,7,0.0,2,1,0,77951.84,3,DIAMOND,560
575,France,Male,27,3,139301.68,1,1,0,99843.98,2,DIAMOND,548
556,Germany,Female,31,1,128663.81,2,1,0,125083.29,4,PLATINUM,876
608,Germany,Male,44,7,114203.47,1,1,1,77830.36,4,PLATINUM,268
708,Spain,Female,32,8,187487.63,1,1,1,120115.5,3,GOLD,681
676,France,Female,34,8,82909.14,1,1,0,91817.38,1,GOLD,502
618,France,Male,37,2,168178.21,2,0,1,101273.23,1,SILVER,576
517,Spain,Female,29,5,0.0,2,1,0,103402.88,1,PLATINUM,584
636,France,Female,35,2,0.0,2,1,1,23129.46,5,DIAMOND,798
583,Germany,Female,41,5,77647.6,1,1,0,190429.52,2,DIAMOND,866
496,Germany,Female,55,4,125292.53,1,1,1,31532.96,1,DIAMOND,726
633,Germany,Male,42,3,126041.02,1,0,1,11796.89,5,GOLD,922
727,Germany,Male,34,2,146407.11,1,1,1,72073.72,2,GOLD,647
596,France,Male,36,2,0.0,2,1,1,12067.39,4,SILVER,933
850,France,Male,41,3,136416.82,1,0,1,57844.26,2,GOLD,264
546,Germany,Female,74,8,114888.74,2,1,1,66732.63,1,PLATINUM,562
619,France,Female,35,8,132292.63,1,1,0,65682.93,1,DIAMOND,508
728,France,Female,59,4,0.0,1,1,1,163365.85,5,GOLD,296
540,Germany,Male,37,3,129965.18,1,0,0,19374.08,5,SILVER,502
653,Spain,Male,35,6,116662.96,2,1,1,23864.21,2,DIAMOND,262
681,France,Female,43,8,154100.3,1,0,0,114659.81,5,DIAMOND,302
633,France,Male,31,1,0.0,1,1,0,48606.71,3,GOLD,804
602,France,Female,35,5,0.0,2,1,0,31050.02,5,DIAMOND,414
358,Spain,Female,52,8,143542.36,3,1,0,141959.11,4,SILVER,976
743,France,Female,73,6,0.0,2,0,1,107867.38,4,GOLD,538
792,Germany,Female,29,4,107601.79,1,1,0,18922.18,1,DIAMOND,510
496,France,Male,30,0,90963.49,1,0,1,27802.0,3,DIAMOND,333
733,Germany,Female,33,7,187257.94,1,0,1,190430.81,2,DIAMOND,356
663,Germany,Female,29,4,102714.65,2,0,0,21170.81,4,PLATINUM,368
538,France,Male,37,1,134752.08,1,1,0,162511.55,2,SILVER,710
670,France,Male,33,1,0.0,2,1,1,86413.11,3,DIAMOND,898
582,Germany,Male,26,6,114450.32,1,1,1,14081.64,2,SILVER,480
662,France,Female,38,2,96479.81,1,1,0,120259.41,2,GOLD,859
589,France,Male,36,1,100895.54,1,1,1,68075.14,3,PLATINUM,967
525,France,Male,35,7,165358.77,1,0,1,94738.54,2,DIAMOND,694
608,France,Female,34,4,88772.87,1,1,1,168822.01,1,GOLD,626
744,Spain,Male,34,3,0.0,2,1,0,27244.35,2,PLATINUM,764
713,Spain,Male,38,6,116980.78,2,0,1,76038.38,3,GOLD,503
520,Germany,Male,61,8,133802.29,2,1,1,90304.01,3,GOLD,756
568,Spain,Female,27,1,116320.68,1,0,1,45563.94,4,DIAMOND,376
657,Germany,Male,57,8,107174.58,1,1,1,126369.55,2,SILVER,288
656,France,Male,40,2,0.0,2,1,1,180553.48,1,SILVER,409
588,Germany,Male,41,2,131341.46,2,0,1,7034.94,2,PLATINUM,306
641,France,Male,50,6,153590.73,2,1,1,130910.78,4,SILVER,656
691,Spain,Male,40,1,0.0,2,1,1,145613.17,2,DIAMOND,878
667,France,Male,41,6,0.0,2,0,0,167181.77,2,PLATINUM,298
628,Germany,Male,38,10,113525.84,1,1,0,46044.48,5,PLATINUM,491
736,Spain,Female,28,2,0.0,2,1,1,117431.1,3,PLATINUM,457
589,France,Female,31,10,110635.32,1,1,0,148218.86,5,SILVER,728
705,Germany,Female,43,7,79974.55,1,1,1,103108.33,1,SILVER,475
740,France,Female,37,9,0.0,2,1,1,73225.31,3,PLATINUM,658
716,Germany,Male,66,5,121411.9,1,0,0,10070.4,1,GOLD,388
540,Germany,Male,39,4,127278.31,1,1,1,16150.34,3,DIAMOND,572
652,Spain,Female,42,3,83492.07,2,1,0,37914.12,1,PLATINUM,343
640,Spain,Female,46,8,0.0,2,1,0,89043.19,1,GOLD,429
584,Germany,Female,31,6,152622.34,1,1,0,99298.8,5,DIAMOND,445
642,Germany,Female,19,3,113905.48,1,1,1,176137.2,5,PLATINUM,893
599,Spain,Female,28,4,126833.79,2,1,0,60843.09,5,PLATINUM,252
765,Germany,Female,46,8,119492.88,2,0,1,166896.01,5,GOLD,453
670,Spain,Female,57,3,175575.95,2,1,0,99061.75,5,DIAMOND,843
473,France,Female,35,6,69617.36,1,1,0,143345.69,1,PLATINUM,959
837,Germany,Male,37,6,94001.61,2,1,0,140723.05,2,SILVER,594
726,Germany,Female,51,8,107494.86,2,1,0,140937.91,2,PLATINUM,794
553,France,Male,31,6,0.0,2,0,0,124596.63,2,SILVER,741
527,Spain,Male,33,9,132168.28,1,0,0,98734.15,3,GOLD,399
475,France,Female,46,10,0.0,2,0,0,122953.0,3,DIAMOND,800
551,Spain,Male,49,1,150777.72,2,1,1,135757.27,5,PLATINUM,986
805,France,Male,39,2,0.0,1,0,0,166650.32,1,PLATINUM,417
534,France,Male,62,2,0.0,2,0,0,42763.12,2,SILVER,589
601,Spain,Female,41,3,0.0,2,1,0,54342.83,5,PLATINUM,560
678,France,Female,48,2,0.0,2,1,1,32301.88,2,GOLD,870
641,Germany,Female,37,7,62974.64,2,0,1,39016.43,1,GOLD,513
784,Spain,Female,42,2,109052.04,2,1,0,6409.55,5,GOLD,985
488,France,Female,31,8,97588.6,1,0,0,124210.53,2,SILVER,712
621,France,Male,47,0,0.0,1,1,1,133831.37,2,DIAMOND,704
734,Spain,Female,37,0,152760.24,1,1,1,48990.5,4,DIAMOND,763
641,France,Female,53,0,123835.52,2,0,1,160110.65,5,SILVER,223
823,France,Male,37,5,164858.18,1,1,1,173516.71,5,DIAMOND,970
627,Germany,Male,28,5,71097.23,1,1,1,130504.49,2,DIAMOND,621
683,France,Female,73,8,137732.23,2,1,1,133210.44,4,PLATINUM,959
665,France,Female,34,5,67816.72,1,1,1,29641.58,5,SILVER,310
588,Germany,Female,35,1,103060.63,1,1,0,179866.01,5,DIAMOND,697
671,Germany,Male,45,6,99564.22,1,1,1,108872.45,3,PLATINUM,901
694,France,Male,36,3,97530.25,1,1,1,117140.41,5,SILVER,522
524,Germany,Female,37,9,127480.58,2,1,0,179634.69,2,SILVER,512
596,Spain,Male,32,4,0.0,2,0,1,146504.35,3,PLATINUM,826
586,Germany,Male,38,2,136858.42,1,0,1,189143.94,2,DIAMOND,840
646,Germany,Male,39,9,111574.41,1,1,1,30838.51,2,PLATINUM,525
478,Spain,Male,48,0,83287.05,2,0,1,44147.95,2,GOLD,706
650,Spain,Male,32,1,132187.73,2,1,1,178331.36,2,PLATINUM,960
794,France,Female,41,7,0.0,2,1,1,74275.08,2,GOLD,266
613,France,Female,29,6,185709.28,2,1,1,77242.19,2,SILVER,784
777,France,Male,37,1,0.0,1,1,1,126837.72,2,SILVER,472
528,France,Male,34,1,125566.9,1,1,1,176763.27,5,PLATINUM,777
487,Germany,Female,46,4,135070.58,2,1,1,44244.49,2,PLATINUM,400
616,France,Male,59,5,153861.1,1,1,1,17699.48,4,SILVER,681
680,France,Male,32,5,92961.61,1,1,0,116957.6,1,GOLD,618
707,France,Male,32,9,0.0,2,0,0,30807.02,4,DIAMOND,263
629,France,Male,40,9,0.0,1,1,0,106.67,3,PLATINUM,558
457,France,Female,38,7,164496.99,1,1,1,163327.27,3,SILVER,929
510,France,Female,26,6,136214.08,1,0,0,159742.33,2,PLATINUM,853
592,France,Male,37,4,212692.97,1,0,0,176395.02,1,GOLD,232
593,France,Female,41,6,0.0,1,1,0,65170.66,1,SILVER,939
771,Spain,Female,67,8,0.0,2,1,1,51219.8,1,GOLD,352
581,Spain,Male,49,10,0.0,2,0,0,41623.59,1,GOLD,242
760,France,Male,38,6,162888.73,1,1,0,91098.76,2,GOLD,528
821,France,Female,28,8,0.0,1,1,1,36754.13,5,GOLD,845
608,Spain,Male,48,7,75801.74,1,1,0,125762.95,4,PLATINUM,964
700,France,Female,44,2,58781.76,1,1,0,16874.92,3,PLATINUM,785
807,Germany,Female,31,1,93460.47,2,0,0,172782.69,5,PLATINUM,597
802,Germany,Female,41,4,90757.64,2,0,1,169183.66,5,PLATINUM,458
639,France,Female,42,4,0.0,2,0,0,167682.37,2,GOLD,968
602,Germany,Female,48,7,76595.08,2,0,0,127095.14,3,PLATINUM,558
815,France,Female,56,3,0.0,3,1,1,94248.16,3,GOLD,688
751,France,Female,44,10,0.0,2,1,0,170634.49,1,SILVER,283
850,France,Female,42,9,113311.11,1,1,1,198193.75,1,SILVER,988
679,France,Female,43,4,0.0,3,1,0,115136.51,2,DIAMOND,961
682,France,Male,28,10,200724.96,1,0,1,82872.64,2,SILVER,503
681,France,Female,79,0,0.0,2,0,1,170968.99,5,DIAMOND,333
533,Germany,Male,43,4,80442.06,2,0,1,12537.42,2,SILVER,593
811,France,Female,35,7,0.0,1,1,1,178.19,5,SILVER,997
418,France,Male,34,8,155973.88,1,1,0,154208.96,4,GOLD,777
505,Germany,Male,43,5,136855.94,2,1,0,171070.52,1,SILVER,650
556,Germany,Female,43,4,125890.72,1,1,1,74854.97,3,PLATINUM,285
850,Spain,Male,31,6,82613.56,2,1,0,149170.92,2,DIAMOND,791
496,France,Female,36,7,0.0,2,0,0,108098.28,4,GOLD,289
682,Spain,Female,48,9,101198.01,1,1,1,49732.9,4,GOLD,672
850,Spain,Female,29,7,0.0,2,1,0,23237.25,5,PLATINUM,241
610,France,Female,25,2,0.0,2,1,0,123723.83,3,SILVER,923
705,France,Male,25,0,97544.29,1,0,1,59887.15,4,DIAMOND,723
763,Germany,Male,42,6,100160.75,1,1,0,33462.94,3,GOLD,709
496,France,Female,29,4,0.0,2,1,0,164806.89,3,DIAMOND,720
670,France,Male,68,4,0.0,2,1,1,11426.7,5,GOLD,775
625,France,Male,41,6,97663.16,2,1,0,57128.78,4,DIAMOND,688
628,France,Female,45,8,0.0,2,1,0,193903.06,2,DIAMOND,684
698,Germany,Female,40,8,150777.1,1,1,0,114732.62,3,GOLD,981
753,France,Male,46,8,0.0,3,1,0,90747.94,2,PLATINUM,497
604,France,Male,31,6,134837.58,1,1,0,192029.19,3,GOLD,359
659,Spain,Female,42,2,0.0,1,0,0,162734.31,1,SILVER,674
498,Germany,Female,41,4,87541.06,2,1,1,12577.21,3,GOLD,326
710,France,Female,41,2,156067.05,1,1,1,9983.88,4,DIAMOND,678
752,Spain,Male,44,6,83870.33,1,1,0,178722.24,3,SILVER,238
630,France,Male,37,6,0.0,2,1,1,82647.65,3,GOLD,970
758,France,Female,34,1,154139.45,1,1,1,60728.89,1,PLATINUM,533
667,France,Male,27,7,156811.74,1,1,1,149402.59,4,PLATINUM,277
716,France,Female,38,1,0.0,2,1,1,99661.46,2,DIAMOND,266
613,France,Female,40,9,95624.36,2,1,1,60706.33,5,SILVER,573
623,Spain,Female,40,7,0.0,1,1,1,25904.12,5,SILVER,253
687,Spain,Male,38,8,69434.4,2,1,1,66580.13,4,GOLD,778
850,Germany,Female,36,3,169025.83,1,1,0,174235.06,4,GOLD,492
850,Spain,Male,30,2,141040.01,1,1,1,5978.2,2,DIAMOND,615
748,France,Female,49,7,29602.08,1,0,0,163550.58,4,SILVER,699
641,France,Male,37,6,0.0,2,1,0,45309.24,5,DIAMOND,940
615,France,Male,49,3,0.0,2,1,1,49872.33,5,GOLD,678
557,Spain,Male,48,10,0.0,2,1,1,185094.48,5,PLATINUM,933
606,Germany,Male,40,9,95293.86,2,0,1,96985.58,4,PLATINUM,408
590,Spain,Female,29,10,99250.08,1,1,1,129629.41,5,GOLD,931
584,France,Female,37,1,0.0,2,1,1,180363.56,2,SILVER,684
484,Germany,Female,55,8,149349.58,3,0,0,137519.92,5,PLATINUM,760
706,Spain,Female,53,3,0.0,3,0,0,88479.02,3,SILVER,390
523,France,Male,34,2,161588.89,1,1,1,51358.66,3,PLATINUM,940
633,Spain,Female,46,3,0.0,2,1,0,120250.58,2,DIAMOND,477
731,France,Female,38,10,123711.73,2,1,0,171340.68,1,DIAMOND,361
707,France,Female,49,10,0.0,1,1,0,82967.97,2,PLATINUM,489
850,Spain,Female,29,10,0.0,2,1,1,94815.04,1,GOLD,251
691,Germany,Female,37,7,123067.63,1,1,1,98162.44,5,SILVER,958
785,Spain,Female,31,2,121691.54,2,0,0,81778.72,4,PLATINUM,922
644,France,Male,38,3,0.0,2,1,1,79928.41,4,SILVER,554
461,Spain,Female,35,8,0.0,1,1,0,132295.95,3,SILVER,963
747,France,Female,47,5,139914.6,4,0,1,129964.56,5,DIAMOND,230
572,Germany,Female,54,9,97382.53,1,1,1,195771.95,3,GOLD,316
695,France,Male,28,5,171069.39,2,1,1,88689.4,3,SILVER,739
729,France,Female,62,4,140549.4,1,1,0,30990.16,3,GOLD,726
657,Spain,Male,31,3,125167.02,1,0,0,98820.39,2,SILVER,225
740,Germany,Male,40,4,114318.78,2,1,0,129333.69,5,PLATINUM,303
622,France,Male,59,5,119380.37,1,1,1,60429.43,1,PLATINUM,650
741,France,Male,29,8,0.0,2,1,1,115994.52,5,PLATINUM,854
485,Germany,Male,34,3,133658.24,1,1,0,70209.83,2,SILVER,456
580,France,Female,39,9,128362.59,1,1,0,86044.98,1,GOLD,456
695,France,Male,45,3,0.0,2,1,1,30793.61,1,PLATINUM,364
677,France,Female,27,2,0.0,2,0,1,114685.92,2,PLATINUM,273
663,France,Female,42,1,82228.67,2,1,0,71359.78,5,SILVER,366
790,Spain,Female,37,3,0.0,3,0,0,98897.32,3,PLATINUM,772
501,France,Male,37,4,0.0,2,0,0,12470.3,4,GOLD,453
588,Spain,Male,33,2,0.0,2,1,1,12483.56,1,PLATINUM,469
628,Germany,Female,51,10,115280.49,2,0,0,12628.61,2,SILVER,573
537,France,Female,41,0,0.0,2,0,1,175262.49,5,SILVER,866
549,Germany,Female,49,6,124829.16,1,0,1,93551.36,3,DIAMOND,411
645,Germany,Male,49,4,160133.88,1,0,1,88391.97,4,GOLD,720
643,Spain,Male,48,8,0.0,2,1,0,174729.3,1,SILVER,976
700,Spain,Male,47,4,0.0,1,1,0,121798.52,2,GOLD,810
788,Spain,Female,70,1,0.0,2,1,1,41610.62,3,DIAMOND,844
753,France,Male,35,3,0.0,2,1,1,184843.77,1,GOLD,330
404,Germany,Female,54,4,125456.07,1,1,0,83715.66,3,PLATINUM,353
639,Spain,Female,39,1,141789.15,1,1,0,92455.96,3,PLATINUM,422
623,Germany,Female,48,1,108076.33,1,1,0,118855.26,3,PLATINUM,223
817,Germany,Female,27,7,129810.6,1,1,1,59259.44,5,SILVER,675
523,Germany,Male,60,1,163894.35,1,0,1,57061.71,1,DIAMOND,309
488,Germany,Male,32,3,114540.38,1,1,0,92568.07,2,GOLD,804
736,Germany,Male,46,5,130812.91,1,1,1,77981.54,3,SILVER,610
753,Spain,Male,51,4,79811.72,2,0,1,68260.27,1,DIAMOND,956
453,Germany,Female,28,3,139986.65,1,1,0,136846.75,2,GOLD,816
443,France,Male,35,6,161111.45,1,0,0,13946.66,5,SILVER,765
664,France,Male,48,10,0.0,1,1,0,140173.17,1,PLATINUM,495
637,France,Male,33,0,132255.99,2,0,1,74588.41,1,GOLD,284
823,France,Male,34,3,105057.33,1,1,0,9217.92,2,PLATINUM,329
695,Germany,Female,53,8,95231.91,1,0,0,70140.8,4,SILVER,402
565,France,Female,38,5,126645.13,1,1,1,168303.55,1,DIAMOND,366
600,France,Male,35,4,143744.77,2,1,0,104076.51,4,GOLD,797
619,France,Male,44,3,116967.68,1,1,0,5075.17,5,DIAMOND,716
719,Spain,Male,39,5,0.0,2,1,0,145759.7,1,SILVER,337
725,France,Female,36,1,118851.05,1,1,1,102747.02,3,SILVER,787
694,France,Male,42,3,156864.2,2,0,0,88890.75,3,PLATINUM,314
759,Germany,Male,31,4,98899.91,1,1,1,47832.82,1,DIAMOND,352
653,France,Male,51,3,0.0,1,1,0,170426.65,3,SILVER,435
597,Germany,Female,43,7,119127.46,2,1,0,55809.92,5,SILVER,981
543,France,Male,22,8,0.0,2,0,0,127587.22,3,PLATINUM,251
724,France,Female,28,5,0.0,1,1,0,59351.68,4,DIAMOND,697
706,Germany,Female,39,8,112889.91,1,0,1,6723.66,5,DIAMOND,727
614,France,Male,49,1,0.0,2,1,0,192440.54,1,DIAMOND,449
597,Spain,Female,66,3,0.0,1,1,1,70532.53,2,DIAMOND,414
737,Germany,Male,31,5,121192.22,2,1,1,74890.58,2,PLATINUM,815
556,France,Female,30,7,0.0,2,1,1,186648.19,3,GOLD,356
746,France,Female,29,4,105599.67,1,1,1,43106.17,3,DIAMOND,425
786,France,Male,34,9,0.0,2,1,0,144517.19,1,GOLD,723
586,France,Female,46,0,0.0,3,0,1,131553.82,1,GOLD,272
571,France,Male,44,9,0.0,2,0,0,38433.35,4,PLATINUM,448
744,France,Male,54,6,93806.31,2,0,1,140068.77,2,PLATINUM,306
597,France,Female,42,4,64740.12,1,1,1,106841.12,5,SILVER,244
680,France,Male,33,10,183768.47,1,1,0,164119.35,3,PLATINUM,291
683,Spain,Male,40,8,0.0,1,1,0,75848.22,4,PLATINUM,221
599,Spain,Male,25,3,0.0,2,1,1,120790.02,1,PLATINUM,488
619,France,Female,49,9,145359.99,1,1,0,38186.85,4,DIAMOND,468
667,France,Male,43,8,190227.46,1,1,0,97508.04,3,DIAMOND,680
685,France,Male,30,2,0.0,2,1,1,140889.32,2,DIAMOND,936
350,Germany,Male,39,0,109733.2,2,0,0,123602.11,2,GOLD,261
543,France,Female,32,7,147256.86,1,1,0,112771.95,3,DIAMOND,932
537,Spain,Female,38,1,96939.06,1,1,1,102606.92,3,PLATINUM,942
645,Spain,Male,38,1,68079.8,1,0,1,166264.89,1,PLATINUM,746
646,France,Female,34,3,131283.11,1,0,0,130500.65,3,SILVER,328
666,France,Female,40,2,0.0,2,0,0,36371.27,2,SILVER,879
554,Spain,Female,46,7,87603.35,3,0,1,96929.24,4,PLATINUM,818
694,France,Female,30,9,0.0,2,1,1,26960.31,5,DIAMOND,829
705,France,Female,31,3,142905.51,1,1,1,58134.97,4,SILVER,551
800,Spain,Male,38,9,0.0,1,1,0,78744.39,2,DIAMOND,350
668,Spain,Male,34,0,0.0,1,0,0,99984.86,1,GOLD,865
648,Spain,Male,42,2,98795.61,2,1,0,89123.99,5,GOLD,365
732,Germany,Female,48,4,102962.62,1,1,0,120852.85,3,DIAMOND,287
514,France,Male,32,8,0.0,2,1,0,95857.18,4,PLATINUM,423
803,France,Female,26,4,0.0,2,1,1,181208.47,2,DIAMOND,1000
667,Germany,Female,48,1,97133.92,2,0,0,113316.77,5,GOLD,736
609,Spain,Male,37,5,129312.79,1,1,1,26793.82,3,PLATINUM,922
734,France,Male,34,6,133598.4,1,1,1,13107.24,4,DIAMOND,693
762,Germany,Male,35,1,117458.51,1,0,1,178361.48,4,DIAMOND,222
549,Germany,Male,34,6,204017.4,2,1,0,109538.35,1,GOLD,872
792,France,Female,42,2,0.0,2,1,0,92664.09,3,PLATINUM,522
726,Spain,Male,30,8,134152.29,1,1,1,147822.44,1,PLATINUM,426
604,France,Male,40,1,84315.02,1,0,0,36209.1,3,PLATINUM,885
646,France,Male,35,6,84026.86,1,0,1,164255.69,3,SILVER,635
596,Germany,Male,34,4,99441.21,2,0,1,4802.27,1,GOLD,873
743,Germany,Male,45,10,144677.19,3,1,0,22512.44,3,GOLD,471
526,Germany,Female,35,9,118536.4,1,1,0,40980.87,3,DIAMOND,416
615,France,Male,30,7,0.0,2,1,1,156346.84,4,DIAMOND,548
631,France,Male,26,1,149144.61,1,0,1,123697.95,3,PLATINUM,887
579,France,Female,39,3,166501.17,2,1,0,93835.64,2,PLATINUM,340
673,Germany,Female,29,4,99097.36,1,1,1,9796.69,4,PLATINUM,712
696,Germany,Male,42,7,162318.61,1,1,0,121061.89,5,GOLD,587
850,France,Male,33,0,124781.67,1,0,1,33700.52,3,DIAMOND,357
679,France,Female,33,1,0.0,2,0,0,69608.48,5,DIAMOND,999
550,Spain,Male,62,7,80927.56,1,0,1,64490.67,5,GOLD,679
501,Germany,Male,38,9,88977.39,2,0,1,133403.07,5,GOLD,522
529,France,Male,30,2,116295.29,1,1,0,75285.47,4,PLATINUM,997
620,France,Male,28,9,71902.52,1,0,1,190208.23,5,SILVER,334
695,France,Female,42,0,0.0,2,0,1,140724.64,1,PLATINUM,875
678,France,Female,35,4,0.0,1,1,0,125518.32,1,DIAMOND,749
596,France,Male,42,7,0.0,2,1,1,121568.37,5,GOLD,567
716,France,Female,44,3,109528.28,1,1,0,27341.63,1,DIAMOND,771
477,France,Male,47,9,144900.58,1,1,0,61315.37,4,GOLD,498
550,France,Female,30,4,0.0,2,1,0,89216.29,3,GOLD,484
696,Spain,Male,40,3,153639.11,1,1,1,138351.68,1,DIAMOND,908
763,France,Female,31,4,0.0,2,0,0,50404.72,3,PLATINUM,668
544,France,Male,48,10,78314.63,3,1,1,103713.93,5,PLATINUM,403
575,Spain,Female,22,8,105229.34,1,1,1,34397.08,1,GOLD,806
706,France,Male,35,5,0.0,2,1,1,81718.37,2,SILVER,712
685,Germany,Female,21,6,97956.5,1,1,1,164966.27,2,SILVER,220
652,France,Female,34,6,97435.85,2,1,1,104331.76,5,SILVER,604
826,France,Male,26,5,142662.68,1,0,0,60285.3,3,DIAMOND,334
572,France,Female,30,6,0.0,1,0,1,175025.27,3,SILVER,468
624,Spain,Male,35,2,0.0,2,1,0,87310.59,2,PLATINUM,565
698,Spain,Female,63,5,0.0,1,1,1,173576.71,5,SILVER,545
653,Spain,Male,55,2,70263.83,1,0,1,62347.71,1,GOLD,644
771,France,Male,50,3,105229.72,1,1,1,16281.68,3,DIAMOND,743
553,Germany,Male,53,5,127997.83,1,1,0,165378.66,2,SILVER,775
726,France,Female,48,4,0.0,1,1,0,114020.06,2,DIAMOND,283
708,France,Male,34,3,0.0,1,0,1,121457.88,5,DIAMOND,552
749,Germany,Female,32,7,79523.13,1,0,1,157648.12,5,GOLD,628
627,Germany,Male,38,8,106922.92,2,0,1,84270.09,5,GOLD,305
716,France,Female,44,6,155114.9,1,0,0,133871.83,5,SILVER,682
553,France,Female,31,4,0.0,2,1,1,89087.4,2,DIAMOND,393
479,Germany,Male,24,6,107637.97,2,0,1,169505.83,5,PLATINUM,456
538,France,Female,38,8,88758.95,2,0,0,28226.15,1,DIAMOND,911
611,Germany,Female,40,7,128486.91,2,1,0,10109.47,5,DIAMOND,559
553,France,Male,37,2,0.0,2,1,0,33877.29,1,SILVER,461
744,France,Female,39,6,0.0,1,0,0,10662.58,4,DIAMOND,593
586,Spain,Female,28,2,0.0,2,1,1,92067.35,5,PLATINUM,635
662,France,Female,29,10,0.0,2,1,0,137508.31,1,SILVER,934
508,France,Female,38,3,166328.65,2,0,1,22614.19,3,DIAMOND,789
632,Germany,Male,42,4,119624.6,2,1,1,195978.86,4,PLATINUM,959
698,France,Male,33,5,135658.73,2,0,1,39755.0,1,SILVER,903
645,Spain,Male,36,4,59893.85,2,1,0,43999.64,5,DIAMOND,420
804,Germany,Female,33,10,138335.96,1,1,1,80483.76,4,SILVER,442
706,Germany,Female,44,2,185932.18,2,1,0,65413.41,5,GOLD,536
624,Spain,Female,36,0,0.0,2,1,0,111605.9,3,GOLD,353
698,France,Male,37,5,98400.61,2,0,0,25017.28,1,PLATINUM,403
516,France,Female,37,8,113143.12,1,0,0,3363.36,2,DIAMOND,372
534,France,Female,23,5,104822.45,1,0,1,160176.47,5,SILVER,915
582,France,Female,40,9,0.0,3,1,1,60954.45,2,SILVER,645
787,Germany,Male,43,0,132217.45,1,1,0,20955.03,2,DIAMOND,314
636,Spain,Female,36,1,0.0,1,1,0,43134.58,3,DIAMOND,783
850,France,Male,38,1,0.0,2,1,1,80006.65,2,PLATINUM,480
749,Spain,Male,38,9,129378.32,1,1,1,13549.34,4,DIAMOND,633
485,France,Female,39,2,75339.64,1,1,1,70665.16,3,GOLD,772
507,France,Female,33,1,113452.66,1,0,0,142911.99,1,SILVER,401
648,France,Female,54,9,120633.42,1,0,0,5924.38,4,SILVER,425
567,France,Female,26,2,0.0,2,1,1,78651.55,2,PLATINUM,387
613,Spain,Female,32,0,0.0,2,0,1,126675.62,5,DIAMOND,963
501,France,Female,34,5,0.0,1,1,0,27380.99,4,PLATINUM,501
527,Spain,Male,37,5,93722.73,2,1,1,139093.73,3,PLATINUM,453
743,France,Male,37,8,69143.91,2,0,1,105780.18,3,PLATINUM,785
805,Germany,Female,45,9,116585.97,1,1,0,189428.75,1,GOLD,885
481,France,Female,39,6,0.0,1,1,1,24677.54,3,GOLD,953
512,France,Female,75,2,0.0,1,1,0,123304.62,3,GOLD,355
492,France,Female,31,7,0.0,2,1,1,49463.44,2,SILVER,783
737,Germany,Male,43,8,96353.8,1,0,0,10209.8,1,DIAMOND,373
610,Germany,Male,36,7,115462.02,1,0,1,42581.04,5,GOLD,295
682,France,Female,43,5,125851.93,1,1,1,193318.33,4,GOLD,462
777,Germany,Male,35,7,122917.69,1,1,1,76169.68,2,DIAMOND,624
503,France,Male,42,8,104430.08,1,1,1,147557.71,5,GOLD,759
648,France,Male,33,7,134944.0,1,1,1,117036.38,2,PLATINUM,219
528,Germany,Female,46,9,135555.66,1,1,0,133146.03,4,PLATINUM,764
540,Germany,Male,64,1,91869.69,1,0,1,95421.0,5,SILVER,466
613,Germany,Female,30,5,131563.88,2,1,0,170638.98,2,GOLD,583
682,Germany,Male,81,6,122029.15,1,1,1,50783.88,4,PLATINUM,526
544,France,Female,26,6,0.0,1,1,0,100200.4,4,SILVER,508
699,France,Male,39,9,0.0,1,1,0,80963.92,2,DIAMOND,966
676,Spain,Male,48,1,131659.59,2,0,1,14152.15,5,DIAMOND,438
560,France,Female,30,0,108883.29,1,1,0,27914.95,5,GOLD,469
679,France,Male,60,6,0.0,2,1,1,77331.77,4,DIAMOND,421
829,Spain,Male,50,7,0.0,2,0,1,178458.86,2,SILVER,332
709,Germany,Male,23,8,73314.04,2,1,0,63446.47,3,DIAMOND,706
656,France,Male,18,10,151762.74,1,0,1,127014.32,2,GOLD,778
847,Spain,Male,31,5,0.0,2,1,1,76326.67,4,SILVER,791
437,France,Female,39,0,102721.49,1,0,0,22191.82,1,GOLD,696
665,France,Male,33,2,101286.11,1,1,1,159840.51,5,PLATINUM,770
668,Germany,Male,56,9,110993.79,1,1,0,134396.64,1,SILVER,239
730,France,Male,23,8,0.0,2,1,0,183284.53,3,SILVER,537
630,Germany,Female,23,4,137964.51,1,0,1,174570.55,1,DIAMOND,978
619,Spain,Female,38,1,0.0,1,1,0,112442.63,4,PLATINUM,989
685,France,Male,33,6,174912.72,1,1,1,43932.54,1,PLATINUM,948
736,Spain,Female,26,4,135889.13,1,1,1,165692.03,4,PLATINUM,253
554,Spain,Female,27,4,0.0,2,1,1,135083.73,5,SILVER,738
690,France,Male,38,1,94456.0,2,0,1,55034.02,3,GOLD,240
731,Spain,Female,37,1,128932.4,1,1,1,180712.52,4,SILVER,868
601,Spain,Female,42,4,96763.89,1,1,1,199242.65,2,PLATINUM,235
760,Spain,Female,57,1,0.0,2,1,1,25101.17,2,PLATINUM,687
435,Germany,Male,44,3,151739.65,1,1,0,167461.5,4,GOLD,412
784,France,Male,31,7,0.0,2,1,1,143204.41,1,GOLD,674
655,Germany,Female,37,4,108862.76,1,1,0,79555.08,1,GOLD,601
746,France,Male,24,3,137492.35,2,0,1,170142.09,3,PLATINUM,642
793,France,Male,56,8,119496.25,2,1,0,29880.99,2,SILVER,458
583,France,Male,33,7,122531.86,1,1,0,13549.24,1,SILVER,313
610,France,Male,36,4,129440.3,2,1,0,102638.35,4,PLATINUM,975
840,France,Female,39,1,94968.97,1,1,0,84487.62,5,SILVER,932
745,Germany,Male,45,10,117231.63,3,1,1,122381.02,2,GOLD,291
682,France,Male,30,4,0.0,1,0,1,161465.31,2,DIAMOND,252
789,Germany,Male,43,8,119654.44,2,0,1,148412.24,5,PLATINUM,570
671,France,Male,31,0,116234.61,1,1,0,172096.08,5,SILVER,395
489,Germany,Male,38,2,126444.08,2,1,1,82662.73,4,SILVER,526
684,Germany,Female,56,3,127585.98,3,1,1,80593.49,3,DIAMOND,708
675,Spain,Male,31,2,90826.27,2,1,0,60270.87,3,SILVER,661
673,Germany,Male,36,5,73088.06,2,0,0,196142.26,3,GOLD,328
628,France,Female,29,9,71996.29,1,1,1,34857.46,4,DIAMOND,221
778,Spain,Male,33,5,116474.28,2,1,1,32757.55,2,GOLD,445
609,France,Male,37,1,39344.83,1,1,1,178291.89,5,SILVER,370
609,Germany,Male,31,9,103837.75,1,1,1,150218.11,2,SILVER,718
622,France,Female,30,4,107879.04,1,0,1,196894.62,5,GOLD,623
652,France,Female,48,8,133297.24,1,1,0,77764.37,1,GOLD,619
702,France,Male,26,5,56738.47,2,1,1,100442.22,3,SILVER,374
556,France,Male,35,10,0.0,2,1,1,192751.18,4,GOLD,570
704,France,Male,36,3,114370.41,1,0,1,66810.48,3,PLATINUM,268
727,France,Male,28,5,0.0,2,0,1,19653.08,3,GOLD,351
740,France,Male,39,9,0.0,2,1,0,19047.23,3,DIAMOND,993
616,Germany,Female,57,7,116936.81,1,1,1,104379.36,2,PLATINUM,336
705,France,Female,35,3,0.0,2,0,1,66331.01,3,GOLD,547
799,France,Female,52,4,161209.66,1,1,1,89081.41,4,SILVER,373
739,Germany,Male,54,8,126418.14,1,1,0,134420.75,2,DIAMOND,718
696,Germany,Female,35,4,174902.26,1,1,0,69079.85,2,PLATINUM,720
622,Spain,Male,36,9,0.0,2,1,1,104852.6,3,DIAMOND,331
502,France,Female,64,3,139663.37,1,0,1,100995.11,4,GOLD,691
588,France,Male,31,4,99607.37,2,0,1,35877.03,2,DIAMOND,842
574,Spain,Male,36,3,0.0,2,1,1,8559.66,5,DIAMOND,644
619,Spain,Female,41,8,0.0,3,1,1,79866.73,2,GOLD,998
740,France,Female,60,5,108028.08,2,0,0,25980.42,5,GOLD,922
688,France,Male,20,8,137624.4,2,1,1,197582.79,4,GOLD,742
676,Spain,Female,30,5,0.0,2,0,0,179066.58,3,DIAMOND,705
732,France,Male,62,2,0.0,2,1,1,25438.87,3,PLATINUM,780
682,Germany,Female,29,6,101012.77,1,0,0,32589.89,4,GOLD,937
655,France,Female,59,7,0.0,1,1,0,88958.49,4,DIAMOND,716
563,France,Male,33,8,0.0,2,0,1,68815.05,5,PLATINUM,983
561,France,Male,29,9,120268.13,1,1,1,173870.39,5,GOLD,566
501,Germany,Female,34,7,93244.42,1,0,1,199805.63,2,PLATINUM,354
448,Spain,Male,25,2,0.0,2,0,0,95215.73,2,PLATINUM,843
579,France,Female,45,2,0.0,2,0,0,11514.39,2,SILVER,451
714,Spain,Male,27,3,0.0,3,1,1,129130.09,5,SILVER,742
608,Germany,Female,48,2,127924.25,2,1,0,32202.61,1,DIAMOND,794
662,France,Male,32,9,0.0,2,0,0,65089.38,1,PLATINUM,670
782,Germany,Female,72,5,148666.99,1,1,0,2605.65,4,GOLD,705
807,Spain,Female,42,1,0.0,1,1,0,16500.66,2,DIAMOND,406
642,France,Female,40,7,0.0,2,1,0,10712.82,4,PLATINUM,718
850,France,Male,49,5,122486.47,1,0,1,59748.19,3,DIAMOND,852
653,France,Male,37,7,135847.47,1,1,0,144880.81,5,SILVER,529
675,Germany,Female,29,8,121326.42,1,1,0,133457.52,2,SILVER,329
616,France,Male,34,10,0.0,2,1,0,25662.27,4,SILVER,279
466,France,Male,40,4,91592.06,1,1,0,141210.18,1,SILVER,977
681,Germany,Male,48,5,139714.4,2,0,0,73066.72,3,GOLD,541
679,Germany,Male,39,2,146186.28,2,1,1,193974.47,4,SILVER,412
850,France,Male,81,5,0.0,2,1,1,44827.47,2,SILVER,237
597,France,Male,33,9,0.0,2,1,0,49374.82,2,PLATINUM,297
581,Germany,Male,39,1,121523.51,1,0,0,161655.55,3,SILVER,875
583,France,Female,42,7,0.0,2,1,0,144039.05,4,PLATINUM,443
560,France,Female,38,5,83714.41,1,1,1,33245.97,4,SILVER,289
624,Germany,Male,27,9,94667.29,2,0,1,4470.52,1,PLATINUM,958
605,Spain,Female,48,6,0.0,2,1,1,40062.99,2,DIAMOND,457
682,Spain,Female,59,0,122661.39,1,0,1,84803.76,1,PLATINUM,686
678,Germany,Female,40,8,128644.46,1,0,0,167673.37,2,GOLD,751
627,Germany,Female,30,6,57809.32,1,1,0,188258.49,3,DIAMOND,545
792,France,Female,70,3,0.0,2,1,1,172240.27,4,PLATINUM,524
689,Spain,Female,31,3,139799.63,1,0,1,120663.57,5,GOLD,964
583,France,Female,44,8,0.0,2,1,1,27431.62,4,DIAMOND,837
844,France,Male,18,2,160980.03,1,0,0,145936.28,5,DIAMOND,821
850,France,Female,36,0,164850.54,1,1,1,62722.44,1,PLATINUM,377
794,Spain,Female,46,8,134593.79,1,1,1,46386.37,4,DIAMOND,351
578,Germany,Female,31,5,102088.68,4,0,0,187866.21,4,SILVER,645
673,France,Male,51,8,79563.36,2,1,1,172200.91,3,PLATINUM,419
528,Germany,Female,29,9,170214.23,2,1,0,49284.0,3,GOLD,940
504,Germany,Male,32,8,170291.22,2,0,1,15658.99,2,GOLD,391
625,Spain,Female,57,7,0.0,1,0,0,84106.17,1,SILVER,674
604,Spain,Female,71,10,0.0,2,1,1,129984.2,1,GOLD,750
728,Spain,Female,29,1,0.0,1,1,1,83056.22,2,PLATINUM,300
583,France,Female,38,10,0.0,2,0,1,113597.64,4,SILVER,691
616,Germany,Female,43,7,95984.21,1,0,1,115262.54,1,GOLD,564
627,France,Male,37,2,125190.86,1,0,1,84584.69,2,DIAMOND,582
773,Spain,Male,43,7,138150.57,1,1,1,177357.16,2,SILVER,936
534,Spain,Male,35,4,0.0,2,0,0,9541.15,2,PLATINUM,784
625,Germany,Male,26,3,130483.95,1,1,0,122810.53,3,PLATINUM,343
461,France,Female,28,8,0.0,1,1,1,103349.74,4,DIAMOND,861
701,France,Female,35,2,0.0,2,1,1,65765.22,5,PLATINUM,939
685,France,Female,40,7,0.0,2,1,0,103898.59,2,PLATINUM,858
765,Germany,Male,36,8,92310.54,2,1,1,72924.56,3,DIAMOND,547
657,France,Male,44,6,76495.04,1,1,0,79071.89,4,SILVER,721
661,Germany,Male,41,5,122552.48,2,0,1,120646.4,2,DIAMOND,800
604,Spain,Female,39,7,98544.11,1,1,1,52327.57,2,PLATINUM,668
590,Spain,Male,29,10,0.0,1,1,1,51907.72,1,GOLD,523
691,France,Female,29,9,116536.43,1,1,0,51987.99,1,DIAMOND,592
678,Germany,Male,49,2,116933.11,1,1,0,195053.58,5,SILVER,267
590,Spain,Male,30,3,0.0,2,1,0,83090.35,4,PLATINUM,332
585,Germany,Male,36,5,146050.97,2,0,0,86424.57,3,SILVER,665
676,Spain,Male,35,0,0.0,2,0,0,139911.58,3,SILVER,543
632,France,Male,44,3,107764.75,1,1,0,185667.72,4,GOLD,582
617,France,Female,79,7,0.0,1,1,1,160589.18,3,SILVER,424
626,Spain,Male,29,7,0.0,2,1,0,49361.84,5,PLATINUM,429
642,France,Male,26,0,0.0,1,0,0,47472.68,5,SILVER,616
571,France,Male,41,8,0.0,1,1,1,63736.17,4,SILVER,681
680,France,Female,32,5,0.0,1,1,1,150684.23,5,GOLD,589
749,Germany,Female,29,7,137059.05,3,1,0,102975.72,5,SILVER,859
593,France,Male,35,9,114193.24,1,1,0,71154.1,5,DIAMOND,660
555,France,Male,37,9,124969.13,1,1,0,60194.05,2,GOLD,904
561,France,Female,22,6,186788.96,2,1,0,73286.8,5,SILVER,964
725,France,Female,33,4,0.0,1,1,1,67879.8,3,DIAMOND,446
645,France,Female,40,3,129596.77,1,1,1,103232.6,4,SILVER,897
789,France,Male,27,6,0.0,2,1,0,103603.65,5,GOLD,859
652,France,Female,37,4,92208.54,1,0,1,197699.8,3,PLATINUM,822
587,Spain,Male,45,6,0.0,1,0,0,158684.81,3,PLATINUM,732
644,France,Female,40,9,137285.26,4,1,0,77063.63,3,GOLD,444
571,Germany,Male,37,9,139592.98,3,1,0,104152.65,5,PLATINUM,923
575,France,Male,36,1,0.0,1,0,1,94570.56,4,GOLD,319
733,France,Female,28,5,0.0,2,0,0,12761.16,5,SILVER,777
731,France,Male,19,6,0.0,2,1,1,151581.79,4,PLATINUM,457
616,France,Male,31,3,94263.91,2,1,0,168895.06,5,SILVER,499
523,Spain,Male,32,4,0.0,2,1,0,167848.02,3,DIAMOND,480
850,France,Female,35,2,128548.49,4,1,0,75478.95,3,PLATINUM,507
557,France,Female,24,4,0.0,1,0,0,20515.72,5,GOLD,532
593,France,Female,39,0,117704.73,1,1,0,197933.5,4,DIAMOND,694
850,Spain,Female,43,2,125510.82,1,1,1,79084.1,5,GOLD,425
687,Spain,Female,63,1,137715.66,1,1,1,37938.74,1,PLATINUM,938
789,France,Female,27,8,66201.96,1,1,1,79458.12,1,DIAMOND,332
679,Germany,Female,37,8,77373.87,2,0,1,174873.09,2,GOLD,720
791,France,Female,44,5,0.0,2,1,1,123977.86,2,PLATINUM,430
646,Spain,Male,69,10,115462.44,1,1,0,40421.87,2,GOLD,701
543,Germany,Male,49,6,59532.18,1,1,0,104253.56,3,SILVER,301
700,France,Female,27,6,137963.07,1,0,0,8996.79,1,GOLD,781
648,Germany,Female,37,7,138503.51,2,1,0,57215.85,4,PLATINUM,470
808,Spain,Female,67,10,124577.15,1,0,1,169894.4,5,GOLD,259
675,France,Female,33,6,0.0,2,1,0,34045.61,1,DIAMOND,872
690,France,Male,54,5,0.0,1,1,0,12847.61,5,GOLD,439
725,Germany,Male,40,8,104149.66,1,1,0,62027.9,4,GOLD,414
654,France,Male,36,2,112262.84,1,1,0,12873.39,1,DIAMOND,883
802,France,Female,60,3,92887.06,1,1,0,39473.63,4,PLATINUM,848
569,France,Female,44,4,0.0,2,0,0,134394.78,1,SILVER,592
691,Germany,Male,30,7,116927.89,1,1,0,21198.39,1,DIAMOND,813
844,France,Male,38,7,111501.66,1,1,1,119333.38,5,SILVER,962
652,France,Female,40,8,84390.8,2,0,1,107876.2,4,SILVER,306
636,Germany,Male,34,2,40105.51,2,0,1,53512.16,3,DIAMOND,356
703,France,Male,32,1,125685.79,1,1,1,56246.72,4,DIAMOND,960
729,Spain,Female,28,0,0.0,2,1,1,31165.06,3,PLATINUM,433
597,Spain,Male,43,2,85162.26,1,0,1,5104.08,1,SILVER,507
760,Spain,Male,43,6,175735.5,1,1,1,157337.29,2,GOLD,927
824,France,Male,30,0,133634.02,1,1,1,162053.92,1,PLATINUM,977
566,France,Male,30,5,0.0,1,1,0,54926.51,4,DIAMOND,817
512,Spain,Female,35,5,124580.69,1,1,1,18785.48,2,SILVER,428
614,Germany,Female,39,8,125997.22,1,1,1,128049.34,5,DIAMOND,817
491,Germany,Female,68,1,95039.12,1,0,1,116471.14,5,SILVER,897
642,France,Male,72,1,160541.0,2,1,1,142223.94,5,SILVER,836
540,France,Male,41,3,0.0,2,1,0,121098.65,2,GOLD,781
850,Germany,Female,35,2,80931.75,1,0,0,12639.67,2,DIAMOND,983
637,France,Female,33,9,113913.53,1,0,1,65316.5,1,PLATINUM,705
655,France,Female,50,10,0.0,4,1,0,179267.94,1,GOLD,889
511,France,Male,58,0,149117.31,1,1,1,162599.51,1,GOLD,517
626,Spain,Male,26,8,0.0,2,0,0,191420.71,4,PLATINUM,701
753,France,Female,39,7,155062.8,1,1,1,16460.77,3,GOLD,674
680,France,Male,27,3,0.0,1,1,0,32454.26,3,DIAMOND,875
752,Spain,Male,48,5,116060.08,1,1,0,156618.38,5,PLATINUM,265
672,France,Male,39,2,0.0,2,1,0,87372.49,3,DIAMOND,425
715,France,Male,41,4,94267.9,1,0,1,152821.12,5,GOLD,831
568,France,Male,30,8,73054.37,2,1,1,27012.0,5,PLATINUM,560
452,Spain,Male,44,3,88915.85,1,1,0,69697.74,3,GOLD,474
679,France,Male,47,10,198546.1,2,1,0,191198.92,5,SILVER,694
559,Spain,Male,24,3,114739.92,1,1,0,85891.02,4,SILVER,327
531,France,Male,31,3,96288.26,1,1,0,56794.73,4,DIAMOND,247
647,France,Male,35,4,123761.68,1,1,0,83910.4,4,PLATINUM,713
585,France,Male,42,2,0.0,2,1,1,18657.77,4,SILVER,805
658,Spain,Female,32,5,145553.07,1,1,1,31484.76,5,DIAMOND,528
547,France,Male,30,6,0.0,2,1,1,18471.86,5,PLATINUM,458
618,France,Male,34,5,134954.53,1,1,1,151954.39,2,SILVER,512
637,Spain,Female,44,0,157622.58,1,1,1,120454.2,1,PLATINUM,879
457,Spain,Male,44,7,0.0,2,0,0,185992.36,4,PLATINUM,717
732,France,Male,26,7,0.0,2,1,0,154364.66,3,DIAMOND,994
580,Germany,Male,38,9,115442.19,2,1,0,128481.5,3,GOLD,681
636,France,Female,34,3,0.0,2,1,1,44756.25,5,SILVER,524
446,France,Female,39,1,90217.07,1,1,0,191350.48,3,GOLD,562
711,France,Female,29,3,130181.47,2,1,0,31811.44,5,SILVER,719
569,France,Male,38,7,0.0,1,1,1,108469.2,5,SILVER,550
708,France,Female,44,2,161887.81,2,1,0,84870.23,3,DIAMOND,602
850,Germany,Male,28,2,101100.22,2,1,1,35337.31,1,PLATINUM,711
649,Spain,Female,32,7,0.0,1,1,0,28797.32,4,PLATINUM,537
683,Spain,Male,29,0,133702.89,1,1,0,55582.54,1,PLATINUM,388
757,France,Male,31,10,39539.39,2,0,0,192519.39,5,GOLD,799
660,France,Male,41,3,0.0,2,1,1,108665.89,4,DIAMOND,265
632,Germany,Female,41,3,81877.38,1,1,1,33642.21,3,SILVER,532
811,Germany,Female,28,4,167738.82,2,1,1,9903.42,4,GOLD,513
574,Spain,Male,52,7,115532.52,1,1,0,196257.67,3,GOLD,625
762,Spain,Male,39,2,81273.13,1,1,1,18719.67,5,GOLD,929
554,Spain,Female,41,4,112152.89,1,0,1,36242.19,1,DIAMOND,897
656,Spain,Female,34,6,59877.33,1,1,0,14032.62,5,SILVER,248
684,France,Female,26,5,87098.91,1,0,0,106095.82,5,PLATINUM,894
683,France,Female,32,9,0.0,2,1,1,24991.92,3,SILVER,862
501,France,Male,42,9,114631.23,1,0,1,91429.74,4,SILVER,450
714,France,Male,34,5,141173.03,1,0,1,98896.06,5,SILVER,536
489,Spain,Male,40,3,221532.8,1,1,0,171867.08,5,DIAMOND,636
702,France,Male,50,3,0.0,2,0,0,94949.84,4,GOLD,726
644,France,Male,30,5,44928.88,1,1,1,10771.46,4,PLATINUM,528
620,France,Female,67,3,0.0,2,1,1,43486.73,5,GOLD,404
636,France,Female,45,7,139859.23,1,1,1,108402.54,3,GOLD,393
602,Spain,Male,34,8,98382.72,1,1,0,39542.0,4,GOLD,240
651,France,Male,53,7,0.0,2,1,1,130132.41,1,DIAMOND,284
558,France,Female,56,7,121235.05,2,1,1,116253.1,4,GOLD,801
764,Spain,Male,29,5,0.0,2,1,0,65868.28,4,DIAMOND,275
595,France,Female,33,9,0.0,2,1,1,41447.86,5,PLATINUM,706
715,France,Female,35,3,0.0,1,1,1,152012.36,4,GOLD,917
719,France,Female,54,7,0.0,2,1,1,125041.52,4,DIAMOND,619
669,France,Female,38,8,0.0,2,1,0,84049.16,4,PLATINUM,800
703,Spain,Male,73,5,137761.55,1,1,1,159677.46,5,GOLD,416
619,France,Female,48,4,0.0,1,0,0,18094.96,5,GOLD,812
682,France,Male,55,9,0.0,1,1,0,153356.8,5,DIAMOND,294
679,Germany,Female,34,7,121063.85,1,1,0,56984.58,1,GOLD,564
594,Germany,Female,21,2,87096.82,2,1,0,168186.11,1,SILVER,923
758,Spain,Male,56,1,0.0,2,1,1,10643.38,4,PLATINUM,408
588,Spain,Male,32,3,109109.33,1,0,1,4993.94,3,GOLD,447
594,Germany,Male,18,1,132694.73,1,1,0,167689.56,3,SILVER,323
509,Spain,Male,29,1,0.0,2,1,0,69113.14,2,DIAMOND,321
516,France,Male,35,5,128653.59,1,1,0,127558.26,5,DIAMOND,595
698,France,Male,47,5,156265.31,2,0,0,1055.66,1,SILVER,630
514,France,Male,35,3,121030.9,1,1,0,10008.68,4,DIAMOND,264
597,Spain,Male,24,0,108058.07,2,1,1,187826.11,3,PLATINUM,676
605,France,Female,32,5,0.0,2,1,1,42135.28,3,PLATINUM,765
612,Germany,Male,30,9,142910.15,1,1,0,105890.55,5,GOLD,763
683,Spain,Male,35,9,61172.04,1,0,0,82951.12,3,GOLD,306
652,Spain,Male,58,6,0.0,2,0,1,170025.43,2,DIAMOND,596
562,France,Male,35,7,0.0,1,0,0,48869.67,3,GOLD,863
675,France,Female,34,10,84944.58,1,0,0,146230.63,1,PLATINUM,248
709,France,Female,43,8,0.0,2,0,0,168035.62,4,GOLD,863
727,Spain,Female,52,1,154733.97,1,1,0,80259.67,3,DIAMOND,786
768,Germany,Male,49,1,133384.66,1,1,0,102397.22,2,PLATINUM,684
645,Spain,Female,37,7,0.0,2,1,0,13589.93,4,DIAMOND,318
681,France,Male,34,3,0.0,2,0,0,55816.2,2,GOLD,628
846,France,Female,37,6,127103.97,1,1,1,41516.44,1,SILVER,290
693,France,Male,38,7,198338.77,2,1,1,14278.18,5,DIAMOND,991
687,Germany,Female,34,7,111388.18,2,1,0,148564.76,4,GOLD,570
652,Germany,Female,37,9,145219.3,1,1,0,159132.83,4,PLATINUM,910
679,Germany,Male,35,1,110245.13,1,1,1,178291.09,5,GOLD,728
719,France,Female,37,9,101455.7,1,1,0,25803.59,3,PLATINUM,844
841,France,Female,36,5,156021.31,1,0,0,122662.98,4,DIAMOND,242
633,France,Male,37,7,141546.35,1,1,1,124830.11,3,GOLD,530
619,Germany,Male,57,3,137946.39,1,1,1,72467.99,5,PLATINUM,367
521,Spain,Female,22,10,0.0,1,1,1,101311.95,3,SILVER,882
584,France,Male,49,8,172713.44,1,1,0,113860.81,2,DIAMOND,475
565,Spain,Male,38,0,122447.76,1,0,0,67339.34,4,PLATINUM,652
451,France,Female,31,7,140931.82,1,0,1,20388.77,5,PLATINUM,458
685,Spain,Male,23,5,164902.43,1,0,0,141152.28,3,GOLD,492
850,France,Female,38,1,106871.81,2,1,0,29333.01,3,SILVER,527
693,Germany,Male,25,6,146580.69,1,0,1,14633.35,4,DIAMOND,459
775,Spain,Male,27,4,0.0,1,1,1,40807.26,1,DIAMOND,923
728,France,Male,34,4,106328.08,1,1,0,88680.65,5,GOLD,709
578,France,Male,32,4,0.0,2,1,1,141822.8,4,DIAMOND,434
840,France,Male,30,8,136291.71,1,1,0,54113.38,3,PLATINUM,938
708,France,Male,52,10,105355.81,1,1,0,123.07,3,PLATINUM,755
568,France,Female,38,3,132951.92,1,0,1,124486.28,2,DIAMOND,783
644,France,Male,40,8,93183.19,1,1,0,73882.49,3,GOLD,617
777,France,Female,58,4,0.0,1,1,1,62449.07,3,GOLD,852
616,Germany,Male,45,3,143129.41,2,0,1,64327.26,5,GOLD,308
468,Germany,Male,29,1,111681.98,2,1,1,195711.16,3,GOLD,977
540,Germany,Male,44,3,164113.04,2,1,1,12120.79,5,SILVER,778
705,France,Male,33,3,144427.96,2,1,0,113845.19,4,PLATINUM,357
656,France,Male,37,2,0.0,2,0,1,67840.81,2,SILVER,436
730,Spain,Female,52,7,0.0,2,0,1,122398.84,5,SILVER,800
666,France,Female,31,2,79589.43,1,0,0,4050.57,5,DIAMOND,569
689,Germany,Female,28,2,64808.32,2,0,0,78591.15,5,SILVER,730
812,Germany,Male,25,5,54817.55,1,1,0,131660.31,3,PLATINUM,985
408,France,Female,84,8,87873.39,1,0,0,188484.52,2,DIAMOND,608
647,France,Male,32,5,97041.16,1,1,1,23132.73,1,GOLD,596
571,France,Female,35,1,104783.81,2,0,1,178512.52,2,GOLD,350
781,France,Female,48,0,57098.96,1,1,0,85644.06,1,DIAMOND,646
727,Germany,Female,30,8,119027.28,2,1,1,137903.54,5,GOLD,515
610,France,Female,27,4,87262.4,2,1,0,182720.07,1,SILVER,647
638,Germany,Female,39,0,122501.28,2,1,1,95007.8,1,GOLD,492
614,Spain,Female,25,10,75212.28,1,1,0,58965.04,5,PLATINUM,386
695,France,Female,31,5,106089.2,1,0,0,99537.68,4,GOLD,324
529,Germany,Male,29,4,135759.4,1,0,0,112813.79,1,GOLD,674
710,Spain,Male,22,8,0.0,2,0,0,99645.04,4,SILVER,289
706,Spain,Male,30,6,87609.68,2,0,0,137674.55,4,SILVER,643
502,France,Male,33,7,0.0,2,0,1,4082.52,2,SILVER,959
756,Germany,Male,27,1,131899.0,1,1,0,93302.29,4,SILVER,448
581,Germany,Male,38,1,133105.47,1,1,0,105732.9,3,SILVER,438
527,Spain,Female,46,10,131414.76,1,1,0,54947.51,4,DIAMOND,599
807,Spain,Male,42,5,0.0,2,1,1,74900.9,2,DIAMOND,791
501,Germany,Male,25,6,104013.79,1,1,0,114774.35,5,PLATINUM,629
600,France,Male,49,7,90218.9,1,1,0,91347.76,4,DIAMOND,367
506,France,Male,36,5,0.0,2,1,0,164253.35,4,GOLD,299
633,Spain,Male,58,6,98308.51,1,1,1,132034.13,3,DIAMOND,808
720,France,Male,44,4,0.0,2,1,0,163471.01,1,PLATINUM,311
850,France,Female,40,5,0.0,2,1,0,35034.15,4,DIAMOND,632
646,France,Female,30,5,0.0,2,1,0,13935.32,3,DIAMOND,786
461,France,Female,40,7,0.0,2,1,0,176547.8,3,DIAMOND,252
556,France,Male,38,2,114756.14,1,1,0,193214.05,4,DIAMOND,820
725,France,Male,45,1,129855.32,1,0,0,24218.65,2,SILVER,917
721,France,Male,54,5,0.0,2,1,1,4493.12,5,DIAMOND,863
477,Germany,Male,34,8,139959.55,2,1,1,189875.83,4,DIAMOND,362
661,France,Female,31,3,136067.82,2,1,0,65567.91,3,GOLD,796
711,Spain,Male,38,3,128718.78,1,0,0,114793.45,4,SILVER,862
762,Germany,Male,34,4,88815.56,2,1,0,68562.26,2,SILVER,448
644,Spain,Male,37,9,0.0,2,1,1,96442.86,2,DIAMOND,577
850,Spain,Female,45,2,122311.21,1,1,1,19482.5,5,GOLD,739
658,France,Female,35,5,126397.66,1,0,0,156361.58,3,GOLD,501
638,Germany,Male,37,2,89728.86,2,1,1,37294.88,4,DIAMOND,799
691,Germany,Male,38,9,163965.69,2,0,1,103511.26,3,GOLD,801
707,Spain,Male,48,8,88441.64,1,1,1,119903.2,2,DIAMOND,244
601,Germany,Female,54,1,131039.97,2,1,1,199661.5,1,DIAMOND,929
481,France,Female,57,9,0.0,3,1,1,169719.35,3,SILVER,259
641,France,Female,36,5,66392.64,1,1,0,31106.67,1,SILVER,224
697,France,Female,38,1,182065.85,1,1,0,49503.5,1,GOLD,605
729,France,Female,38,7,0.0,2,0,0,45779.9,2,DIAMOND,606
651,Germany,Female,34,10,148962.46,1,1,0,66389.43,1,DIAMOND,907
640,France,Female,42,5,176099.13,1,1,1,8404.73,5,PLATINUM,380
677,Germany,Male,34,3,126729.41,1,1,1,26106.39,3,SILVER,439
633,France,Male,61,3,157201.48,1,0,1,50368.63,1,PLATINUM,343
659,France,Male,31,4,118342.26,1,0,0,161574.19,3,SILVER,391
763,France,Male,40,3,0.0,2,1,0,134281.11,3,GOLD,525
545,Germany,Female,60,7,128981.07,1,0,1,176924.21,5,GOLD,907
809,France,Male,24,7,109558.36,1,1,0,183515.13,5,GOLD,483
586,Spain,Female,33,7,0.0,2,1,1,168261.4,4,SILVER,554
596,France,Male,33,8,0.0,1,1,0,121189.3,5,GOLD,873
850,France,Female,31,4,0.0,2,1,1,33082.81,1,PLATINUM,898
470,Spain,Male,31,4,55732.92,2,1,1,103792.53,5,GOLD,397
506,Spain,Male,50,3,0.0,2,1,0,12016.79,3,DIAMOND,295
725,Spain,Female,36,4,118520.26,1,0,0,131173.9,1,PLATINUM,663
696,Germany,Male,38,6,142316.14,1,1,1,8018.49,1,GOLD,365
817,France,Male,34,5,129278.43,1,0,0,165562.84,1,DIAMOND,703
639,Germany,Male,27,3,150795.81,1,0,1,85208.93,3,GOLD,291
536,Germany,Male,23,6,92366.72,2,1,0,120661.71,2,DIAMOND,733
595,Germany,Female,45,9,106000.12,1,0,0,191448.96,1,PLATINUM,470
696,France,Male,29,8,0.0,2,1,0,191166.09,5,GOLD,921
512,Spain,Male,39,3,0.0,1,1,0,134878.19,3,SILVER,397
655,France,Female,45,7,57327.04,1,0,1,47349.0,3,SILVER,892
682,Spain,Female,58,4,0.0,1,1,0,176036.01,2,SILVER,495
549,Spain,Female,39,7,0.0,1,0,0,81259.25,2,GOLD,716
576,Germany,Female,36,8,166287.85,1,1,1,23305.85,5,PLATINUM,859
688,Germany,Male,29,9,144553.5,2,1,0,143454.95,4,SILVER,270
844,France,Female,29,8,0.0,2,0,0,147342.03,3,PLATINUM,807
725,Germany,Female,47,1,104887.43,1,0,0,86622.56,3,GOLD,312
767,France,Female,42,2,133616.39,1,1,0,28615.8,5,PLATINUM,584
667,Germany,Male,32,0,103846.65,1,1,0,20560.69,3,DIAMOND,225
592,France,Male,27,3,0.0,2,1,1,19645.65,5,PLATINUM,434
536,France,Male,46,1,65733.41,1,1,0,61094.53,2,SILVER,942
566,France,Female,42,6,0.0,1,1,0,180702.12,3,GOLD,420
543,France,Female,34,8,0.0,2,0,1,145601.8,5,SILVER,236
670,Spain,Female,32,3,0.0,2,1,0,46175.7,5,SILVER,325
667,Spain,Female,34,5,0.0,2,1,0,163830.64,5,DIAMOND,627
807,Germany,Male,47,1,171937.27,1,1,1,65636.92,4,SILVER,809
568,France,Male,51,4,0.0,3,1,1,66586.56,2,SILVER,573
508,France,Female,41,5,0.0,2,1,1,94170.84,3,PLATINUM,821
546,France,Female,47,8,0.0,1,1,1,66408.01,3,SILVER,432
649,Germany,Male,24,7,101195.23,1,0,0,133091.32,2,SILVER,536
577,Spain,Male,51,2,108867.0,1,0,0,140800.66,4,SILVER,456
631,Spain,Female,41,0,0.0,1,0,0,87959.83,2,PLATINUM,557
583,France,Male,36,8,0.0,2,0,1,5571.59,4,PLATINUM,623
603,Spain,Female,39,5,162390.52,2,1,0,54702.66,5,GOLD,293
564,Germany,Male,40,7,108407.34,1,1,1,83681.2,1,SILVER,370
710,Spain,Female,29,3,119670.18,1,1,0,188022.44,4,DIAMOND,913
559,France,Female,70,9,0.0,1,1,1,122996.76,4,DIAMOND,765
636,France,Male,42,2,0.0,2,1,1,55470.78,4,PLATINUM,991
472,Spain,Male,40,4,0.0,1,1,0,70154.22,4,DIAMOND,545
781,France,Male,20,0,125023.1,2,1,1,108301.45,3,PLATINUM,295
635,Spain,Male,24,4,0.0,2,1,1,70668.77,2,GOLD,506
850,France,Male,55,6,0.0,1,1,0,944.41,1,DIAMOND,583
665,France,Female,44,7,0.0,2,1,1,66548.58,3,GOLD,580
648,Germany,Male,44,9,111369.79,2,1,1,91947.74,1,PLATINUM,600
659,France,Male,35,6,0.0,2,1,1,58879.11,1,GOLD,710
507,Spain,Female,34,4,0.0,2,1,1,60688.38,3,DIAMOND,392
752,France,Female,36,2,119912.46,1,1,0,124354.92,4,PLATINUM,707
743,France,Female,30,1,127023.39,1,1,1,138780.89,4,GOLD,546
758,Germany,Male,41,10,79857.64,1,1,1,78088.17,3,DIAMOND,824
578,Spain,Male,28,4,0.0,2,0,0,6947.09,3,GOLD,849
507,France,Male,41,3,58820.32,2,1,1,138536.09,3,PLATINUM,895
722,Germany,Female,40,6,89175.06,2,0,1,152883.95,4,PLATINUM,984
556,France,Male,36,7,154872.08,2,1,1,32044.64,2,GOLD,554
492,Germany,Male,45,9,170295.04,2,0,0,164741.81,1,GOLD,594
707,Germany,Female,40,3,109628.44,1,1,0,189366.03,2,PLATINUM,361
655,Spain,Male,37,1,0.0,1,1,1,106040.97,5,GOLD,226
607,Germany,Female,24,2,109483.54,2,0,1,127560.77,3,GOLD,260
688,France,Male,26,0,0.0,2,1,0,105784.85,4,PLATINUM,827
732,France,Male,36,7,126195.81,1,1,1,133172.48,1,DIAMOND,549
701,France,Male,41,10,0.0,2,1,1,146257.77,4,PLATINUM,629
769,Germany,Female,34,7,137239.17,1,1,1,71379.92,2,SILVER,485
476,France,Female,32,6,111871.93,1,0,0,112132.86,3,GOLD,988
596,Spain,Male,41,5,0.0,2,0,1,141053.85,4,SILVER,906
700,Germany,Female,59,5,137648.41,1,1,0,142977.05,2,PLATINUM,839
550,France,Male,37,3,0.0,1,1,1,179670.31,3,GOLD,516
850,France,Male,68,5,169445.4,1,1,1,186335.07,4,PLATINUM,618
755,France,Male,34,3,0.0,2,1,1,158816.03,1,PLATINUM,671
658,Germany,Female,31,3,133003.03,1,0,1,146339.27,3,SILVER,879
673,Germany,Female,69,3,78833.15,2,1,1,37196.15,1,SILVER,795
656,France,Female,48,9,0.0,2,1,1,85240.61,5,PLATINUM,272
592,France,Male,28,2,116498.22,1,1,0,144290.25,4,DIAMOND,238
740,Spain,Female,31,8,0.0,2,0,0,86657.48,1,GOLD,814
606,Germany,Male,27,2,130274.26,2,1,0,147533.09,5,GOLD,915
638,France,Male,34,5,133501.36,1,0,1,155643.04,1,GOLD,355
730,Spain,Male,26,3,0.0,1,1,0,34542.41,3,GOLD,805
578,Germany,Female,36,8,129745.1,1,1,1,143683.75,2,DIAMOND,594
654,Germany,Male,31,5,150593.59,2,1,1,105218.45,2,DIAMOND,937
587,Spain,Male,48,1,0.0,2,1,1,8908.0,5,DIAMOND,660
762,Spain,Female,35,3,119349.69,3,1,1,47114.18,5,DIAMOND,253
663,Germany,Male,49,7,116150.65,3,1,1,84358.71,5,DIAMOND,670
558,France,Male,32,10,105000.23,1,1,0,190019.61,1,SILVER,644
655,Germany,Male,34,7,118028.35,1,1,0,51226.32,2,SILVER,573
641,France,Female,42,7,125437.14,2,0,0,164128.58,3,PLATINUM,551
544,France,Male,40,8,0.0,2,1,0,61581.2,5,DIAMOND,408
410,France,Female,35,7,117183.74,1,1,1,109733.73,2,SILVER,677
543,Germany,Male,48,1,100900.5,1,0,0,33310.72,2,DIAMOND,751
653,France,Female,46,5,0.0,2,1,0,49707.85,1,PLATINUM,231
611,France,Female,46,5,0.0,1,1,0,77677.14,4,PLATINUM,749
635,Germany,Female,48,4,81556.89,2,1,0,191914.37,2,DIAMOND,488
555,France,Male,29,4,128744.04,1,1,1,47454.93,3,GOLD,899
485,France,Female,25,3,134467.26,1,1,1,113266.09,2,PLATINUM,734
793,France,Male,63,4,103729.79,2,1,1,80272.06,3,DIAMOND,650
541,France,Male,36,5,0.0,2,1,0,124795.84,2,PLATINUM,920
490,France,Male,29,4,0.0,2,1,0,32089.57,4,SILVER,824
809,France,Male,38,3,0.0,2,1,1,80061.31,3,DIAMOND,533
524,France,Male,32,1,144875.71,1,0,0,187740.04,1,DIAMOND,606
554,Spain,Male,46,4,0.0,2,0,1,57320.92,2,GOLD,262
647,Germany,Male,30,6,143138.91,2,1,0,2955.46,3,PLATINUM,896
437,France,Male,49,9,111634.29,2,0,1,166440.32,3,DIAMOND,805
562,Germany,Female,39,6,130565.02,1,1,0,9854.72,5,DIAMOND,481
620,France,Female,41,9,0.0,2,0,0,88852.47,3,DIAMOND,848
790,Spain,Male,37,6,0.0,2,1,1,119484.01,4,GOLD,413
787,France,Male,32,4,0.0,2,1,1,13238.93,2,PLATINUM,643
727,Spain,Male,28,1,0.0,1,1,0,40357.39,4,DIAMOND,979
690,Spain,Male,26,8,116318.23,1,1,1,83253.05,2,PLATINUM,713
815,France,Male,45,7,0.0,1,0,1,52885.23,5,SILVER,666
762,Germany,Male,46,6,123571.77,3,0,1,57014.17,5,DIAMOND,655
637,Germany,Male,41,2,138014.4,2,1,0,140298.24,1,GOLD,823
712,France,Female,32,1,0.0,2,1,0,1703.58,4,PLATINUM,670
675,France,Male,54,2,0.0,1,1,0,149583.67,5,SILVER,752
577,Germany,Female,31,4,61211.18,1,1,1,145250.43,2,GOLD,233
714,France,Female,52,2,0.0,1,0,1,144045.08,1,SILVER,604
590,France,Male,32,5,0.0,2,1,0,59249.83,4,GOLD,676
715,France,Female,38,5,118590.41,1,1,1,5684.17,4,GOLD,788
676,France,Male,35,5,106836.67,2,1,0,84199.78,3,DIAMOND,871
706,Germany,Male,36,9,58571.18,2,1,0,40774.01,4,PLATINUM,329
499,France,Female,46,6,0.0,2,1,0,73457.55,5,PLATINUM,809
554,France,Female,22,8,0.0,2,0,1,142670.61,4,SILVER,540
556,France,Female,46,10,0.0,2,0,0,109184.24,3,PLATINUM,950
706,Germany,Male,23,2,93301.97,2,0,1,127187.04,5,PLATINUM,963
706,Spain,Male,53,7,0.0,2,0,1,117939.17,2,DIAMOND,840
729,Spain,Female,45,7,91091.06,2,1,0,71133.12,1,PLATINUM,632
637,France,Female,41,9,0.0,2,1,0,145477.36,5,GOLD,624
825,France,Male,40,6,132308.22,1,0,0,117122.5,2,PLATINUM,465
485,Germany,Female,30,5,156771.68,1,1,1,141148.21,5,PLATINUM,644
612,Germany,Male,32,9,106520.73,2,1,0,177092.16,3,GOLD,821
600,Germany,Male,28,2,116623.31,1,0,1,59905.29,1,DIAMOND,589
730,Germany,Male,45,6,152880.97,1,0,0,162478.11,4,PLATINUM,856
775,France,Male,60,7,0.0,2,1,1,111558.7,1,SILVER,830
550,Germany,Male,38,2,103391.38,1,0,1,90878.13,3,DIAMOND,960
439,France,Female,43,8,0.0,1,0,1,104889.3,1,GOLD,663
614,Germany,Female,30,3,131344.52,2,1,0,54776.64,2,PLATINUM,636
850,Spain,Male,37,4,88141.1,1,1,0,109659.12,1,GOLD,228
717,France,Female,76,9,138489.66,1,1,1,68400.14,2,GOLD,860
653,France,Female,43,6,0.0,2,1,1,7330.59,5,DIAMOND,848
781,France,Female,19,3,0.0,2,1,1,124297.32,4,PLATINUM,581
605,France,Female,64,2,129555.7,1,1,1,13601.79,1,SILVER,380
555,Germany,Male,42,6,107104.5,1,1,1,41304.44,4,PLATINUM,824
714,France,Male,54,7,126113.28,1,1,0,112777.38,3,GOLD,699
665,France,Female,37,5,160389.82,1,0,1,183542.08,2,GOLD,661
526,France,Male,52,8,93590.47,1,0,1,21228.71,1,SILVER,589
543,France,Male,35,5,137482.19,1,0,0,62389.35,4,SILVER,742
596,Germany,Male,40,5,62389.03,3,1,0,148623.43,5,GOLD,791
742,Germany,Female,43,6,97067.69,1,0,1,60920.03,5,GOLD,375
577,Spain,Female,40,1,0.0,2,1,1,108787.0,1,GOLD,530
651,France,Female,33,1,96834.78,1,1,0,108764.69,4,GOLD,804
511,Spain,Female,57,8,122950.31,1,1,1,181258.76,2,GOLD,757
571,Germany,Male,33,3,71843.15,1,1,0,26772.04,5,DIAMOND,294
712,Germany,Male,28,4,145605.44,1,0,1,93883.53,3,PLATINUM,465
666,France,Female,27,1,85225.21,1,0,1,64511.44,4,SILVER,871
544,France,Male,64,9,113829.45,1,1,1,124341.49,3,GOLD,562
576,France,Male,55,9,0.0,2,1,1,94450.97,5,DIAMOND,610
689,Spain,Female,45,0,57784.22,1,1,0,197804.0,3,SILVER,709
730,France,Female,34,5,74197.38,2,1,0,96875.52,4,PLATINUM,402
627,France,Female,27,2,0.0,2,1,0,125451.01,3,DIAMOND,402
598,France,Male,60,4,0.0,1,1,0,197727.14,3,DIAMOND,361
710,Germany,Male,49,10,129164.88,1,1,1,193266.72,5,DIAMOND,890
850,Spain,Female,54,4,120952.74,1,1,0,66963.15,5,SILVER,396
725,France,Male,44,5,0.0,1,1,1,117356.14,4,SILVER,865
633,Spain,Male,63,4,114552.6,1,1,0,73856.28,5,SILVER,944
624,France,Male,42,3,145155.37,1,1,0,72169.95,2,PLATINUM,833
681,Spain,Female,37,6,121231.39,1,1,1,146366.08,4,GOLD,271
794,Spain,Male,45,8,88656.37,2,1,0,116547.31,4,DIAMOND,618
755,France,Male,23,5,84284.48,2,1,1,62851.6,5,DIAMOND,453
795,Germany,Male,37,2,139265.63,2,1,1,198745.94,1,PLATINUM,504
769,Germany,Female,31,7,148913.72,2,1,0,53817.23,5,SILVER,763
748,Germany,Female,27,2,90971.85,1,1,1,131662.47,3,GOLD,744
668,France,Female,31,9,0.0,2,0,0,41291.73,1,SILVER,448
583,Germany,Female,26,10,72835.56,2,1,0,96792.15,3,DIAMOND,485
748,France,Male,44,4,112610.77,1,0,1,2048.55,3,GOLD,315
613,Germany,Female,51,7,147262.11,1,1,1,53630.9,1,SILVER,669
715,Spain,Female,35,4,40169.88,2,1,1,199857.47,5,GOLD,484
630,France,Female,28,1,0.0,2,1,1,133267.78,3,GOLD,742
573,France,Female,33,0,90124.64,1,1,0,137476.71,5,DIAMOND,574
696,France,Female,25,8,126442.59,1,1,0,121904.44,4,SILVER,267
711,Germany,Female,45,1,97486.15,2,1,0,50610.62,4,GOLD,841
635,France,Male,29,7,105405.97,1,1,1,149853.89,2,PLATINUM,274
836,Spain,Female,37,10,0.0,2,1,0,111324.41,1,GOLD,645
568,Spain,Female,43,9,0.0,1,1,0,125870.79,1,PLATINUM,805
489,Germany,Female,52,1,131441.51,1,1,0,37240.11,4,GOLD,980
569,Germany,Female,28,3,100032.52,1,1,0,5159.21,3,DIAMOND,683
504,France,Male,42,3,134936.97,2,0,0,135178.91,2,DIAMOND,985
623,Spain,Male,44,1,83325.77,1,0,1,80828.78,1,DIAMOND,525
710,France,Male,47,5,158623.14,1,0,0,83499.89,2,PLATINUM,720
729,Spain,Male,37,10,0.0,2,1,0,100862.54,3,SILVER,829
682,Spain,Male,46,4,0.0,1,1,1,4654.28,5,SILVER,221
579,France,Male,38,8,0.0,2,0,0,91763.67,5,PLATINUM,835
606,Spain,Male,38,7,128578.52,1,1,1,193878.51,4,SILVER,260
602,France,Female,39,6,154121.32,2,1,0,176614.86,5,GOLD,815
651,Spain,Female,45,8,95922.9,1,1,0,84782.42,2,GOLD,591
529,France,Female,31,5,0.0,2,1,0,26817.23,3,DIAMOND,383
554,Spain,Female,34,8,0.0,1,0,1,106981.03,4,DIAMOND,539
760,Germany,Male,34,6,121303.77,2,1,1,59325.21,4,SILVER,791
485,France,Male,29,7,182123.79,1,1,0,116828.51,4,GOLD,583
641,Germany,Female,51,2,117306.69,4,1,1,26912.72,4,DIAMOND,300
849,Germany,Male,37,7,143452.74,2,1,1,17294.12,1,PLATINUM,923
721,Germany,Female,36,3,65253.07,2,1,0,28737.78,5,SILVER,751
660,Spain,Female,42,5,0.0,3,1,1,189016.24,5,GOLD,351
584,Germany,Female,41,3,88594.93,1,1,0,178997.89,3,SILVER,822
575,France,Male,46,1,0.0,2,1,1,65998.26,3,PLATINUM,725
539,Spain,Female,39,6,62052.28,1,0,1,59755.14,4,GOLD,693
512,Spain,Female,46,3,0.0,2,1,1,56408.14,4,PLATINUM,669
577,France,Male,25,3,0.0,2,0,1,124508.29,3,PLATINUM,659
548,Spain,Male,39,7,131468.44,1,1,0,164975.82,1,DIAMOND,668
850,France,Female,37,9,0.0,1,0,0,100101.06,5,DIAMOND,814
721,Spain,Female,46,7,137933.39,1,1,1,67976.57,4,GOLD,249
714,France,Female,72,3,0.0,1,1,1,86733.61,4,SILVER,354
606,Germany,Male,45,5,63832.43,1,1,1,93707.8,5,SILVER,940
570,Germany,Male,29,4,122028.65,2,1,1,173792.77,3,GOLD,456
788,Spain,Male,36,10,109632.85,1,1,1,16149.13,4,GOLD,283
610,France,Female,31,6,107784.65,1,1,1,141137.53,4,PLATINUM,998
598,Germany,Female,27,10,171283.91,1,1,1,84136.12,5,GOLD,508
712,Spain,Male,52,9,0.0,1,1,1,117977.45,1,GOLD,294
525,Germany,Female,47,1,118087.68,1,1,0,88120.78,3,DIAMOND,310
543,France,Male,42,7,0.0,1,1,1,56650.47,5,SILVER,716
538,Spain,Male,43,5,0.0,2,1,0,126933.73,4,DIAMOND,587
657,Spain,Male,34,5,154983.98,1,1,0,27738.01,2,PLATINUM,762
621,France,Female,43,5,0.0,1,1,1,47578.45,1,SILVER,777
705,France,Female,24,7,100169.51,1,1,0,121408.55,1,SILVER,566
772,Germany,Male,34,7,111565.91,1,1,1,121073.23,1,GOLD,887
602,Spain,Male,37,3,107592.89,2,0,1,153122.73,3,GOLD,493
784,Spain,Male,33,10,0.0,2,1,0,162022.47,3,PLATINUM,562
706,Spain,Female,37,7,0.0,2,1,1,110899.3,1,GOLD,799
639,Spain,Female,28,8,97840.72,1,1,1,178222.77,2,DIAMOND,260
552,Germany,Male,39,2,132906.88,1,0,1,149384.43,2,SILVER,718
599,Spain,Female,31,3,0.0,1,1,1,130086.47,4,GOLD,936
592,France,Female,66,5,149950.19,1,1,1,76267.59,4,DIAMOND,404
553,Spain,Female,48,3,0.0,1,0,1,30730.95,3,PLATINUM,421
662,France,Male,31,3,0.0,2,0,1,27731.05,2,SILVER,241
749,Germany,Female,44,0,71497.79,2,0,0,151083.8,1,SILVER,378
634,Spain,Female,35,10,0.0,1,1,0,82634.41,3,GOLD,557
644,Spain,Male,54,6,0.0,1,0,1,84622.37,5,GOLD,313
497,France,Male,47,6,0.0,1,1,1,90055.08,5,SILVER,592
550,Spain,Male,45,0,0.0,2,0,1,70399.71,1,SILVER,733
691,France,Male,38,7,0.0,2,0,0,81617.4,4,GOLD,833
519,Spain,Male,39,4,111900.14,1,1,1,97577.17,2,PLATINUM,377
730,France,Male,27,5,0.0,2,1,1,116081.93,3,GOLD,480
598,Germany,Female,50,5,88379.81,3,0,1,64157.24,5,DIAMOND,746
850,France,Male,42,0,0.0,2,1,0,44165.84,2,SILVER,377
630,France,Female,26,5,0.0,2,1,0,182612.38,5,DIAMOND,437
567,France,Female,23,9,93522.2,1,0,1,81425.61,5,SILVER,327
665,Germany,Female,43,2,116322.27,4,1,0,35640.12,5,GOLD,392
535,France,Female,27,6,0.0,2,0,1,49775.58,3,SILVER,786
493,France,Female,33,8,90791.69,1,1,1,59659.53,3,DIAMOND,865
722,Germany,Female,32,5,106807.64,1,1,1,76998.69,5,PLATINUM,659
727,France,Female,31,2,52192.08,2,0,1,160383.47,2,DIAMOND,759
642,Spain,Male,32,7,100433.8,1,1,1,39768.59,2,PLATINUM,479
697,Spain,Female,37,7,168066.87,1,1,0,35450.53,2,GOLD,231
500,France,Female,34,4,0.0,2,1,0,12833.96,2,DIAMOND,747
711,France,Female,28,8,0.0,2,0,0,105159.89,2,GOLD,459
505,Spain,Male,37,0,134006.39,1,1,1,93736.69,4,PLATINUM,274
670,Germany,Male,43,9,111677.88,1,1,0,178827.3,3,GOLD,597
545,Spain,Female,47,5,0.0,2,1,1,38970.14,4,PLATINUM,373
563,France,Female,35,2,183572.84,1,1,1,66006.75,2,SILVER,488
719,Spain,Female,33,7,0.0,2,1,0,20016.59,5,GOLD,282
553,France,Male,33,4,118082.89,1,0,0,94440.45,4,SILVER,221
739,France,Female,30,6,0.0,1,0,0,122604.44,2,SILVER,388
463,Spain,Male,20,8,204223.03,1,1,0,128268.39,2,SILVER,983
695,Germany,Male,27,6,125552.96,1,1,0,105291.26,1,SILVER,551
684,Spain,Female,38,3,134168.5,3,1,0,3966.5,5,DIAMOND,888
678,France,Female,22,6,118064.93,2,1,1,195424.01,3,GOLD,749
735,Germany,Male,28,5,160454.15,2,0,1,114957.22,2,PLATINUM,574
588,Spain,Male,46,8,0.0,1,1,0,61931.21,5,GOLD,950
598,Germany,Male,41,3,91536.93,1,1,0,191468.78,1,SILVER,980
474,Germany,Female,37,5,142688.57,2,1,1,110953.33,4,DIAMOND,822
579,Spain,Male,33,6,0.0,1,1,0,94993.04,4,PLATINUM,266
773,Spain,Male,37,2,103195.2,2,1,0,178268.36,4,SILVER,890
553,Germany,Male,35,2,158584.28,2,1,0,43640.16,1,GOLD,241
681,Spain,Female,32,3,0.0,2,1,1,59679.9,1,SILVER,526
850,France,Female,28,9,0.0,2,1,1,164864.67,4,GOLD,891
601,Germany,Male,43,3,141859.12,2,1,1,111249.62,5,GOLD,799
757,Germany,Male,30,6,105128.85,2,1,1,62972.13,2,DIAMOND,871
735,France,Female,25,3,91718.8,1,0,0,28411.23,3,PLATINUM,906
716,Germany,Male,27,1,122552.34,2,1,0,67611.36,5,GOLD,475
730,Spain,Female,39,6,140094.59,1,1,0,172450.04,4,GOLD,408
607,Germany,Male,61,2,164523.5,2,1,1,35786.76,1,DIAMOND,702
753,France,Male,32,6,177729.13,1,1,1,161642.08,3,SILVER,987
653,France,Female,27,9,0.0,2,1,0,96429.29,3,GOLD,834
693,Germany,Female,41,9,181461.48,3,1,1,187929.43,3,GOLD,430
469,France,Male,33,1,127818.52,1,1,0,163477.22,1,PLATINUM,933
744,Germany,Female,50,1,121498.11,2,0,1,106061.47,2,GOLD,271
674,Germany,Male,47,6,106901.94,1,1,1,2079.2,4,GOLD,363
713,France,Male,33,6,94598.48,1,0,0,197519.66,5,PLATINUM,621
580,Germany,Male,76,2,130334.84,2,1,1,51672.08,5,DIAMOND,756
622,France,Male,38,5,0.0,2,0,0,105295.77,1,SILVER,773
562,France,Male,33,6,0.0,2,1,0,111590.35,3,DIAMOND,933
658,Spain,Female,31,2,36566.96,1,1,0,103644.98,4,PLATINUM,953
648,France,Male,34,0,0.0,1,1,1,167931.81,1,PLATINUM,445
728,Germany,Male,32,5,61825.5,1,1,1,156124.93,5,GOLD,433
535,Germany,Male,38,8,127475.24,1,0,0,60775.76,2,SILVER,785
850,Spain,Male,35,7,110349.82,1,0,0,126355.8,2,PLATINUM,445
500,France,Female,34,6,0.0,1,1,1,140268.45,2,PLATINUM,523
757,France,Male,23,2,80673.96,2,1,0,93991.65,5,DIAMOND,277
786,France,Male,32,9,0.0,2,1,0,133112.41,1,SILVER,904
489,France,Female,47,8,103894.38,2,1,1,107625.46,4,DIAMOND,953
487,France,Female,34,2,96019.5,1,0,0,9085.0,2,GOLD,740
590,France,Male,31,8,112211.61,1,1,0,26261.42,3,GOLD,820
693,France,Male,40,4,130661.96,1,1,1,101918.96,3,SILVER,910
532,Germany,Male,52,3,110791.97,1,1,0,148704.77,4,DIAMOND,846
649,France,Female,45,5,92786.66,1,1,0,173365.9,1,GOLD,919
589,France,Male,34,6,0.0,2,1,1,177896.92,1,SILVER,261
590,France,Male,36,1,0.0,2,1,0,48876.84,1,SILVER,614
707,France,Male,73,6,66573.17,1,1,1,62768.8,3,GOLD,884
599,France,Male,28,7,119706.22,1,0,0,31190.42,1,PLATINUM,268
639,France,Male,66,0,0.0,2,0,1,42240.54,3,SILVER,877
665,France,Male,52,3,0.0,1,1,0,116137.01,1,GOLD,307
570,France,Male,30,2,131406.56,1,1,1,47952.45,1,GOLD,636
787,Spain,Female,39,7,171646.76,1,0,1,100791.36,4,GOLD,318
604,France,Male,33,3,148659.48,1,0,0,42437.75,5,DIAMOND,376
712,Germany,Male,53,6,134729.99,2,1,1,132702.64,2,DIAMOND,856
725,France,Male,41,7,113980.21,1,1,1,116704.25,4,DIAMOND,240
832,Germany,Female,40,9,107648.94,2,1,1,134638.97,2,PLATINUM,583
763,Spain,Female,39,7,0.0,2,1,0,19458.75,2,PLATINUM,311
709,France,Female,32,2,0.0,2,0,0,109681.29,5,DIAMOND,891
597,France,Female,60,0,131778.08,1,0,0,10703.53,4,SILVER,762
701,France,Male,37,1,0.0,2,1,0,163457.55,3,GOLD,947
692,France,Female,34,7,0.0,2,1,0,195074.62,1,DIAMOND,427
562,Spain,Female,35,0,0.0,2,1,0,119899.52,2,SILVER,814
682,France,Male,42,0,0.0,1,1,1,160828.98,5,SILVER,262
850,Spain,Male,38,7,115378.94,1,0,1,162087.82,3,DIAMOND,348
614,France,Female,27,9,106414.57,2,0,0,77500.81,2,SILVER,825
615,Spain,Male,51,6,81818.49,1,1,1,169149.38,3,SILVER,454
578,France,Female,35,2,0.0,2,0,1,26389.92,1,SILVER,579
779,France,Female,26,0,0.0,2,0,1,111906.0,2,DIAMOND,804
365,Germany,Male,30,0,127760.07,1,1,0,81537.85,4,DIAMOND,342
633,Germany,Male,43,3,144164.29,1,1,1,158646.46,1,SILVER,918
806,France,Male,34,5,113958.55,1,0,1,32125.98,3,DIAMOND,873
701,Germany,Male,41,9,164046.1,1,1,0,49405.93,5,SILVER,568
576,France,Male,40,9,0.0,2,1,0,112465.19,5,SILVER,359
850,Germany,Female,31,1,108822.4,1,1,1,132173.31,2,DIAMOND,747
850,France,Female,43,3,0.0,2,0,0,2465.8,4,GOLD,452
574,Germany,Female,43,3,141349.43,1,1,1,100187.43,5,DIAMOND,499
747,Germany,Male,36,8,102603.3,2,1,1,180693.61,3,GOLD,751
724,France,Male,28,9,0.0,2,1,1,100240.2,2,GOLD,664
760,France,Male,34,2,0.0,2,1,0,164162.44,4,SILVER,814
531,Germany,Female,42,6,88324.31,2,1,0,75248.75,1,DIAMOND,319
717,France,Male,48,7,123764.95,1,1,1,169952.82,5,DIAMOND,652
655,France,Female,37,7,111852.84,2,1,0,10511.13,3,SILVER,313
850,France,Male,58,8,156652.13,1,0,0,25899.21,3,PLATINUM,451
650,Germany,Male,26,4,214346.96,2,1,0,128815.33,2,GOLD,888
706,France,Female,35,8,178032.53,1,0,1,42181.68,1,GOLD,285
641,Germany,Male,41,7,104405.54,3,1,0,17384.21,5,SILVER,532
640,France,Male,44,3,137148.68,1,1,0,92381.01,1,PLATINUM,351
785,France,Male,36,2,0.0,1,0,1,61811.1,2,PLATINUM,607
749,Germany,Male,66,6,182532.23,2,1,1,195429.92,2,GOLD,283
653,Spain,Female,30,2,88243.29,2,1,1,96658.26,1,PLATINUM,875
803,Spain,Male,43,3,0.0,1,1,0,72051.44,4,SILVER,351
590,France,Female,45,2,81828.22,1,1,0,52167.97,1,SILVER,691
498,Germany,Male,37,8,108432.88,2,1,1,14865.05,3,DIAMOND,457
806,France,Male,40,5,80613.93,1,1,1,142838.64,1,SILVER,314
709,Germany,Male,45,4,122917.71,1,1,1,11.58,5,GOLD,254
686,France,Female,35,8,105419.73,1,1,0,35356.46,5,DIAMOND,887
730,France,Female,35,0,155470.55,1,1,1,53718.28,4,GOLD,500
657,Spain,Male,41,8,109402.13,1,1,1,66463.62,4,GOLD,988
647,Spain,Male,47,5,105603.21,2,1,1,157360.9,1,DIAMOND,364
470,France,Female,25,8,127974.06,2,1,1,183259.35,3,DIAMOND,360
647,Spain,Female,29,2,0.0,2,1,0,179032.68,1,DIAMOND,373
771,France,Male,27,2,0.0,2,1,1,199527.34,2,PLATINUM,918
681,France,Female,58,8,93173.88,1,1,1,139761.25,2,DIAMOND,797
759,France,Male,40,4,0.0,2,1,0,124615.59,1,SILVER,685
590,Germany,Male,36,6,92340.69,2,1,1,174667.58,5,PLATINUM,770
570,France,Female,46,3,0.0,2,0,0,820.46,3,SILVER,909
811,France,Male,46,9,180226.24,1,1,0,13464.64,3,PLATINUM,340
663,Germany,Male,32,3,108586.86,1,1,1,182355.21,5,PLATINUM,723
591,Germany,Female,51,8,132508.3,1,1,1,161304.68,5,DIAMOND,752
422,Spain,Female,54,4,0.0,2,1,1,7166.71,5,PLATINUM,733
439,France,Female,29,6,156569.43,1,1,0,180598.66,2,GOLD,939
704,France,Male,50,4,165438.26,1,1,0,120770.75,4,GOLD,705
631,France,Male,29,2,0.0,2,1,1,18581.84,1,PLATINUM,821
799,Spain,Male,35,7,0.0,2,0,1,140780.8,4,PLATINUM,695
629,Germany,Female,37,1,35549.81,2,0,0,49676.33,3,PLATINUM,649
645,Germany,Female,41,2,138881.04,1,1,0,129936.53,2,GOLD,936
607,France,Male,31,8,0.0,2,1,1,43196.5,2,GOLD,738
585,Germany,Female,28,9,135337.49,2,1,1,40385.61,3,DIAMOND,972
580,Germany,Female,36,6,145387.32,2,1,1,169963.2,3,DIAMOND,635
586,France,Male,32,1,0.0,2,0,0,31635.99,5,GOLD,934
650,France,Female,27,6,0.0,2,1,0,1002.39,1,PLATINUM,789
699,Germany,Male,36,6,147137.74,1,1,1,33687.9,5,PLATINUM,504
654,France,Male,37,6,83568.55,1,1,0,47046.72,3,GOLD,752
796,Germany,Male,39,5,86350.87,2,0,0,105080.53,1,GOLD,570
526,Germany,Male,31,5,145537.21,1,1,0,132404.64,2,GOLD,537
693,France,Male,29,2,151352.74,1,0,0,197145.89,1,PLATINUM,248
601,Germany,Female,42,9,133636.16,1,0,1,103315.74,4,SILVER,336
739,France,Female,36,0,0.0,2,0,0,133465.57,2,GOLD,323
512,France,Female,36,3,84327.77,2,1,0,17675.36,5,PLATINUM,727
702,Germany,Female,60,5,138597.54,2,1,1,41536.59,4,GOLD,476
667,France,Male,48,2,0.0,1,1,0,43229.2,4,SILVER,487
707,Spain,Male,43,10,0.0,2,1,0,118368.2,1,GOLD,479
597,Spain,Female,30,2,119370.11,1,1,1,182726.22,4,SILVER,851
752,France,Male,49,2,78653.84,1,1,0,7698.6,2,SILVER,989
641,Germany,Female,40,2,110086.69,1,1,0,159773.14,4,DIAMOND,413
627,Germany,Male,52,1,76101.81,2,0,1,177238.35,4,PLATINUM,364
598,Spain,Male,39,1,0.0,2,1,0,159130.32,4,GOLD,493
562,France,Female,51,7,122822.0,2,0,0,32626.21,3,GOLD,461
700,Germany,Female,28,3,99705.69,2,0,0,146723.72,5,SILVER,435
675,Spain,Male,33,3,0.0,2,1,0,45348.08,5,GOLD,487
691,France,Male,58,3,0.0,1,0,1,194930.3,2,PLATINUM,974
640,Germany,Female,75,1,106307.91,2,0,1,113428.77,2,PLATINUM,703
560,France,Female,31,3,115141.18,1,1,0,39806.75,5,SILVER,558
534,France,Female,49,7,0.0,1,1,0,13566.48,4,DIAMOND,921
676,France,Male,37,10,106242.67,1,1,1,166678.28,5,GOLD,560
622,France,Male,32,5,179305.09,1,1,1,149043.78,4,GOLD,383
762,Spain,Female,60,10,168920.75,1,1,0,31445.03,4,SILVER,909
656,Spain,Male,26,4,139584.57,1,1,0,36308.93,4,SILVER,641
693,France,Male,37,1,0.0,2,1,1,82867.55,1,DIAMOND,502
801,France,Female,32,4,75170.54,1,1,1,37898.5,1,SILVER,451
572,France,Male,33,9,68193.72,1,1,0,19998.31,1,GOLD,269
613,Germany,Male,38,9,67111.65,1,1,0,78566.64,3,SILVER,599
814,France,Male,31,1,118870.92,1,1,0,101704.19,3,DIAMOND,400
625,Spain,Female,69,1,107569.96,1,1,1,182336.45,1,PLATINUM,850
610,France,Male,40,0,0.0,2,1,0,62232.6,5,GOLD,690
561,Spain,Male,28,6,123692.0,1,1,1,70548.96,4,GOLD,615
667,Germany,Male,43,1,103018.45,1,1,0,32462.39,4,DIAMOND,784
711,Spain,Male,36,8,0.0,2,1,0,55207.41,3,GOLD,410
677,France,Female,37,3,0.0,2,1,1,38252.25,3,PLATINUM,654
744,Germany,Male,32,4,96106.83,1,1,1,79812.77,5,DIAMOND,520
585,France,Female,38,5,0.0,1,1,1,87363.56,1,GOLD,822
686,France,Male,38,0,138131.34,1,0,1,115927.85,4,PLATINUM,385
539,Spain,Female,37,1,130922.81,2,0,0,2186.83,1,PLATINUM,319
571,France,Male,40,5,0.0,2,0,0,72849.29,2,SILVER,557
687,Germany,Male,33,9,135962.4,2,1,0,121747.96,1,PLATINUM,493
790,Spain,Male,32,3,0.0,1,1,0,91044.47,5,GOLD,730
594,Germany,Female,29,3,130830.22,1,1,0,61048.53,4,GOLD,873
634,Spain,Male,25,9,0.0,2,1,1,8227.91,2,GOLD,730
620,Spain,Female,43,2,0.0,2,1,0,20670.1,5,GOLD,540
592,France,Male,36,1,126477.42,1,0,0,179718.17,2,PLATINUM,956
520,Spain,Male,45,7,107023.03,1,1,0,32903.93,3,GOLD,469
800,France,Female,49,7,108007.36,1,0,0,47125.11,3,PLATINUM,855
686,Germany,Male,26,1,57422.62,1,1,1,79189.4,1,SILVER,612
659,Spain,Female,33,8,115409.6,1,0,1,1539.21,1,SILVER,595
590,France,Female,76,5,160979.68,1,0,1,13848.58,4,PLATINUM,924
645,France,Male,44,10,0.0,2,0,1,166707.22,4,PLATINUM,990
715,France,Female,32,10,0.0,2,1,0,60907.49,3,DIAMOND,852
595,Spain,Female,23,10,101126.66,2,0,0,37042.8,4,SILVER,586
728,France,Male,43,7,0.0,2,1,0,40023.7,4,DIAMOND,937
524,France,Female,36,10,0.0,2,1,0,109614.57,2,GOLD,375
507,France,Female,35,1,0.0,2,0,0,92131.54,5,GOLD,313
604,France,Male,26,8,149542.52,2,0,1,197911.52,1,SILVER,683
472,France,Female,26,5,0.0,2,1,0,108411.66,2,SILVER,893
838,Spain,Male,43,9,123105.88,2,1,0,145765.83,3,SILVER,376
650,Spain,Male,25,7,160599.06,2,1,1,28391.52,3,DIAMOND,268
775,France,Female,27,4,152309.37,1,1,0,104112.0,2,GOLD,591
637,France,Female,63,5,0.0,1,1,0,28092.77,1,PLATINUM,252
738,France,Male,49,6,106770.82,1,1,0,123499.27,1,PLATINUM,315
577,France,Male,41,6,0.0,1,1,1,167621.18,2,DIAMOND,545
648,Germany,Female,43,1,107963.38,1,0,0,186438.86,2,PLATINUM,463
636,France,Female,39,3,118336.14,1,1,0,184691.77,3,GOLD,349
528,France,Male,35,3,156687.1,1,1,0,199320.77,4,PLATINUM,982
622,France,Male,26,9,0.0,2,1,1,153237.59,3,PLATINUM,344
592,France,Male,28,5,137222.77,1,0,0,39608.58,4,DIAMOND,282
674,France,Male,45,7,144889.18,1,1,1,102591.9,2,SILVER,624
